Setting version...
Checking out linux-surface ref: arch-7.1.3-1...
Applying patch dkms-clang.patch...
patching file scripts/Makefile.clang
patching file scripts/Makefile.warn
Hunk #2 succeeded at 95 (offset -5 lines).
Applying surface patch 0001-secureboot.patch...
patching file arch/x86/boot/header.S
patching file Documentation/admin-guide/kernel-parameters.txt
Hunk #1 succeeded at 3541 (offset 3 lines).
patching file kernel/power/hibernate.c
Applying surface patch 0002-surface3.patch...
patching file drivers/platform/surface/surface3-wmi.c
patching file sound/soc/codecs/rt5645.c
patching file sound/soc/intel/common/soc-acpi-intel-cht-match.c
patching file drivers/input/touchscreen/surface3_spi.c
Applying surface patch 0003-mwifiex.patch...
patching file drivers/net/wireless/marvell/mwifiex/pcie.c
patching file drivers/net/wireless/marvell/mwifiex/pcie_quirks.c
patching file drivers/net/wireless/marvell/mwifiex/pcie_quirks.h
patching file drivers/net/wireless/marvell/mwifiex/pcie.c
patching file drivers/net/wireless/marvell/mwifiex/pcie_quirks.c
patching file drivers/net/wireless/marvell/mwifiex/pcie_quirks.h
patching file drivers/bluetooth/btusb.c
Hunk #3 succeeded at 4243 (offset 4 lines).
Applying surface patch 0004-ath10k.patch...
patching file drivers/net/wireless/ath/ath10k/core.c
Applying surface patch 0005-ipts.patch...
patching file drivers/misc/mei/hw-me-regs.h
patching file drivers/misc/mei/pci-me.c
patching file drivers/iommu/intel/iommu.c
patching file drivers/hid/Kconfig
Hunk #1 succeeded at 1469 (offset 3 lines).
patching file drivers/hid/Makefile
Hunk #1 succeeded at 186 (offset 6 lines).
patching file drivers/hid/ipts/Kconfig
patching file drivers/hid/ipts/Makefile
patching file drivers/hid/ipts/cmd.c
patching file drivers/hid/ipts/cmd.h
patching file drivers/hid/ipts/context.h
patching file drivers/hid/ipts/control.c
patching file drivers/hid/ipts/control.h
patching file drivers/hid/ipts/desc.h
patching file drivers/hid/ipts/eds1.c
patching file drivers/hid/ipts/eds1.h
patching file drivers/hid/ipts/eds2.c
patching file drivers/hid/ipts/eds2.h
patching file drivers/hid/ipts/hid.c
patching file drivers/hid/ipts/hid.h
patching file drivers/hid/ipts/main.c
patching file drivers/hid/ipts/mei.c
patching file drivers/hid/ipts/mei.h
patching file drivers/hid/ipts/receiver.c
patching file drivers/hid/ipts/receiver.h
patching file drivers/hid/ipts/resources.c
patching file drivers/hid/ipts/resources.h
patching file drivers/hid/ipts/spec-data.h
patching file drivers/hid/ipts/spec-device.h
patching file drivers/hid/ipts/spec-hid.h
patching file drivers/hid/ipts/thread.c
patching file drivers/hid/ipts/thread.h
Applying surface patch 0006-ithc.patch...
patching file drivers/iommu/intel/irq_remapping.c
patching file drivers/hid/Kconfig
Hunk #1 succeeded at 1471 (offset 3 lines).
patching file drivers/hid/Makefile
Hunk #1 succeeded at 188 (offset 6 lines).
patching file drivers/hid/ithc/Kbuild
patching file drivers/hid/ithc/Kconfig
patching file drivers/hid/ithc/ithc-debug.c
patching file drivers/hid/ithc/ithc-debug.h
patching file drivers/hid/ithc/ithc-dma.c
patching file drivers/hid/ithc/ithc-dma.h
patching file drivers/hid/ithc/ithc-hid.c
patching file drivers/hid/ithc/ithc-hid.h
patching file drivers/hid/ithc/ithc-legacy.c
patching file drivers/hid/ithc/ithc-legacy.h
patching file drivers/hid/ithc/ithc-main.c
patching file drivers/hid/ithc/ithc-quickspi.c
patching file drivers/hid/ithc/ithc-quickspi.h
patching file drivers/hid/ithc/ithc-regs.c
patching file drivers/hid/ithc/ithc-regs.h
patching file drivers/hid/ithc/ithc.h
Applying surface patch 0007-surface-sam.patch...
patching file drivers/rtc/Kconfig
patching file drivers/rtc/Makefile
patching file drivers/rtc/rtc-surface.c
patching file drivers/platform/surface/surface_aggregator_registry.c
Applying surface patch 0008-surface-sam-over-hid.patch...
patching file drivers/i2c/i2c-core-acpi.c
Hunk #1 succeeded at 664 (offset 1 line).
Hunk #2 succeeded at 786 (offset 1 line).
patching file drivers/platform/surface/Kconfig
patching file drivers/platform/surface/Makefile
patching file drivers/platform/surface/surfacebook1_dgpu_switch.c
Applying surface patch 0009-surface-button.patch...
patching file drivers/input/misc/soc_button_array.c
patching file drivers/platform/surface/surfacepro3_button.c
Applying surface patch 0010-surface-typecover.patch...
patching file drivers/usb/core/quirks.c
patching file drivers/hid/hid-multitouch.c
patching file drivers/hid/hid-multitouch.c
Applying surface patch 0011-surface-shutdown.patch...
patching file drivers/pci/pci-driver.c
patching file drivers/pci/quirks.c
Hunk #1 succeeded at 6482 (offset 101 lines).
patching file include/linux/pci.h
patching file drivers/pci/quirks.c
Hunk #1 succeeded at 6501 (offset 101 lines).
Hunk #2 succeeded at 6525 (offset 101 lines).
Applying surface patch 0012-surface-gpe.patch...
patching file drivers/platform/surface/surface_gpe.c
Applying surface patch 0013-cameras.patch...
patching file drivers/acpi/scan.c
Hunk #1 succeeded at 2246 (offset 2 lines).
patching file drivers/iommu/intel/iommu.c
patching file drivers/platform/x86/intel/int3472/tps68470.c
patching file drivers/media/i2c/ov7251.c
patching file drivers/media/v4l2-core/v4l2-async.c
patching file drivers/media/v4l2-core/v4l2-fwnode.c
patching file drivers/platform/x86/intel/int3472/tps68470.c
patching file include/linux/mfd/tps68470.h
patching file drivers/leds/Kconfig
Hunk #1 succeeded at 1020 (offset 10 lines).
patching file drivers/leds/Makefile
Hunk #1 succeeded at 95 (offset 1 line).
patching file drivers/leds/leds-tps68470.c
patching file drivers/media/i2c/dw9719.c
patching file drivers/media/i2c/ov13858.c
patching file drivers/media/i2c/ov5693.c
patching file drivers/media/pci/intel/ipu-bridge.c
patching file drivers/platform/x86/intel/int3472/discrete.c
patching file drivers/media/pci/intel/ipu-bridge.c
Applying surface patch 0014-amd-gpio.patch...
patching file arch/x86/kernel/acpi/boot.c
patching file arch/x86/kernel/acpi/boot.c
Applying surface patch 0015-hid-surface.patch...
patching file drivers/hid/Kconfig
Hunk #1 succeeded at 1162 (offset 3 lines).
patching file drivers/hid/Makefile
Hunk #1 succeeded at 184 with fuzz 1 (offset 6 lines).
patching file drivers/hid/hid-surface.c
patching file drivers/hid/hid-multitouch.c
Setting config...
Using ../config as base
Merging ../surface-7.1.config
Value of CONFIG_CRYPTO_USER_API_AEAD is redefined by fragment ../surface-7.1.config:
Previous value: CONFIG_CRYPTO_USER_API_AEAD=m
New value: # CONFIG_CRYPTO_USER_API_AEAD is not set

#
# merged configuration written to .config (needs make)
#
Enabling CachyOS config...
Selecting CACHYOS CPU scheduler...
Selecting 'full' LLVM level...
Setting tick rate to 1000Hz...
Selecting 'full' tick type...
Selecting 'full' preempt type...
Enabling KBUILD_CFLAGS -O3...
Selecting 'always' TRANSPARENT_HUGEPAGE config...
Enable USER_NS_UNPRIVILEGED
Rewrite configuration...
  SYNC    include/config/auto.conf
  HOSTCC  scripts/basic/fixdep
  HOSTCC  scripts/kconfig/conf.o
  HOSTCC  scripts/kconfig/confdata.o
  HOSTCC  scripts/kconfig/expr.o
  LEX     scripts/kconfig/lexer.lex.c
  YACC    scripts/kconfig/parser.tab.[ch]
  HOSTCC  scripts/kconfig/lexer.lex.o
  HOSTCC  scripts/kconfig/menu.o
  HOSTCC  scripts/kconfig/parser.tab.o
  HOSTCC  scripts/kconfig/preprocess.o
  HOSTCC  scripts/kconfig/symbol.o
  HOSTCC  scripts/kconfig/util.o
  HOSTLD  scripts/kconfig/conf
.config:11081:warning: symbol value 'm' invalid for MULTIPLEXER
.config:12271:warning: symbol value 'n' invalid for BOOTPARAM_SOFTLOCKUP_PANIC
.config:12283:warning: symbol value 'n' invalid for BOOTPARAM_HUNG_TASK_PANIC
*
* Restart config...
*
*
* RCU Subsystem
*
Make expert-level adjustments to RCU configuration (RCU_EXPERT) [Y/n/?] y
Force selection of NEED_SRCU_NMI_SAFE (FORCE_NEED_SRCU_NMI_SAFE) [N/y/?] n
Force selection of TASKS_RCU (FORCE_TASKS_RCU) [N/y/?] n
Force selection of Tasks Rude RCU (FORCE_TASKS_RUDE_RCU) [N/y/?] n
Force selection of Tasks Trace RCU (FORCE_TASKS_TRACE_RCU) [N/y/?] n
Override RCU Tasks Trace inclusion of read-side memory barriers (TASKS_TRACE_RCU_NO_MB) [Y/n/?] (NEW) 
Tree-based hierarchical RCU fanout value (RCU_FANOUT) [64] 64
Tree-based hierarchical RCU leaf-level fanout value (RCU_FANOUT_LEAF) [16] 16
Enable RCU priority boosting (RCU_BOOST) [Y/n/?] y
  Milliseconds to delay boosting after RCU grace-period start (RCU_BOOST_DELAY) [500] 500
  Perform RCU expedited work in a real-time kthread (RCU_EXP_KTHREAD) [N/y/?] n
Offload RCU callback processing from boot-selected CPUs (RCU_NOCB_CPU) [Y/?] y
  Offload RCU callback processing from all CPUs by default (RCU_NOCB_CPU_DEFAULT_ALL) [N/y/?] n
  Offload RCU callback from real-time kthread (RCU_NOCB_CPU_CB_BOOST) [N/y/?] n
  RCU callback lazy invocation functionality (RCU_LAZY) [Y/n/?] y
    Turn RCU lazy invocation off by default (RCU_LAZY_DEFAULT_OFF) [Y/n/?] y
RCU callback-batch backup time check (RCU_DOUBLE_CHECK_CB_TIME) [Y/n/?] y
*
* General setup
*
Kernel tweaks by CachyOS (CACHY) [Y/n/?] y
Compile also drivers which will not load (COMPILE_TEST) [N/y/?] n
Compile the kernel with warnings as errors (WERROR) [N/y/?] n
Local version - append to kernel release (LOCALVERSION) [] 
Automatically append version information to the version string (LOCALVERSION_AUTO) [Y/n/?] y
Build ID Salt (BUILD_SALT) [] 
Kernel compression mode
  1. Gzip (KERNEL_GZIP)
  2. Bzip2 (KERNEL_BZIP2)
  3. LZMA (KERNEL_LZMA)
  4. XZ (KERNEL_XZ)
  5. LZO (KERNEL_LZO)
  6. LZ4 (KERNEL_LZ4)
> 7. ZSTD (KERNEL_ZSTD)
choice[1-7?]: 7
Default init path (DEFAULT_INIT) [] 
Default hostname (DEFAULT_HOSTNAME) [cachyos] cachyos
System V IPC (SYSVIPC) [Y/n/?] y
POSIX Message Queues (POSIX_MQUEUE) [Y/n/?] y
General notification queue (WATCH_QUEUE) [Y/n/?] y
Enable process_vm_readv/writev syscalls (CROSS_MEMORY_ATTACH) [Y/n/?] y
Auditing support (AUDIT) [Y/?] y
Preemption Model
> 1. Preemptible Kernel (Low-Latency Desktop) (PREEMPT)
  2. Scheduler controlled preemption model (PREEMPT_LAZY)
choice[1-2?]: 1
Fully Preemptible Kernel (Real-Time) (PREEMPT_RT) [N/y/?] n
Preemption behaviour defined on boot (PREEMPT_DYNAMIC) [Y/n/?] y
Core Scheduling for SMT (SCHED_CORE) [Y/n/?] y
Extensible Scheduling Class (SCHED_CLASS_EXT) [Y/n/?] y
CPU isolation (CPU_ISOLATION) [Y/?] y
Kernel .config support (IKCONFIG) [Y/n/m/?] y
  Enable access to .config through /proc/config.gz (IKCONFIG_PROC) [Y/n/?] y
Enable kernel headers through /sys/kernel/kheaders.tar.xz (IKHEADERS) [M/n/y/?] m
Kernel log buffer size (16 => 64KB, 17 => 128KB) (LOG_BUF_SHIFT) [17] 17
CPU kernel log buffer size contribution (13 => 8 KB, 17 => 128KB) (LOG_CPU_MAX_BUF_SHIFT) [12] 12
Printk indexing debugfs interface (PRINTK_INDEX) [Y/n/?] y
Memory placement aware NUMA scheduler (NUMA_BALANCING) [Y/n/?] y
  Automatically enable NUMA aware memory/task placement (NUMA_BALANCING_DEFAULT_ENABLED) [Y/n/?] y
Checkpoint/restore support (CHECKPOINT_RESTORE) [Y/n/?] y
Automatic process group scheduling (SCHED_AUTOGROUP) [Y/n/?] y
Piece-Of-Cake Fast Idle CPU Selector (SCHED_POC_SELECTOR) [Y/n/?] (NEW) 
Kernel->user space relay support (formerly relayfs) (RELAY) [Y/?] y
Initial RAM filesystem and RAM disk (initramfs/initrd) support (BLK_DEV_INITRD) [Y/?] y
  Initramfs source file(s) (INITRAMFS_SOURCE) [] 
  Support initial ramdisk/ramfs compressed using gzip (RD_GZIP) [Y/n/?] y
  Support initial ramdisk/ramfs compressed using bzip2 (RD_BZIP2) [Y/n/?] y
  Support initial ramdisk/ramfs compressed using LZMA (RD_LZMA) [Y/n/?] y
  Support initial ramdisk/ramfs compressed using XZ (RD_XZ) [Y/n/?] y
  Support initial ramdisk/ramfs compressed using LZO (RD_LZO) [Y/n/?] y
  Support initial ramdisk/ramfs compressed using LZ4 (RD_LZ4) [Y/n/?] y
  Support initial ramdisk/ramfs compressed using ZSTD (RD_ZSTD) [Y/n/?] y
Boot config support (BOOT_CONFIG) [Y/?] y
  Force unconditional bootconfig processing (BOOT_CONFIG_FORCE) [N/y/?] n
  Embed bootconfig file in the kernel (BOOT_CONFIG_EMBED) [N/y/?] n
Length to try to wrap the cmdline when logged at boot (CMDLINE_LOG_WRAP_IDEAL_LEN) [1021] (NEW) 
Preserve cpio archive mtimes in initramfs (INITRAMFS_PRESERVE_MTIME) [Y/n/?] y
Compiler optimization level
  1. Optimize for performance (-O2) (CC_OPTIMIZE_FOR_PERFORMANCE)
> 2. Optimize more for performance (-O3) (CC_OPTIMIZE_FOR_PERFORMANCE_O3)
  3. Optimize for size (-Os) (CC_OPTIMIZE_FOR_SIZE)
choice[1-3?]: 2
Sysfs syscall support (SYSFS_SYSCALL) [N/y/?] n
*
* Configure standard kernel features (expert users)
*
Configure standard kernel features (expert users) (EXPERT) [N/y/?] n
  Enable rseq() system call (RSEQ) [Y/?] y
    Enable rseq-based time slice extension mechanism (RSEQ_SLICE_EXTENSION) [N/y/?] (NEW) 
  Load all symbols for debugging/ksymoops (KALLSYMS) [Y/?] y
    Test the basic functions and performance of kallsyms (KALLSYMS_SELFTEST) [N/y/?] n
    Include all symbols in kallsyms (KALLSYMS_ALL) [Y/n/?] y
Profiling support (PROFILING) [Y/n/?] y
*
* Live Update and Kexec HandOver
*
kexec handover (KEXEC_HANDOVER) [Y/n/?] y
  Enable Kexec Handover debug checks (KEXEC_HANDOVER_DEBUG) [N/y/?] n
  kexec handover debugfs interface (KEXEC_HANDOVER_DEBUGFS) [Y/n/?] (NEW) 
  Enable kexec handover by default (KEXEC_HANDOVER_ENABLE_DEFAULT) [N/y/?] (NEW) 
  Live Update Orchestrator (LIVEUPDATE) [N/y/?] (NEW) 
*
* Power management and ACPI options
*
Suspend to RAM and standby (SUSPEND) [Y/n/?] y
Hibernation (aka 'suspend to disk') (HIBERNATION) [Y/n/?] y
  Userspace snapshot device (HIBERNATION_SNAPSHOT_DEV) [Y/n/?] y
  Default compressor
  > 1. lzo (HIBERNATION_COMP_LZO)
    2. lz4 (HIBERNATION_COMP_LZ4)
  choice[1-2?]: 1
Default resume partition (PM_STD_PARTITION) [] 
Opportunistic sleep (PM_AUTOSLEEP) [N/y/?] n
Userspace opportunistic sleep (PM_USERSPACE_AUTOSLEEP) [N/y/?] n
User space wakeup sources interface (PM_WAKELOCKS) [N/y/?] n
User space interface for CPU system wakeup QoS (PM_QOS_CPU_SYSTEM_WAKEUP) [N/y/?] (NEW) 
Device power management core functionality (PM) [Y/?] y
  Power Management Debug Support (PM_DEBUG) [Y/n/?] y
    Extra PM attributes in sysfs for low-level debugging/testing (PM_ADVANCED_DEBUG) [N/y/?] n
    Test suspend/resume and wakealarm during bootup (PM_TEST_SUSPEND) [N/y/?] n
Suspend/resume event tracing (PM_TRACE_RTC) [Y/n/?] y
Enable workqueue power-efficient mode by default (WQ_POWER_EFFICIENT_DEFAULT) [Y/n/?] y
Energy Model for devices with DVFS (CPUs, GPUs, etc) (ENERGY_MODEL) [Y/n/?] y
*
* ACPI (Advanced Configuration and Power Interface) Support
*
ACPI (Advanced Configuration and Power Interface) Support (ACPI) [Y/n/?] y
  AML debugger interface (ACPI_DEBUGGER) [N/y/?] n
  ACPI Serial Port Console Redirection Support (ACPI_SPCR_TABLE) [Y/n/?] y
  ACPI Firmware Performance Data Table (FPDT) support (ACPI_FPDT) [Y/n/?] y
  Allow supported ACPI revision to be overridden (ACPI_REV_OVERRIDE_POSSIBLE) [Y/n/?] y
  Embedded Controller (ACPI_EC) [Y/n/?] y
    EC read/write access through /sys/kernel/debug/ec (ACPI_EC_DEBUGFS) [M/n/y/?] m
  AC Adapter (ACPI_AC) [Y/n/m/?] y
  Battery (ACPI_BATTERY) [Y/n/m/?] y
  Button (ACPI_BUTTON) [Y/n/m/?] y
  Video (ACPI_VIDEO) [M/?] m
  Fan (ACPI_FAN) [Y/m/?] y
  ACPI Time and Alarm (TAD) Device Support (ACPI_TAD) [M/n/y/?] m
  Dock (ACPI_DOCK) [Y/n/?] y
  Processor (ACPI_PROCESSOR) [Y/?] y
  IPMI (ACPI_IPMI) [M/n/?] m
  Processor Aggregator (ACPI_PROCESSOR_AGGREGATOR) [M/n/y/?] m
  Thermal Zone (ACPI_THERMAL) [Y/n/m/?] y
  Allow upgrading ACPI tables via initrd (ACPI_TABLE_UPGRADE) [Y/n/?] y
  Debug Statements (ACPI_DEBUG) [Y/n/?] y
  PCI slot detection driver (ACPI_PCI_SLOT) [Y/n/?] y
  Container and Module Devices (ACPI_CONTAINER) [Y/?] y
  Memory Hotplug (ACPI_HOTPLUG_MEMORY) [Y/n/?] y
  Smart Battery System (ACPI_SBS) [M/n/y/?] m
  Hardware Error Device (ACPI_HED) [Y/?] y
  Boottime Graphics Resource Table support (ACPI_BGRT) [Y/n/?] y
  ACPI NVDIMM Firmware Interface Table (NFIT) (ACPI_NFIT) [M/n/y/?] m
    Enable debug for NVDIMM security commands (NFIT_SECURITY_DEBUG) [N/y/?] n
  ACPI Heterogeneous Memory Attribute Table Support (ACPI_HMAT) [Y/?] y
  ACPI Platform Error Interface (APEI) (ACPI_APEI) [Y/?] y
    APEI Generic Hardware Error Source (ACPI_APEI_GHES) [Y/?] y
    APEI PCIe AER logging/recovering support (ACPI_APEI_PCIEAER) [Y/n/?] y
  APEI memory error recovering support (ACPI_APEI_MEMORY_FAILURE) [Y/n/?] y
  APEI Error INJection (EINJ) (ACPI_APEI_EINJ) [M/n/y/?] m
    CXL Error INJection Support (ACPI_APEI_EINJ_CXL) [Y/n/?] y
  NVIDIA GHES vendor record handler (ACPI_APEI_GHES_NVIDIA) [N/m/y/?] (NEW) 
  APEI Error Record Serialization Table (ERST) Debug Support (ACPI_APEI_ERST_DEBUG) [M/n/y/?] m
  Extended Error Log support (ACPI_EXTLOG) [M/n/y/?] m
  ACPI configfs support (ACPI_CONFIGFS) [M/n/y/?] m
  ACPI Platform Firmware Runtime Update and Telemetry (ACPI_PFRUT) [M/n/y/?] m
  ACPI PCC Address Space (ACPI_PCC) [Y/n/?] y
  ACPI FFH Address Space (ACPI_FFH) [Y/n/?] y
  ACPI operation region support for TPS68470 PMIC (TPS68470_PMIC_OPREGION) [Y/n/?] y
  Platform Runtime Mechanism Support (ACPI_PRMT) [Y/n/?] y
Cpuidle Driver for Intel Processors (INTEL_IDLE) [Y/n/?] y
*
* Memory Management options
*
Page allocator randomization (SHUFFLE_PAGE_ALLOCATOR) [Y/n/?] y
Disable heap randomization (COMPAT_BRK) [N/y/?] n
Allow for balloon memory migration (BALLOON_MIGRATION) [Y/n/?] (NEW) 
Allow for memory compaction (COMPACTION) [Y/?] y
Free page reporting (PAGE_REPORTING) [Y/?] y
NUMA page migration (NUMA_MIGRATION) [Y/n/?] (NEW) 
Maximum scale factor of PCP (Per-CPU pageset) batch allocate/free (PCP_BATCH_SCALE_MAX) [5] 5
Enable KSM for page merging (KSM) [Y/n/?] y
Low address space to protect from user allocation (DEFAULT_MMAP_MIN_ADDR) [65536] 65536
Enable recovery from hardware memory errors (MEMORY_FAILURE) [Y/n/?] y
  HWPoison pages injector (HWPOISON_INJECT) [M/n/y/?] m
Allocate a PMD sized folio for zeroing (PERSISTENT_HUGE_ZERO_FOLIO) [Y/n/?] y
*
* Transparent Hugepage Support
*
Transparent Hugepage Support (TRANSPARENT_HUGEPAGE) [Y/n/?] y
  Transparent Hugepage Support sysfs defaults
  > 1. always (TRANSPARENT_HUGEPAGE_ALWAYS)
    2. madvise (TRANSPARENT_HUGEPAGE_MADVISE)
    3. never (TRANSPARENT_HUGEPAGE_NEVER)
  choice[1-3?]: 1
  Shmem hugepage allocation defaults
  > 1. never (TRANSPARENT_HUGEPAGE_SHMEM_HUGE_NEVER) (NEW)
    2. always (TRANSPARENT_HUGEPAGE_SHMEM_HUGE_ALWAYS) (NEW)
    3. within_size (TRANSPARENT_HUGEPAGE_SHMEM_HUGE_WITHIN_SIZE) (NEW)
    4. advise (TRANSPARENT_HUGEPAGE_SHMEM_HUGE_ADVISE) (NEW)
  choice[1-4?]: 
  Tmpfs hugepage allocation defaults
  > 1. never (TRANSPARENT_HUGEPAGE_TMPFS_HUGE_NEVER) (NEW)
    2. always (TRANSPARENT_HUGEPAGE_TMPFS_HUGE_ALWAYS) (NEW)
    3. within_size (TRANSPARENT_HUGEPAGE_TMPFS_HUGE_WITHIN_SIZE) (NEW)
    4. advise (TRANSPARENT_HUGEPAGE_TMPFS_HUGE_ADVISE) (NEW)
  choice[1-4?]: 
  Read-only THP for filesystems (EXPERIMENTAL) (READ_ONLY_THP_FOR_FS) [Y/n/?] y
  No per-page mapcount (EXPERIMENTAL) (NO_PAGE_MAPCOUNT) [N/y/?] n
Contiguous Memory Allocator (CMA) [Y/?] y
  CMA debugfs interface (CMA_DEBUGFS) [Y/n/?] y
  CMA information through sysfs interface (CMA_SYSFS) [Y/n/?] y
  Maximum count of the CMA areas (CMA_AREAS) [7] 7
Page Block Order Upper Limit (PAGE_BLOCK_MAX_ORDER) [10] 10
Track memory changes (MEM_SOFT_DIRTY) [Y/n/?] y
Defer initialisation of struct pages to kthreads (DEFERRED_STRUCT_PAGE_INIT) [N/y/?] n
Enable idle page tracking (IDLE_PAGE_TRACKING) [Y/n/?] y
Device memory (pmem, HMM, etc...) hotplug support (ZONE_DEVICE) [Y/n/?] y
Unaddressable device memory (GPU memory, ...) (DEVICE_PRIVATE) [Y/?] y
Collect percpu memory statistics (PERCPU_STATS) [N/y/?] n
Enable infrastructure for get_user_pages()-related unit tests (GUP_TEST) [N/y/?] n
Enable a module to run time tests on dma_pool (DMAPOOL_TEST) [N/m/y/?] n
Anonymous VMA name support (ANON_VMA_NAME) [Y/n/?] y
Multi-Gen LRU (LRU_GEN) [Y/n/?] y
  Enable by default (LRU_GEN_ENABLED) [Y/n/?] y
  Full stats for debugging (LRU_GEN_STATS) [N/y/?] n
NUMA emulation (NUMA_EMU) [N/y/?] n
*
* Data Access Monitoring
*
DAMON: Data Access Monitoring Framework (DAMON) [Y/n/?] y
  Check sanity of DAMON code (DAMON_DEBUG_SANITY) [N/y/?] (NEW) 
  Data access monitoring operations for virtual address spaces (DAMON_VADDR) [Y/n/?] y
  Data access monitoring operations for the physical address space (DAMON_PADDR) [Y/n/?] y
DAMON sysfs interface (DAMON_SYSFS) [Y/n/?] y
Build DAMON-based reclaim (DAMON_RECLAIM) (DAMON_RECLAIM) [Y/n/?] y
Build DAMON-based LRU-lists sorting (DAMON_LRU_SORT) (DAMON_LRU_SORT) [Y/n/?] y
Build data access monitoring stat (DAMON_STAT) (DAMON_STAT) [Y/n/?] y
  Enable DAMON_STAT by default (DAMON_STAT_ENABLED_DEFAULT) [N/y/?] n
*
* Networking options
*
Packet socket (PACKET) [Y/n/m/?] y
  Packet: sockets monitoring interface (PACKET_DIAG) [M/n/y/?] m
PSP Security Protocol support (INET_PSP) [Y/n/?] y
Unix domain sockets (UNIX) [Y/n/?] y
  UNIX: out-of-bound messages (AF_UNIX_OOB) [Y/n/?] y
  UNIX: socket monitoring interface (UNIX_DIAG) [M/n/y/?] m
Transport Layer Security support (TLS) [M/y/?] m
  Transport Layer Security HW offload (TLS_DEVICE) [Y/n/?] y
  Transport Layer Security TCP stack bypass (TLS_TOE) [N/y/?] n
Transformation user configuration interface (XFRM_USER) [M/n/y/?] m
  Compatible ABI support (XFRM_USER_COMPAT) [N/m/?] n
Transformation virtual interface (XFRM_INTERFACE) [M/n/y/?] m
Transformation sub policy support (XFRM_SUB_POLICY) [Y/n/?] y
Transformation migrate database (XFRM_MIGRATE) [Y/?] y
Transformation statistics (XFRM_STATISTICS) [Y/n/?] y
PF_KEY sockets (deprecated) (NET_KEY) [M/n/y/?] m
  PF_KEY MIGRATE (NET_KEY_MIGRATE) [Y/n/?] y
IPsec IP-TFS/AGGFRAG (RFC 9347) encapsulation support (XFRM_IPTFS) [M/n/y/?] m
SMC socket protocol family (SMC) [M/n/?] m
  SMC: socket monitoring interface (SMC_DIAG) [M/n/?] m
  Generic eBPF hook for SMC handshake flow (SMC_HS_CTRL_BPF) [Y/n/?] (NEW) 
DIBS support (DIBS) [M/n/y/?] m
  intra-OS shortcut with dibs loopback (DIBS_LO) [Y/n/?] y
XDP sockets (XDP_SOCKETS) [Y/n/?] y
  XDP sockets: monitoring interface (XDP_SOCKETS_DIAG) [M/n/y/?] m
TCP/IP networking (INET) [Y/n/?] y
  IP: multicasting (IP_MULTICAST) [Y/n/?] y
  IP: advanced router (IP_ADVANCED_ROUTER) [Y/n/?] y
    FIB TRIE statistics (IP_FIB_TRIE_STATS) [Y/n/?] y
    IP: policy routing (IP_MULTIPLE_TABLES) [Y/n/?] y
    IP: equal cost multipath (IP_ROUTE_MULTIPATH) [Y/n/?] y
    IP: verbose route monitoring (IP_ROUTE_VERBOSE) [Y/n/?] y
  IP: kernel level autoconfiguration (IP_PNP) [N/y/?] n
  IP: tunneling (NET_IPIP) [M/n/y/?] m
  IP: GRE demultiplexer (NET_IPGRE_DEMUX) [M/n/y/?] m
  IP: GRE tunnels over IP (NET_IPGRE) [M/n/?] m
    IP: broadcast GRE over IP (NET_IPGRE_BROADCAST) [Y/n/?] y
  IP: multicast routing (IP_MROUTE) [Y/n/?] y
    IP: multicast policy routing (IP_MROUTE_MULTIPLE_TABLES) [Y/n/?] y
    IP: PIM-SM version 1 support (IP_PIMSM_V1) [Y/n/?] y
    IP: PIM-SM version 2 support (IP_PIMSM_V2) [Y/n/?] y
  IP: TCP syncookie support (SYN_COOKIES) [Y/?] y
  Virtual (secure) IP: tunneling (NET_IPVTI) [M/n/y/?] m
  IP: Foo (IP protocols) over UDP (NET_FOU) [M/y/?] m
  IP: FOU encapsulation of IP tunnels (NET_FOU_IP_TUNNELS) [Y/n/?] y
  IP: AH transformation (INET_AH) [M/n/y/?] m
  IP: ESP transformation (INET_ESP) [M/n/y/?] m
    IP: ESP transformation offload (INET_ESP_OFFLOAD) [M/n/?] m
    IP: ESP in TCP encapsulation (RFC 8229) (INET_ESPINTCP) [Y/n/?] y
  IP: IPComp transformation (INET_IPCOMP) [M/n/y/?] m
  INET: socket monitoring interface (INET_DIAG) [M/n/y/?] m
    UDP: socket monitoring interface (INET_UDP_DIAG) [M/n/?] m
    RAW: socket monitoring interface (INET_RAW_DIAG) [M/n/?] m
    INET: allow privileged process to administratively close sockets (INET_DIAG_DESTROY) [Y/n/?] y
  *
  * TCP: advanced congestion control
  *
  TCP: advanced congestion control (TCP_CONG_ADVANCED) [Y/n/?] y
    Binary Increase Congestion (BIC) control (TCP_CONG_BIC) [M/n/y/?] m
    CUBIC TCP (TCP_CONG_CUBIC) [Y/n/m/?] y
    TCP Westwood+ (TCP_CONG_WESTWOOD) [M/n/y/?] m
    H-TCP (TCP_CONG_HTCP) [M/n/y/?] m
    High Speed TCP (TCP_CONG_HSTCP) [M/n/y/?] m
    TCP-Hybla congestion control algorithm (TCP_CONG_HYBLA) [M/n/y/?] m
    TCP Vegas (TCP_CONG_VEGAS) [M/y/?] m
    TCP NV (TCP_CONG_NV) [M/n/y/?] m
    Scalable TCP (TCP_CONG_SCALABLE) [M/n/y/?] m
    TCP Low Priority (TCP_CONG_LP) [M/n/y/?] m
    TCP Veno (TCP_CONG_VENO) [M/n/y/?] m
    YeAH TCP (TCP_CONG_YEAH) [M/n/y/?] m
    TCP Illinois (TCP_CONG_ILLINOIS) [M/n/y/?] m
    DataCenter TCP (DCTCP) (TCP_CONG_DCTCP) [M/n/y/?] m
    CAIA Delay-Gradient (CDG) (TCP_CONG_CDG) [M/n/y/?] m
    BBR TCP (TCP_CONG_BBR) [M/n/y/?] m
    BBR3 TCP (TCP_CONG_BBR3) [N/m/y/?] (NEW) 
    Default TCP congestion control
    > 1. Cubic (DEFAULT_CUBIC)
      2. Reno (DEFAULT_RENO)
    choice[1-2?]: 1
  TCP: Authentication Option (RFC5925) (TCP_AO) [Y/n/?] y
  TCP: MD5 Signature Option support (RFC2385) (TCP_MD5SIG) [Y/n/?] y
  NetLabel subsystem support (NETLABEL) [Y/?] y
  MPTCP: Multipath TCP (MPTCP) [Y/n/?] y
    MPTCP: IPv6 support for Multipath TCP (MPTCP_IPV6) [Y/n/?] y
Security Marking (NETWORK_SECMARK) [Y/?] y
Timestamping in PHY devices (NETWORK_PHY_TIMESTAMPING) [Y/n/?] y
The Reliable Datagram Sockets Protocol (RDS) [M/n/y/?] m
  RDS over Infiniband (RDS_RDMA) [M/n/?] m
  RDS over TCP (RDS_TCP) [M/n/?] m
  RDS debugging messages (RDS_DEBUG) [N/y/?] n
Asynchronous Transfer Mode (ATM) (ATM) [M/n/y/?] m
  RFC1483/2684 Bridged protocols (ATM_BR2684) [M/n/?] m
    Per-VC IP filter kludge (ATM_BR2684_IPFILTER) [N/y/?] n
802.1d Ethernet Bridging (BRIDGE) [M/n/y/?] m
  IGMP/MLD snooping (BRIDGE_IGMP_SNOOPING) [Y/n/?] y
  VLAN filtering (BRIDGE_VLAN_FILTERING) [Y/n/?] y
  MRP protocol (BRIDGE_MRP) [Y/n/?] y
  CFM protocol (BRIDGE_CFM) [Y/n/?] y
  *
  * Distributed Switch Architecture
  *
  Distributed Switch Architecture (NET_DSA) [M/n/?] m
    No-op tag driver (NET_DSA_TAG_NONE) [M/?] m
    Tag driver for Atheros AR9331 SoC with built-in switch (NET_DSA_TAG_AR9331) [M/?] m
    Tag driver for Broadcom switches using in-frame headers (NET_DSA_TAG_BRCM) [M/?] m
    Tag driver for BCM63xx legacy switches using in-frame headers (NET_DSA_TAG_BRCM_LEGACY) [M/?] m
    Tag driver for BCM53xx legacy switches using in-frame headers (NET_DSA_TAG_BRCM_LEGACY_FCS) [M/?] m
    Tag driver for Broadcom switches using prepended headers (NET_DSA_TAG_BRCM_PREPEND) [M/?] m
    Tag driver for Hirschmann Hellcreek TSN switches (NET_DSA_TAG_HELLCREEK) [M/?] m
    Tag driver for Lantiq / Intel GSWIP switches (NET_DSA_TAG_GSWIP) [M/n/?] m
    Tag driver for Marvell switches using DSA headers (NET_DSA_TAG_DSA) [M/?] m
    Tag driver for Marvell switches using EtherType DSA headers (NET_DSA_TAG_EDSA) [M/?] m
    Tag driver for Mediatek switches (NET_DSA_TAG_MTK) [M/?] m
    Tag driver for MaxLinear MxL862xx switches (NET_DSA_TAG_MXL_862XX) [N/m/?] (NEW) 
    Tag driver for MaxLinear GSW1xx switches (NET_DSA_TAG_MXL_GSW1XX) [N/m/?] (NEW) 
    Tag driver for Microchip 8795/937x/9477/9893 families of switches (NET_DSA_TAG_KSZ) [M/?] m
    Tag driver for Ocelot family of switches, using NPI port (NET_DSA_TAG_OCELOT) [M/?] m
    Tag driver for Ocelot family of switches, using VLAN (NET_DSA_TAG_OCELOT_8021Q) [M/?] m
    Tag driver for Qualcomm Atheros QCA8K switches (NET_DSA_TAG_QCA) [M/?] m
    Tag driver for Realtek 4 byte protocol A tags (NET_DSA_TAG_RTL4_A) [M/n/?] m
    Tag driver for Realtek 8 byte protocol 4 tags (NET_DSA_TAG_RTL8_4) [M/n/?] m
    Tag driver for Renesas RZ/N1 A5PSW switch (NET_DSA_TAG_RZN1_A5PSW) [M/n/?] m
    Tag driver for SMSC/Microchip LAN9303 family of switches (NET_DSA_TAG_LAN9303) [M/?] m
    Tag driver for NXP SJA1105 switches (NET_DSA_TAG_SJA1105) [M/?] m
    Tag driver for switches using a trailer tag (NET_DSA_TAG_TRAILER) [M/?] m
    Tag driver for Microchip/Vitesse VSC73xx family of switches, using VLAN (NET_DSA_TAG_VSC73XX_8021Q) [M/?] m
    Tag driver for XRS700x switches (NET_DSA_TAG_XRS700X) [M/?] m
    Tag driver for Motorcomm YT921x switches (NET_DSA_TAG_YT921X) [N/m/?] (NEW) 
802.1Q/802.1ad VLAN Support (VLAN_8021Q) [M/n/y/?] m
  GVRP (GARP VLAN Registration Protocol) support (VLAN_8021Q_GVRP) [Y/n/?] y
  MVRP (Multiple VLAN Registration Protocol) support (VLAN_8021Q_MVRP) [Y/n/?] y
ANSI/IEEE 802.2 LLC type 2 Support (LLC2) [M/n/y/?] m
Appletalk protocol support (ATALK) [M/n/y/?] m
CCITT X.25 Packet Layer (X25) [N/m/y/?] n
LAPB Data Link Driver (LAPB) [N/m/y/?] n
Phonet protocols family (PHONET) [M/n/y/?] m
Data Center Bridging support (DCB) [Y/?] y
DNS Resolver support (DNS_RESOLVER) [M/y/?] m
B.A.T.M.A.N. Advanced Meshing Protocol (BATMAN_ADV) [M/n/y/?] m
  B.A.T.M.A.N. V protocol (BATMAN_ADV_BATMAN_V) [Y/n/?] y
  Bridge Loop Avoidance (BATMAN_ADV_BLA) [Y/n/?] y
  Distributed ARP Table (BATMAN_ADV_DAT) [Y/n/?] y
  Multicast optimisation (BATMAN_ADV_MCAST) [Y/n/?] y
  B.A.T.M.A.N. debugging (BATMAN_ADV_DEBUG) [N/y/?] n
  B.A.T.M.A.N. tracing support (BATMAN_ADV_TRACING) [N/y/?] n
Open vSwitch (OPENVSWITCH) [M/n/?] m
  Open vSwitch GRE tunneling support (OPENVSWITCH_GRE) [M/n/?] m
  Open vSwitch VXLAN tunneling support (OPENVSWITCH_VXLAN) [M/n/?] m
  Open vSwitch Geneve tunneling support (OPENVSWITCH_GENEVE) [M/n/?] m
Virtual Socket protocol (VSOCKETS) [M/n/y/?] m
  Virtual Sockets monitoring interface (VSOCKETS_DIAG) [M/n/?] m
  Virtual Sockets loopback transport (VSOCKETS_LOOPBACK) [M/n/?] m
  VMware VMCI transport for Virtual Sockets (VMWARE_VMCI_VSOCKETS) [M/n/?] m
  virtio transport for Virtual Sockets (VIRTIO_VSOCKETS) [M/n/?] m
Hyper-V transport for Virtual Sockets (HYPERV_VSOCKETS) [M/n/?] m
NETLINK: socket monitoring interface (NETLINK_DIAG) [M/n/y/?] m
High-availability Seamless Redundancy (HSR & PRP) (HSR) [M/n/y/?] m
Switch (and switch-ish) device support (NET_SWITCHDEV) [Y/?] y
L3 Master device support (NET_L3_MASTER_DEV) [Y/?] y
Qualcomm IPC Router support (QRTR) [M/y/?] m
  SMD IPC Router channels (QRTR_SMD) [M/n/?] m
  TUN device for Qualcomm IPC Router (QRTR_TUN) [M/n/?] m
  MHI IPC Router channels (QRTR_MHI) [M/?] m
NCSI interface support (NET_NCSI) [Y/n/?] y
  Get NCSI OEM MAC Address (NCSI_OEM_CMD_GET_MAC) [Y/n/?] y
  Keep PHY Link up (NCSI_OEM_CMD_KEEP_PHY) [Y/n/?] y
Use percpu variables to maintain network device refcount (PCPU_DEV_REFCNT) [Y/n/?] y
Maximum number of fragments per skb_shared_info (MAX_SKB_FRAGS) [17] 17
Receive packet steering (RPS) [Y/n/?] y
  Hardware acceleration of RFS (RFS_ACCEL) [Y/n/?] y
Network priority cgroup (CGROUP_NET_PRIO) [Y/n/?] y
Network classid cgroup (CGROUP_NET_CLASSID) [Y/?] y
Enable Byte Queue Limits (BQL) [Y/n/?] y
enable BPF STREAM_PARSER (BPF_STREAM_PARSER) [Y/n/?] y
Net flow limit (NET_FLOW_LIMIT) [Y/n/?] y
*
* PCI support
*
PCI support (PCI) [Y/n/?] y
  PCI Express Port Bus support (PCIEPORTBUS) [Y/n/?] y
    PCI Express Hotplug driver (HOTPLUG_PCI_PCIE) [Y/n/?] y
    PCI Express Advanced Error Reporting support (PCIEAER) [Y/n/?] y
      PCI Express error injection support (PCIEAER_INJECT) [M/n/y/?] m
      PCI Express ECRC settings control (PCIE_ECRC) [Y/n/?] y
  PCI Express ASPM control (PCIEASPM) [Y/?] y
    Default ASPM policy
    > 1. BIOS default (PCIEASPM_DEFAULT)
      2. Powersave (PCIEASPM_POWERSAVE)
      3. Power Supersave (PCIEASPM_POWER_SUPERSAVE)
      4. Performance (PCIEASPM_PERFORMANCE)
    choice[1-4?]: 1
  PCI Express Downstream Port Containment support (PCIE_DPC) [Y/n/?] y
  PCI Express Precision Time Measurement support (PCIE_PTM) [Y/n/?] y
  PCI Express Error Disconnect Recover support (PCIE_EDR) [Y/n/?] y
  Message Signaled Interrupts (MSI and MSI-X) (PCI_MSI) [Y/?] y
  PCI Debugging (PCI_DEBUG) [N/y/?] n
  Enable PCI resource re-allocation detection (PCI_REALLOC_ENABLE_AUTO) [N/y/?] n
  PCI Stub driver (PCI_STUB) [Y/n/m/?] y
  PCI PF Stub driver (PCI_PF_STUB) [M/n/y/?] m
  Xen PCI Frontend (XEN_PCIDEV_FRONTEND) [M/n/y/?] m
  PCI TSM: Device security protocol support (PCI_TSM) [Y/?] (NEW) y
  Enable PCI Data Object Exchange (DOE) support (PCI_DOE) [Y/?] y
  PCI IOV support (PCI_IOV) [Y/?] y
  Native PCIe Enclosure Management (PCI_NPEM) [Y/n/?] y
  PCI PRI support (PCI_PRI) [Y/?] y
  PCI PASID support (PCI_PASID) [Y/?] y
  TLP Processing Hints (PCIE_TPH) [Y/n/?] y
  PCI peer-to-peer transfer support (PCI_P2PDMA) [Y/n/?] y
  Hyper-V PCI Frontend (PCI_HYPERV) [M/n/?] m
  VGA Arbitration (VGA_ARB) [Y/?] y
    Maximum number of GPUs (VGA_ARB_MAX_GPUS) [10] 10
  Generic PCI Power Control driver for PCI slots and endpoints (PCI_PWRCTRL_GENERIC) [N/m/y/?] (NEW) 
  PCI Power Control driver for TC9563 PCIe switch (PCI_PWRCTRL_TC9563) [N/m/y/?] (NEW) 
*
* Generic Driver Options
*
Support for uevent helper (UEVENT_HELPER) [N/y/?] n
Maintain a devtmpfs filesystem to mount at /dev (DEVTMPFS) [Y/n/?] y
  Automount devtmpfs at /dev, after the kernel mounted the rootfs (DEVTMPFS_MOUNT) [Y/n/?] y
  Use nosuid,noexec mount options on devtmpfs (DEVTMPFS_SAFE) [Y/n/?] y
Default value for deferred_probe_timeout (DRIVER_DEFERRED_PROBE_TIMEOUT) [10] (NEW) 
Select only drivers that don't need compile-time external firmware (STANDALONE) [Y/n/?] y
Disable drivers features which enable custom firmware building (PREVENT_FIRMWARE_BUILD) [Y/n/?] y
Driver Core verbose debug messages (DEBUG_DRIVER) [N/y/?] n
Managed device resources verbose debug messages (DEBUG_DEVRES) [N/y/?] n
Test driver remove calls during probe (UNSTABLE) (DEBUG_TEST_DRIVER_REMOVE) [N/y/?] n
Build kernel module to test asynchronous driver probing (TEST_ASYNC_DRIVER_PROBE) [N/m/?] n
Enable verbose DMA_FENCE_TRACE messages (DMA_FENCE_TRACE) [N/y/?] n
sync_state() behavior defaults to timeout instead of strict (FW_DEVLINK_SYNC_STATE_TIMEOUT) [N/y/?] n
*
* fwctl device firmware access framework
*
fwctl device firmware access framework (FWCTL) [M/y/?] m
  bnxt control fwctl driver (FWCTL_BNXT) [N/m/?] (NEW) 
  mlx5 ConnectX control fwctl driver (FWCTL_MLX5) [M/n/?] m
  AMD/Pensando pds fwctl driver (FWCTL_PDS) [M/n/?] m
*
* Memory Technology Device (MTD) support
*
Memory Technology Device (MTD) support (MTD) [M/n/y/?] m
  MTD tests support (DANGEROUS) (MTD_TESTS) [N/m/?] n
  *
  * User Modules And Translation Layers
  *
  Caching block device access to MTD devices (MTD_BLOCK) [M/n/?] m
    Readonly block device access to MTD devices (MTD_BLOCK_RO) [N/m/?] n
  *
  * Note that in some cases UBI block is preferred. See MTD_UBI_BLOCK.
  *
  FTL (Flash Translation Layer) support (FTL) [N/m/?] n
  NFTL (NAND Flash Translation Layer) support (NFTL) [N/m/?] n
  INFTL (Inverse NAND Flash Translation Layer) support (INFTL) [N/m/?] n
  Resident Flash Disk (Flash Translation Layer) support (RFD_FTL) [N/m/?] n
  NAND SSFDC (SmartMedia) read only translation layer (SSFDC) [N/m/?] n
  SmartMedia/xD new translation layer (SM_FTL) [N/m/?] n
  Log panic/oops to an MTD buffer (MTD_OOPS) [N/m/?] n
  Log panic/oops to an MTD buffer based on pstore (MTD_PSTORE) [M/n/?] m
  Swap on MTD device support (MTD_SWAP) [N/m/?] n
  Retain master device when partitioned (MTD_PARTITIONED_MASTER) [Y/n/?] y
    Virtual concatenated MTD devices (MTD_VIRT_CONCAT) [N/y/?] (NEW) 
*
* NVME Support
*
NVM Express block device (BLK_DEV_NVME) [M/n/y/?] m
NVMe multipath support (NVME_MULTIPATH) [Y/n/?] y
NVMe verbose error reporting (NVME_VERBOSE_ERRORS) [Y/n/?] y
NVMe hardware monitoring (NVME_HWMON) [Y/n/?] y
NVM Express over Fabrics RDMA host driver (NVME_RDMA) [M/n/?] m
NVM Express over Fabrics FC host driver (NVME_FC) [M/n/y/?] m
NVM Express over Fabrics TCP host driver (NVME_TCP) [M/n/y/?] m
  NVMe over Fabrics TCP TLS encryption support (NVME_TCP_TLS) [Y/n/?] y
NVMe over Fabrics In-Band Authentication in host side (NVME_HOST_AUTH) [Y/n/?] y
NVMe Target support (NVME_TARGET) [M/n/y/?] m
  NVMe Target debugfs support (NVME_TARGET_DEBUGFS) [Y/n/?] y
  NVMe Target Passthrough support (NVME_TARGET_PASSTHRU) [Y/n/?] y
  NVMe loopback device support (NVME_TARGET_LOOP) [M/n/?] m
  NVMe over Fabrics RDMA target support (NVME_TARGET_RDMA) [M/n/?] m
  NVMe over Fabrics FC target driver (NVME_TARGET_FC) [M/n/?] m
    NVMe over Fabrics FC Transport Loopback Test driver (NVME_TARGET_FCLOOP) [M/n/?] m
  NVMe over Fabrics TCP target support (NVME_TARGET_TCP) [M/n/?] m
    NVMe over Fabrics TCP target TLS encryption support (NVME_TARGET_TCP_TLS) [Y/n/?] y
  NVMe over Fabrics In-band Authentication in target side (NVME_TARGET_AUTH) [Y/n/?] y
    NVMe over Fabrics In-band Authentication debug messages (NVME_TARGET_AUTH_DEBUG) [N/y/?] (NEW) 
*
* Misc devices
*
Analog Devices Digital Potentiometers (AD525X_DPOT) [M/n/y/?] m
  support I2C bus connection (AD525X_DPOT_I2C) [M/n/?] m
  support SPI bus connection (AD525X_DPOT_SPI) [M/n/?] m
Dummy IRQ handler (DUMMY_IRQ) [N/m/y/?] n
Device driver for IBM RSA service processor (IBM_ASM) [M/n/y/?] m
Sensable PHANToM (PCI) (PHANTOM) [M/n/y/?] m
RPMB partition interface (RPMB) [M/n/y/?] m
TI FPC202 Dual Port Controller (TI_FPC202) [M/n/y/?] m
TI Flash Media interface support (TIFM_CORE) [M/y/?] m
  TI Flash Media PCI74xx/PCI76xx host adapter support (TIFM_7XX1) [M/n/?] m
Integrated Circuits ICS932S401 (ICS932S401) [M/n/y/?] m
Enclosure Services (ENCLOSURE_SERVICES) [M/n/y/?] m
Ampere Computing SMPro error monitor driver (SMPRO_ERRMON) [M/n/?] m
Ampere Computing SMPro miscellaneous driver (SMPRO_MISC) [M/n/?] m
Channel interface driver for the HP iLO processor (HP_ILO) [M/n/y/?] m
Medfield Avago APDS9802 ALS Sensor module (APDS9802ALS) [M/n/y/?] m
Intersil ISL29003 ambient light sensor (ISL29003) [M/n/y/?] m
Intersil ISL29020 ambient light sensor (ISL29020) [M/n/y/?] m
Taos TSL2550 ambient light sensor (SENSORS_TSL2550) [M/n/y/?] m
BH1770GLC / SFH7770 combined ALS - Proximity sensor (SENSORS_BH1770) [M/n/y/?] m
APDS990X combined als and proximity sensors (SENSORS_APDS990X) [M/n/y/?] m
Honeywell HMC6352 compass (HMC6352) [M/n/y/?] m
Dallas DS1682 Total Elapsed Time Recorder with Alarm (DS1682) [M/n/y/?] m
VMware Balloon Driver (VMWARE_BALLOON) [M/n/?] m
Lattice ECP3 FPGA bitstream configuration via SPI (LATTICE_ECP3_CONFIG) [M/n/y/?] m
Generic on-chip SRAM driver (SRAM) [N/y/?] n
Synopsys DesignWare xData PCIe driver (DW_XDATA_PCIE) [M/n/y/?] m
PCI Endpoint Test driver (PCI_ENDPOINT_TEST) [M/n/y/?] m
Xilinx SDFEC 16 (XILINX_SDFEC) [M/n/y/?] m
NT synchronization primitive emulation (NTSYNC) [M/n/y/?] m
TI TPS6594 Error Signal Monitor support (TPS6594_ESM) [M/n/?] m
TI TPS6594 Pre-configurable Finite State Machine support (TPS6594_PFSM) [M/n/?] m
Nitro (Enclaves) Security Module support (NSM) [M/n/y/?] m
ENE CB710/720 Flash memory card reader support (CB710_CORE) [M/y/?] m
  Enable driver debugging (CB710_DEBUG) [N/y/?] n
STMicroelectronics LIS3LV02Dx three-axis digital accelerometer (I2C) (SENSORS_LIS3_I2C) [M/n/y/?] m
Altera FPGA firmware download module (ALTERA_STAPL) [M/y/?] m
Intel Management Engine Interface (INTEL_MEI) [M/n/y/?] m
  ME Enabled Intel Chipsets (INTEL_MEI_ME) [M/n/?] m
  Intel Trusted Execution Environment with ME Interface (INTEL_MEI_TXE) [M/n/?] m
  Intel MEI GSC embedded device (INTEL_MEI_GSC) [M/n/?] m
  Intel MEI CSC embedded device (INTEL_MEI_CSC) [N/m/?] (NEW) 
  Intel visual sensing controller device transport driver (INTEL_MEI_VSC_HW) [M/n/?] m
    Intel visual sensing controller device with ME interface (INTEL_MEI_VSC) [M/n/?] m
  Intel Late Binding (LB) support on ME Interface (INTEL_MEI_LB) [M/n/?] m
  Intel HDCP2.2 services of ME Interface (INTEL_MEI_HDCP) [M/n/?] m
  Intel PXP services of ME Interface (INTEL_MEI_PXP) [M/n/?] m
  Intel GSC Proxy services of ME Interface (INTEL_MEI_GSC_PROXY) [M/n/?] m
VMware VMCI Driver (VMWARE_VMCI) [M/n/y/?] m
Support for Broadcom VK Accelerators (BCM_VK) [M/n/y/?] m
  Enable tty ports on a Broadcom VK Accelerator device (BCM_VK_TTY) [Y/n/?] y
Alcor Micro/Alcor Link PCI-E card reader (MISC_ALCOR_PCI) [M/n/y/?] m
Realtek PCI-E card reader (MISC_RTSX_PCI) [M/n/y/?] m
Realtek USB card reader (MISC_RTSX_USB) [M/n/y/?] m
Accelerator Framework for User Land (UACCE) [M/n/y/?] m
pvpanic device support (PVPANIC) [Y/n/?] y
  pvpanic MMIO device support (PVPANIC_MMIO) [M/n/y/?] m
  pvpanic PCI device support (PVPANIC_PCI) [M/n/y/?] m
Microchip PCI1XXXX PCIe to GPIO Expander + OTP/EEPROM manager (GP_PCI1XXXX) [M/n/y/?] m
KEBA CP500 system FPGA support (KEBA_CP500) [M/n/y/?] m
KEBA CP500 LAN9252 configuration (KEBA_LAN9252) [M/n/?] m
*
* Distributed Switch Architecture drivers
*
Broadcom Starfighter 2 Ethernet switch support (NET_DSA_BCM_SF2) [M/n/?] m
DSA mock-up Ethernet switch chip support (NET_DSA_LOOP) [M/n/?] m
Hirschmann Hellcreek TSN Switch support (NET_DSA_HIRSCHMANN_HELLCREEK) [M/n/?] m
Lantiq / Intel GSWIP (NET_DSA_LANTIQ_GSWIP) [N/m/?] n
MaxLinear GSW1xx Ethernet switch support (NET_DSA_MXL_GSW1XX) [N/m/?] (NEW) 
MediaTek MT7530 and MT7531 Ethernet switch support (NET_DSA_MT7530) [M/n/?] m
  MediaTek MT7530 MDIO interface driver (NET_DSA_MT7530_MDIO) [M/n/?] m
  MediaTek MT7530 MMIO interface driver (NET_DSA_MT7530_MMIO) [M/n/?] m
Marvell 88E6060 ethernet switch chip support (NET_DSA_MV88E6060) [M/n/?] m
Marvell 88E6xxx Ethernet switch fabric support (NET_DSA_MV88E6XXX) [M/n/?] m
  PTP support for Marvell 88E6xxx (NET_DSA_MV88E6XXX_PTP) [Y/n/?] y
  LED support for Marvell 88E6xxx (NET_DSA_MV88E6XXX_LEDS) [Y/n/?] y
MaxLinear MxL862xx (NET_DSA_MXL862) [N/m/?] (NEW) 
Ocelot External Ethernet switch support (NET_DSA_MSCC_OCELOT_EXT) [M/n/?] m
Ocelot / Seville Ethernet switch support (NET_DSA_MSCC_SEVILLE) [M/n/?] m
Qualcomm Atheros AR9331 Ethernet switch support (NET_DSA_AR9331) [M/n/?] m
Qualcomm Atheros QCA8K Ethernet switch family support (NET_DSA_QCA8K) [M/n/?] m
  Qualcomm Atheros QCA8K Ethernet switch family LEDs support (NET_DSA_QCA8K_LEDS_SUPPORT) [Y/n/?] y
NXP SJA1105 Ethernet switch family support (NET_DSA_SJA1105) [M/n/?] m
  Support for the PTP clock on the NXP SJA1105 Ethernet switch (NET_DSA_SJA1105_PTP) [Y/n/?] y
    Support for the Time-Aware Scheduler on NXP SJA1105 (NET_DSA_SJA1105_TAS) [Y/n/?] y
      Support for Virtual Links on NXP SJA1105 (NET_DSA_SJA1105_VL) [Y/n/?] y
Arrow XRS7000X series switch in I2C mode (NET_DSA_XRS700X_I2C) [M/n/?] m
Arrow XRS7000X series switch in MDIO mode (NET_DSA_XRS700X_MDIO) [M/n/?] m
Micrel KS8995 family 5-ports 10/100 Ethernet switches (NET_DSA_KS8995) [M/n/?] m
SMSC/Microchip LAN9303 3-ports 10/100 ethernet switch in I2C managed mode (NET_DSA_SMSC_LAN9303_I2C) [M/n/?] m
Microchip LAN9303/LAN9354 3-ports 10/100 ethernet switch in MDIO managed mode (NET_DSA_SMSC_LAN9303_MDIO) [M/n/?] m
Vitesse VSC7385/7388/7395/7398 SPI mode support (NET_DSA_VITESSE_VSC73XX_SPI) [M/n/?] m
Vitesse VSC7385/7388/7395/7398 Platform mode support (NET_DSA_VITESSE_VSC73XX_PLATFORM) [M/n/?] m
Motorcomm YT9215 ethernet switch chip support (NET_DSA_YT921X) [N/m/?] (NEW) 
*
* Ethernet driver support
*
Ethernet driver support (ETHERNET) [Y/?] y
  3Com devices (NET_VENDOR_3COM) [Y/n/?] y
    3c590/3c900 series (592/595/597) "Vortex/Boomerang" support (VORTEX) [M/n/y/?] m
    3cr990 series "Typhoon" support (TYPHOON) [M/n/y/?] m
  Adaptec devices (NET_VENDOR_ADAPTEC) [Y/n/?] y
    Adaptec Starfire/DuraLAN support (ADAPTEC_STARFIRE) [M/n/y/?] m
  Agere devices (NET_VENDOR_AGERE) [Y/n/?] y
    Agere ET-1310 Gigabit Ethernet support (ET131X) [M/n/y/?] m
  Alacritech devices (NET_VENDOR_ALACRITECH) [Y/n/?] y
    Alacritech Slicoss support (SLICOSS) [M/n/y/?] m
  Altera Triple-Speed Ethernet MAC support (ALTERA_TSE) [M/n/y/?] m
  Amazon Devices (NET_VENDOR_AMAZON) [Y/n/?] y
    Elastic Network Adapter (ENA) support (ENA_ETHERNET) [M/n/?] m
  AMD devices (NET_VENDOR_AMD) [Y/n/?] y
    AMD 8111 (new PCI LANCE) support (AMD8111_ETH) [M/n/y/?] m
    AMD PCnet32 PCI support (PCNET32) [M/n/y/?] m
    AMD 10GbE Ethernet driver (AMD_XGBE) [M/n/?] m
      Data Center Bridging (DCB) support (AMD_XGBE_DCB) [Y/n/?] y
    AMD/Pensando Data Systems Core Device Support (PDS_CORE) [M/n/y/?] m
  aQuantia devices (NET_VENDOR_AQUANTIA) [Y/n/?] y
    aQuantia AQtion(tm) Support (AQTION) [M/n/?] m
  ARC devices (NET_VENDOR_ARC) [Y/n/?] y
  Asix devices (NET_VENDOR_ASIX) [Y/n/?] y
    Asix AX88796C-SPI support (SPI_AX88796C) [M/n/y/?] m
      SPI transfer compression (SPI_AX88796C_COMPRESSION) [Y/n/?] y
  Atheros devices (NET_VENDOR_ATHEROS) [Y/n/?] y
    Atheros L2 Fast Ethernet support (ATL2) [M/n/y/?] m
    Atheros/Attansic L1 Gigabit Ethernet support (ATL1) [M/n/y/?] m
    Atheros L1E Gigabit Ethernet support (ATL1E) [M/n/y/?] m
    Atheros L1C Gigabit Ethernet support (ATL1C) [M/n/y/?] m
    Qualcomm Atheros AR816x/AR817x support (ALX) [M/n/y/?] m
  Beckhoff CX5020 EtherCAT master support (CX_ECAT) [M/n/y/?] m
  Broadcom devices (NET_VENDOR_BROADCOM) [Y/?] y
    Broadcom 440x/47xx ethernet support (B44) [M/n/y/?] m
    Broadcom GENET internal MAC support (BCMGENET) [M/n/y/?] m
    QLogic bnx2 support (BNX2) [M/y/?] m
    QLogic CNIC support (CNIC) [M/y/?] m
    Broadcom Tigon3 support (TIGON3) [M/n/?] m
      Broadcom Tigon3 HWMON support (TIGON3_HWMON) [Y/n/?] y
    Broadcom NetXtremeII 10Gb support (BNX2X) [M/n/?] m
      Broadcom 578xx and 57712 SR-IOV support (BNX2X_SRIOV) [Y/n/?] y
    Broadcom SYSTEMPORT internal MAC support (SYSTEMPORT) [M/n/?] m
    Broadcom NetXtreme-C/E support (BNXT) [M/n/?] m
      Broadcom NetXtreme-C/E SR-IOV support (BNXT_SRIOV) [Y/n/?] y
      TC Flower offload support for NetXtreme-C/E (BNXT_FLOWER_OFFLOAD) [Y/n/?] y
      Data Center Bridging (DCB) Support (BNXT_DCB) [Y/n/?] y
      Broadcom NetXtreme-C/E HWMON support (BNXT_HWMON) [Y/n/?] y
    Broadcom ThorUltra Ethernet device support (BNGE) [M/n/y/?] m
  Cadence devices (NET_VENDOR_CADENCE) [Y/n/?] y
    Cadence MACB/GEM support (MACB) [M/n/?] m
      Use IEEE 1588 hwstamp (MACB_USE_HWSTAMP) [Y/n/?] y
      Cadence PCI MACB/GEM support (MACB_PCI) [M/n/?] m
  Cavium ethernet drivers (NET_VENDOR_CAVIUM) [Y/n/?] y
    Thunder Physical function driver (THUNDER_NIC_PF) [M/n/y/?] m
    Thunder Virtual function driver (THUNDER_NIC_VF) [M/n/y/?] m
    Thunder MAC interface driver (BGX) (THUNDER_NIC_BGX) [M/y/?] m
    Thunder MAC interface driver (RGX) (THUNDER_NIC_RGX) [M/y/?] m
    Cavium PTP coprocessor as PTP clock (CAVIUM_PTP) [M/n/?] m
    Cavium LiquidIO support (LIQUIDIO) [M/n/?] m
    Cavium LiquidIO VF support (LIQUIDIO_VF) [M/n/?] m
  Chelsio devices (NET_VENDOR_CHELSIO) [Y/?] y
    Chelsio 10Gb Ethernet support (CHELSIO_T1) [M/n/y/?] m
      Chelsio gigabit Ethernet support (CHELSIO_T1_1G) [Y/n/?] y
    Chelsio Communications T3 10Gb Ethernet support (CHELSIO_T3) [M/y/?] m
    Chelsio Communications T4/T5/T6 Ethernet support (CHELSIO_T4) [M/?] m
      Data Center Bridging (DCB) Support for Chelsio T4/T5/T6 cards (CHELSIO_T4_DCB) [Y/n/?] y
        Fibre Channel over Ethernet (FCoE) Support for Chelsio T5 cards (CHELSIO_T4_FCOE) [Y/n/?] y
    Chelsio Communications T4/T5/T6 Virtual Function Ethernet support (CHELSIO_T4VF) [M/n/y/?] m
    Chelsio Inline Crypto support (CHELSIO_INLINE_CRYPTO) [Y/n/?] y
      Chelsio IPSec XFRM Tx crypto offload (CHELSIO_IPSEC_INLINE) [M/n/?] m
      Chelsio Inline KTLS Offload (CHELSIO_TLS_DEVICE) [M/n/?] m
  Cisco devices (NET_VENDOR_CISCO) [Y/?] y
    Cisco VIC Ethernet NIC Support (ENIC) [M/y/?] m
  Cortina Gemini devices (NET_VENDOR_CORTINA) [Y/n/?] y
  Davicom devices (NET_VENDOR_DAVICOM) [Y/n/?] y
    DM9051 SPI support (DM9051) [M/n/y/?] m
  Digital Equipment devices (NET_VENDOR_DEC) [Y/n/?] y
    DEC - Tulip devices (NET_TULIP) [Y/n/?] y
      Early DECchip Tulip (dc2104x) PCI support (DE2104X) [M/n/y/?] m
        Descriptor Skip Length in 32 bit longwords (DE2104X_DSL) [0] 0
      DECchip Tulip (dc2114x) PCI support (TULIP) [M/n/y/?] m
        New bus configuration (TULIP_MWI) [Y/n/?] y
        Use PCI shared mem for NIC registers (TULIP_MMIO) [Y/n/?] y
        Use RX polling (NAPI) (TULIP_NAPI) [Y/n/?] y
          Use Interrupt Mitigation (TULIP_NAPI_HW_MITIGATION) [Y/n/?] y
      Winbond W89c840 Ethernet support (WINBOND_840) [M/n/y/?] m
      Davicom DM910x/DM980x support (DM9102) [M/n/y/?] m
      ULi M526x controller support (ULI526X) [M/n/y/?] m
      Xircom CardBus support (PCMCIA_XIRCOM) [M/n/y/?] m
  D-Link devices (NET_VENDOR_DLINK) [Y/n/?] y
    DL2000/TC902x/IP1000A-based Gigabit Ethernet support (DL2K) [M/n/y/?] m
    Sundance Alta support (SUNDANCE) [M/n/y/?] m
      Use MMIO instead of PIO (SUNDANCE_MMIO) [N/y/?] n
  Emulex devices (NET_VENDOR_EMULEX) [Y/?] y
    ServerEngines' 10Gbps NIC - BladeEngine (BE2NET) [M/y/?] m
      HWMON support for be2net driver (BE2NET_HWMON) [Y/n/?] y
      Support for BE2 chipsets (BE2NET_BE2) [Y/n/?] y
      Support for BE3 chipsets (BE2NET_BE3) [Y/n/?] y
      Support for Lancer chipsets (BE2NET_LANCER) [Y/n/?] y
      Support for Skyhawk chipsets (BE2NET_SKYHAWK) [Y/n/?] y
  Engleder devices (NET_VENDOR_ENGLEDER) [Y/n/?] y
    TSN endpoint support (TSNEP) [M/n/?] m
      TSN endpoint self test support (TSNEP_SELFTESTS) [N/y/?] n
  EZchip devices (NET_VENDOR_EZCHIP) [Y/n/?] y
  Fungible devices (NET_VENDOR_FUNGIBLE) [Y/n/?] y
    Fungible Ethernet device driver (FUN_ETH) [M/n/?] m
  Google Devices (NET_VENDOR_GOOGLE) [Y/n/?] y
    Google Virtual NIC (gVNIC) support (GVE) [M/n/?] m
  Hisilicon devices (NET_VENDOR_HISILICON) [Y/n/?] y
    Hisilicon BMC Gigabit Ethernet Device Support (HIBMCGE) [M/n/y/?] m
  Huawei devices (NET_VENDOR_HUAWEI) [Y/n/?] y
    Huawei Intelligent PCIE Network Interface Card (HINIC) [M/n/y/?] m
    Huawei 3rd generation network adapters (HINIC3) support (HINIC3) [M/n/y/?] m
  Intel (82586/82593/82596) devices (NET_VENDOR_I825XX) [Y/n/?] y
  Intel devices (NET_VENDOR_INTEL) [Y/n/?] y
    Intel(R) PRO/100+ support (E100) [M/n/y/?] m
    Intel(R) PRO/1000 Gigabit Ethernet support (E1000) [M/n/y/?] m
    Intel(R) PRO/1000 PCI-Express Gigabit Ethernet support (E1000E) [M/n/?] m
      Support HW cross-timestamp on PCH devices (E1000E_HWTS) [Y/n/?] y
    Intel(R) 82575/82576 PCI-Express Gigabit Ethernet support (IGB) [M/n/?] m
      Intel(R) PCI-Express Gigabit adapters HWMON support (IGB_HWMON) [Y/n/?] y
      Direct Cache Access (DCA) Support (IGB_DCA) [Y/n/?] y
    Intel(R) 82576 Virtual Function Ethernet support (IGBVF) [M/n/y/?] m
    Intel(R) 10GbE PCI Express adapters support (IXGBE) [M/n/?] m
      Intel(R) 10GbE PCI Express adapters HWMON support (IXGBE_HWMON) [Y/n/?] y
      Direct Cache Access (DCA) Support (IXGBE_DCA) [Y/n/?] y
      Data Center Bridging (DCB) Support (IXGBE_DCB) [Y/n/?] y
      IPSec XFRM cryptography-offload acceleration (IXGBE_IPSEC) [N/y/?] n
    Intel(R) 10GbE PCI Express Virtual Function Ethernet support (IXGBEVF) [M/n/y/?] m
      IPSec XFRM cryptography-offload acceleration (IXGBEVF_IPSEC) [Y/n/?] y
    Intel(R) Ethernet Controller XL710 Family support (I40E) [M/n/?] m
      Data Center Bridging (DCB) Support (I40E_DCB) [Y/n/?] y
    Intel(R) Ethernet Adaptive Virtual Function support (I40EVF) [M/n/?] m
    Intel(R) Ethernet Connection E800 Series Support (ICE) [M/n/?] m
      Intel(R) Ethernet Connection E800 Series Support HWMON support (ICE_HWMON) [Y/n/?] y
      Switchdev Support (ICE_SWITCHDEV) [Y/n/?] y
      Support HW cross-timestamp on platforms with PTM support (ICE_HWTS) [Y/n/?] y
    Intel(R) FM10000 Ethernet Switch Host Interface Support (FM10K) [M/n/?] m
    Intel(R) Ethernet Controller I225-LM/I225-V support (IGC) [M/n/?] m
    Intel(R) Infrastructure Data Path Function Support (IDPF) [M/n/?] m
      idpf singleq support (IDPF_SINGLEQ) [N/y/?] n
  JMicron(R) PCI-Express Gigabit Ethernet support (JME) [M/n/y/?] m
  Analog Devices devices (NET_VENDOR_ADI) [Y/n/?] y
    Analog Devices ADIN1110 MAC-PHY (ADIN1110) [M/n/y/?] m
  LiteX devices (NET_VENDOR_LITEX) [Y/n/?] y
  Marvell devices (NET_VENDOR_MARVELL) [Y/n/?] y
    Marvell MDIO interface support (MVMDIO) [M/n/y/?] m
    Marvell Yukon Gigabit Ethernet support (SKGE) [M/n/y/?] m
      Debugging interface (SKGE_DEBUG) [N/y/?] n
      Support for older SysKonnect Genesis boards (SKGE_GENESIS) [Y/n/?] y
    Marvell Yukon 2 support (SKY2) [M/n/y/?] m
      Debugging interface (SKY2_DEBUG) [N/y/?] n
    Marvell Octeon PCI Endpoint NIC Driver (OCTEON_EP) [M/n/?] m
    Marvell Octeon PCI Endpoint NIC VF Driver (OCTEON_EP_VF) [M/n/y/?] m
    Marvell Prestera Switch ASICs support (PRESTERA) [M/n/?] m
      PCI interface driver for Marvell Prestera Switch ASICs family (PRESTERA_PCI) [M/n/?] m
  Mellanox devices (NET_VENDOR_MELLANOX) [Y/?] y
    Mellanox Technologies 1/10/40Gbit Ethernet support (MLX4_EN) [M/n/?] m
      Data Center Bridging (DCB) Support (MLX4_EN_DCB) [Y/n/?] y
    Support for old gen2 Mellanox PCI IDs (MLX4_CORE_GEN2) [Y/n/?] y
    Mellanox 5th generation network adapters (ConnectX series) core driver (MLX5_CORE) [M/n/?] m
      Mellanox Technologies Innova support (MLX5_FPGA) [Y/n/?] y
      Mellanox 5th generation network adapters (ConnectX series) Ethernet support (MLX5_CORE_EN) [Y/n/?] y
        Mellanox MLX5 ethernet accelerated receive flow steering (ARFS) support (MLX5_EN_ARFS) [Y/n/?] y
        Mellanox MLX5 ethernet rx nfc flow steering support (MLX5_EN_RXNFC) [Y/n/?] y
        Mellanox Technologies MLX5 MPFS support (MLX5_MPFS) [Y/n/?] y
        Mellanox Technologies MLX5 SRIOV E-Switch support (MLX5_ESWITCH) [Y/n/?] y
          MLX5 TC classifier action support (MLX5_CLS_ACT) [Y/n/?] y
            MLX5 TC connection tracking offload support (MLX5_TC_CT) [Y/n/?] y
            MLX5 TC sample offload support (MLX5_TC_SAMPLE) [Y/n/?] y
        Data Center Bridging (DCB) Support (MLX5_CORE_EN_DCB) [Y/n/?] y
        Mellanox 5th generation network adapters (connectX series) IPoIB offloads support (MLX5_CORE_IPOIB) [Y/n/?] y
        Connect-X support for MACSec offload (MLX5_MACSEC) [Y/n/?] y
        Mellanox Technologies IPsec Connect-X support (MLX5_EN_IPSEC) [Y/n/?] y
        Mellanox Technologies TLS Connect-X support (MLX5_EN_TLS) [Y/n/?] y
        Mellanox Technologies software-managed steering (MLX5_SW_STEERING) [Y/n/?] y
        Mellanox Technologies hardware-managed steering (MLX5_HW_STEERING) [Y/n/?] y
        Mellanox Technologies subfunction device support using auxiliary device (MLX5_SF) [Y/n/?] y
      Mellanox 5th generation network adapters (ConnectX series) DPLL support (MLX5_DPLL) [M/n/?] m
    Mellanox Technologies support for PSP cryptography-offload acceleration (MLX5_EN_PSP) [Y/n/?] y
    Mellanox Technologies Switch ASICs support (MLXSW_CORE) [M/n/y/?] m
      HWMON support for Mellanox Technologies Switch ASICs (MLXSW_CORE_HWMON) [Y/n/?] y
      Thermal zone support for Mellanox Technologies Switch ASICs (MLXSW_CORE_THERMAL) [Y/n/?] y
      PCI bus implementation for Mellanox Technologies Switch ASICs (MLXSW_PCI) [M/n/?] m
      I2C bus implementation for Mellanox Technologies Switch ASICs (MLXSW_I2C) [M/n/?] m
      Mellanox Technologies Spectrum family support (MLXSW_SPECTRUM) [M/n/?] m
        Data Center Bridging (DCB) support (MLXSW_SPECTRUM_DCB) [Y/n/?] y
      Mellanox Technologies minimal I2C support (MLXSW_MINIMAL) [M/n/?] m
    Mellanox Technologies firmware flash module (MLXFW) [M/y/?] m
  Meta Platforms devices (NET_VENDOR_META) [Y/n/?] y
    Meta Platforms Host Network Interface (FBNIC) [M/n/?] m
  Micrel devices (NET_VENDOR_MICREL) [Y/n/?] y
    Micrel KSZ8841/42 with generic bus interface (KS8842) [M/n/y/?] m
    Micrel KS8851 SPI (KS8851) [M/n/?] m
    Micrel KS8851 MLL (KS8851_MLL) [M/n/?] m
    Micrel KSZ8841/2 PCI (KSZ884X_PCI) [M/n/y/?] m
  Microchip devices (NET_VENDOR_MICROCHIP) [Y/n/?] y
    ENC28J60 support (ENC28J60) [M/n/y/?] m
      Enable write verify (ENC28J60_WRITEVERIFY) [N/y/?] n
    ENCX24J600 support (ENCX24J600) [M/n/y/?] m
    LAN743x support (LAN743X) [M/n/?] m
    LAN865x support (LAN865X) [M/n/y/?] m
    VCAP (Versatile Content-Aware Processor) library (VCAP) [Y/n/?] y
  Microsemi devices (NET_VENDOR_MICROSEMI) [Y/n/?] y
  Microsoft Network Devices (NET_VENDOR_MICROSOFT) [Y/n/?] y
    Microsoft Azure Network Adapter (MANA) support (MICROSOFT_MANA) [M/n/?] m
  Mucse devices (NET_VENDOR_MUCSE) [Y/n/?] (NEW) 
    Mucse(R) 1GbE PCI Express adapters support (MGBE) [N/m/y/?] (NEW) 
  Myricom devices (NET_VENDOR_MYRI) [Y/n/?] y
    Myricom Myri-10G Ethernet support (MYRI10GE) [M/n/y/?] m
      Direct Cache Access (DCA) Support (MYRI10GE_DCA) [Y/n/?] y
  Myson MTD-8xx PCI Ethernet support (FEALNX) [M/n/y/?] m
  National Instruments Devices (NET_VENDOR_NI) [Y/n/?] y
    National Instruments XGE management enet support (NI_XGE_MANAGEMENT_ENET) [M/n/y/?] m
  National Semiconductor devices (NET_VENDOR_NATSEMI) [Y/n/?] y
    National Semiconductor DP8381x series PCI Ethernet support (NATSEMI) [M/n/y/?] m
    National Semiconductor DP83820 support (NS83820) [M/n/y/?] m
  Netronome(R) devices (NET_VENDOR_NETRONOME) [Y/n/?] y
    Netronome(R) NFP4000/NFP6000 NIC driver (NFP) [M/n/?] m
      NFP4000/NFP6000 TC Flower offload support (NFP_APP_FLOWER) [Y/n/?] y
      NFP4000/NFP6000 Advanced buffer management NIC support (NFP_APP_ABM_NIC) [Y/n/?] y
      NFP IPsec crypto offload support (NFP_NET_IPSEC) [Y/n/?] y
      Debug support for Netronome(R) NFP4000/NFP6000 NIC drivers (NFP_DEBUG) [N/y/?] n
  National Semiconductor 8390 devices (NET_VENDOR_8390) [Y/n/?] y
    PCI NE2000 and clones support (see help) (NE2K_PCI) [M/n/y/?] m
    NE2000 compatible PCMCIA support (PCMCIA_PCNET) [M/n/?] m
  NVIDIA devices (NET_VENDOR_NVIDIA) [Y/n/?] y
    nForce Ethernet support (FORCEDETH) [M/n/y/?] m
  OKI Semiconductor devices (NET_VENDOR_OKI) [Y/n/?] y
  OpenCores 10/100 Mbps Ethernet MAC support (ETHOC) [M/n/y/?] m
  Pensando devices (NET_VENDOR_PENSANDO) [Y/n/?] y
    Pensando Ethernet IONIC Support (IONIC) [M/n/?] m
  QLogic devices (NET_VENDOR_QLOGIC) [Y/n/?] y
    QLogic QLA3XXX Network Driver Support (QLA3XXX) [M/n/y/?] m
    QLOGIC QLCNIC 1/10Gb Converged Ethernet NIC Support (QLCNIC) [M/n/y/?] m
      QLOGIC QLCNIC 83XX family SR-IOV Support (QLCNIC_SRIOV) [Y/n/?] y
      QLOGIC QLCNIC 82XX and 83XX family DCB Support (QLCNIC_DCB) [Y/n/?] y
      QLOGIC QLCNIC 82XX and 83XX family HWMON support (QLCNIC_HWMON) [Y/n/?] y
    NetXen Multi port (1/10) Gigabit Ethernet NIC (NETXEN_NIC) [M/n/y/?] m
    QLogic QED 25/40/100Gb core driver (QED) [M/n/y/?] m
    QLogic QED 25/40/100Gb SR-IOV support (QED_SRIOV) [Y/n/?] y
    QLogic QED 25/40/100Gb Ethernet NIC (QEDE) [M/n/?] m
  QLogic BR-series devices (NET_VENDOR_BROCADE) [Y/n/?] y
    QLogic BR-series 1010/1020/1860 10Gb Ethernet Driver support (BNA) [M/n/y/?] m
  Qualcomm devices (NET_VENDOR_QUALCOMM) [Y/n/?] y
    Qualcomm Technologies, Inc. EMAC Gigabit Ethernet support (QCOM_EMAC) [M/n/y/?] m
  RDC devices (NET_VENDOR_RDC) [Y/n/?] y
    RDC R6040 Fast Ethernet Adapter support (R6040) [M/n/y/?] m
  Realtek devices (NET_VENDOR_REALTEK) [Y/n/?] y
    RealTek RTL-8139 C+ PCI Fast Ethernet Adapter support (8139CP) [M/n/y/?] m
    RealTek RTL-8129/8130/8139 PCI Fast Ethernet Adapter support (8139TOO) [M/n/y/?] m
      Use PIO instead of MMIO (8139TOO_PIO) [N/y/?] n
      Support for uncommon RTL-8139 rev. K (automatic channel equalization) (8139TOO_TUNE_TWISTER) [Y/n/?] y
      Support for older RTL-8129/8130 boards (8139TOO_8129) [Y/n/?] y
      Use older RX-reset method (8139_OLD_RX_RESET) [N/y/?] n
    Realtek 8169/8168/8101/8125 ethernet support (R8169) [M/n/y/?] m
      Support for controlling the NIC LEDs (R8169_LEDS) [Y/n/?] y
    Realtek Automotive Switch 9054/9068/9072/9075/9068/9071 PCIe Interface support (RTASE) [M/n/y/?] m
  Renesas devices (NET_VENDOR_RENESAS) [Y/n/?] y
  Rocker devices (NET_VENDOR_ROCKER) [Y/n/?] y
    Rocker switch driver (EXPERIMENTAL) (ROCKER) [M/n/?] m
  Samsung Ethernet devices (NET_VENDOR_SAMSUNG) [Y/n/?] y
    Samsung 10G/2.5G/1G SXGBE Ethernet driver (SXGBE_ETH) [M/n/?] m
  SEEQ devices (NET_VENDOR_SEEQ) [Y/n/?] y
  Silan devices (NET_VENDOR_SILAN) [Y/n/?] y
    Silan SC92031 PCI Fast Ethernet Adapter driver (SC92031) [M/n/y/?] m
  Silicon Integrated Systems (SiS) devices (NET_VENDOR_SIS) [Y/n/?] y
    SiS 900/7016 PCI Fast Ethernet Adapter support (SIS900) [M/n/y/?] m
    SiS190/SiS191 gigabit ethernet support (SIS190) [M/n/y/?] m
  Solarflare devices (NET_VENDOR_SOLARFLARE) [Y/n/?] y
    Solarflare SFC9100/EF100-family support (SFC) [M/n/?] m
      Solarflare SFC9100-family MTD support (SFC_MTD) [Y/n/?] y
      Solarflare SFC9100-family hwmon support (SFC_MCDI_MON) [Y/n/?] y
      Solarflare SFC9100-family SR-IOV support (SFC_SRIOV) [Y/n/?] y
      Solarflare SFC9100-family MCDI logging support (SFC_MCDI_LOGGING) [Y/n/?] y
    Solarflare SFC4000 support (SFC_FALCON) [M/n/y/?] m
      Solarflare SFC4000 MTD support (SFC_FALCON_MTD) [Y/n/?] y
    Solarflare SFC9000 support (SFC_SIENA) [M/n/?] m
      Solarflare SFC9000-family MTD support (SFC_SIENA_MTD) [Y/n/?] y
      Solarflare SFC9000-family hwmon support (SFC_SIENA_MCDI_MON) [Y/n/?] y
      Solarflare SFC9000-family SR-IOV support (SFC_SIENA_SRIOV) [Y/n/?] y
      Solarflare SFC9000-family MCDI logging support (SFC_SIENA_MCDI_LOGGING) [Y/n/?] y
  SMC (SMSC)/Western Digital devices (NET_VENDOR_SMSC) [Y/n/?] y
    SMC EtherPower II (EPIC100) [M/n/y/?] m
    SMSC LAN911x/LAN921x families embedded ethernet support (SMSC911X) [M/n/y/?] m
    SMSC LAN9420 PCI ethernet adapter support (SMSC9420) [M/n/y/?] m
  Socionext ethernet drivers (NET_VENDOR_SOCIONEXT) [Y/n/?] y
  STMicroelectronics devices (NET_VENDOR_STMICRO) [Y/n/?] y
    STMicroelectronics Multi-Gigabit Ethernet driver (STMMAC_ETH) [M/n/?] m
      Support for STMMAC Selftests (STMMAC_SELFTESTS) [N/y/?] n
      STMMAC Platform bus support (STMMAC_PLATFORM) [M/n/?] m
        Generic driver for DWMAC (DWMAC_GENERIC) [M/n/?] m
      Intel GMAC support (DWMAC_INTEL) [M/n/?] m
      Motorcomm PCI DWMAC support (DWMAC_MOTORCOMM) [N/m/?] (NEW) 
      STMMAC PCI bus support (STMMAC_PCI) [M/n/?] m
  Sun devices (NET_VENDOR_SUN) [Y/n/?] y
    Sun Happy Meal 10/100baseT support (HAPPYMEAL) [M/n/y/?] m
    Sun GEM support (SUNGEM) [M/n/y/?] m
    Sun Cassini support (CASSINI) [M/n/y/?] m
    Sun Neptune 10Gbit Ethernet support (NIU) [M/n/y/?] m
  Synopsys devices (NET_VENDOR_SYNOPSYS) [Y/n/?] y
    Synopsys DWC Enterprise Ethernet (XLGMAC) driver support (DWC_XLGMAC) [M/n/y/?] m
      XLGMAC PCI bus support (DWC_XLGMAC_PCI) [M/n/?] m
  Tehuti devices (NET_VENDOR_TEHUTI) [Y/n/?] y
    Tehuti Networks 10G Ethernet (TEHUTI) [M/n/y/?] m
    Tehuti Networks TN40xx 10G Ethernet adapters (TEHUTI_TN40) [M/n/y/?] m
  Texas Instruments (TI) devices (NET_VENDOR_TI) [Y/n/?] y
    TI CPSW Phy mode Selection (DEPRECATED) (TI_CPSW_PHY_SEL) [N/y/?] n
    TI ThunderLAN support (TLAN) [M/n/y/?] m
  Vertexcom devices (NET_VENDOR_VERTEXCOM) [Y/n/?] y
    Vertexcom MSE102x SPI (MSE102X) [M/n/y/?] m
  VIA devices (NET_VENDOR_VIA) [Y/n/?] y
    VIA Rhine support (VIA_RHINE) [M/n/y/?] m
      Use MMIO instead of PIO (VIA_RHINE_MMIO) [Y/n/?] y
    VIA Velocity support (VIA_VELOCITY) [M/n/y/?] m
  Wangxun devices (NET_VENDOR_WANGXUN) [Y/n/?] y
    Wangxun(R) GbE PCI Express adapters support (NGBE) [M/n/?] m
    Wangxun(R) 10/25/40GbE PCI Express adapters support (TXGBE) [M/n/?] m
    Wangxun(R) 10/25/40G Virtual Function Ethernet support (TXGBEVF) [M/n/?] m
    Wangxun(R) GbE Virtual Function Ethernet support (NGBEVF) [M/n/?] m
  WIZnet devices (NET_VENDOR_WIZNET) [Y/n/?] y
    WIZnet W5100 Ethernet support (WIZNET_W5100) [M/n/y/?] m
    WIZnet W5300 Ethernet support (WIZNET_W5300) [M/n/y/?] m
    WIZnet interface mode
      1. Direct address bus mode (WIZNET_BUS_DIRECT)
      2. Indirect address bus mode (WIZNET_BUS_INDIRECT)
    > 3. Select interface mode in runtime (WIZNET_BUS_ANY)
    choice[1-3?]: 3
    WIZnet W5100/W5200/W5500 Ethernet support for SPI mode (WIZNET_W5100_SPI) [M/n/?] m
  Xilinx devices (NET_VENDOR_XILINX) [Y/n/?] y
    Xilinx 10/100 Ethernet Lite support (XILINX_EMACLITE) [M/n/y/?] m
    Xilinx 10/100/1000 AXI Ethernet support (XILINX_AXI_EMAC) [M/n/?] m
    Xilinx LL TEMAC (LocalLink Tri-mode Ethernet MAC) driver (XILINX_LL_TEMAC) [M/n/y/?] m
  Xircom devices (NET_VENDOR_XIRCOM) [Y/n/?] y
    Xircom 16-bit PCMCIA support (PCMCIA_XIRC2PS) [M/n/?] m
*
* CAN Device Drivers
*
CAN Device Drivers (CAN_DEV) [M/n/?] m
  Virtual Local CAN Interface (vcan) (CAN_VCAN) [M/n/?] m
  Virtual CAN Tunnel (vxcan) (CAN_VXCAN) [M/n/?] m
  CAN device drivers with Netlink support (CAN_NETLINK) [Y/n/?] y
    CAN bit-timing calculation (CAN_CALC_BITTIMING) [Y/n/?] y
    Serial / USB serial ELM327 based OBD-II Interfaces (can327) (CAN_CAN327) [M/n/?] m
    Dummy CAN (CAN_DUMMY) [N/m/?] (NEW) 
    Janz VMOD-ICAN3 Intelligent CAN controller (CAN_JANZ_ICAN3) [M/n/?] m
    Kvaser PCIe FD cards (CAN_KVASER_PCIEFD) [M/n/?] m
    Serial / USB serial CAN Adaptors (slcan) (CAN_SLCAN) [M/n/?] m
    CTU CAN-FD IP core PCI/PCIe driver (CAN_CTUCANFD_PCI) [M/n/?] m
    esd electronics gmbh CAN-PCI(e)/402 family (CAN_ESD_402_PCI) [M/n/?] m
    IFI CAN_FD IP (CAN_IFI_CANFD) [M/n/?] m
    PEAK-System PCAN-PCIe FD cards (CAN_PEAK_PCIEFD) [M/n/?] m
    Softing Gmbh CAN generic support (CAN_SOFTING) [M/n/?] m
      Softing Gmbh CAN pcmcia cards (CAN_SOFTING_CS) [M/n/?] m
  CAN devices debugging messages (CAN_DEBUG_DEVICES) [N/y/?] n
*
* Wireless LAN
*
Wireless LAN (WLAN) [Y/n/?] y
  ADMtek devices (WLAN_VENDOR_ADMTEK) [Y/n/?] y
    ADMtek ADM8211 support (ADM8211) [M/n/?] m
  Atheros/Qualcomm devices (WLAN_VENDOR_ATH) [Y/n/?] y
    Atheros wireless debugging (ATH_DEBUG) [N/y/?] n
    Atheros 5xxx wireless cards support (ATH5K) [M/n/?] m
      Atheros 5xxx debugging (ATH5K_DEBUG) [Y/n/?] y
      Atheros 5xxx tracer (ATH5K_TRACER) [Y/n/?] y
    Atheros 5xxx PCI bus support (ATH5K_PCI) [Y/?] y
    Atheros bluetooth coexistence support (ATH9K_BTCOEX_SUPPORT) [Y/n/?] y
    Atheros 802.11n wireless cards support (ATH9K) [M/n/?] m
      Atheros ath9k PCI/PCIe bus support (ATH9K_PCI) [Y/n/?] y
      Atheros ath9k debugging (ATH9K_DEBUGFS) [Y/n/?] y
        Detailed station statistics (ATH9K_STATION_STATISTICS) [Y/n/?] y
      Atheros ath9k ACK timeout estimation algorithm (ATH9K_DYNACK) [Y/n/?] y
      Wake on Wireless LAN support (EXPERIMENTAL) (ATH9K_WOW) [Y/n/?] y
      Channel Context support (ATH9K_CHANNEL_CONTEXT) [Y/n/?] y
    Atheros ath9k pci loader for EEPROM-less chips (ATH9K_PCI_NO_EEPROM) [M/n/y/?] m
    Atheros HTC based wireless cards support (ATH9K_HTC) [M/n/?] m
      Atheros ath9k_htc debugging (ATH9K_HTC_DEBUGFS) [Y/n/?] y
    Random number generator support (ATH9K_HWRNG) [Y/n/?] y
    Atheros ath9k/ath9k_htc spectral scan support (ATH9K_COMMON_SPECTRAL) [Y/n/?] y
    Linux Community AR9170 802.11n USB support (CARL9170) [M/n/?] m
      SoftLED Support (CARL9170_LEDS) [Y/n/?] y
      DebugFS Support (CARL9170_DEBUGFS) [Y/n/?] y
      Random number generator (CARL9170_HWRNG) [N/y/?] n
    Atheros mobile chipsets support (ATH6KL) [M/n/?] m
      Atheros ath6kl SDIO support (ATH6KL_SDIO) [M/n/?] m
      Atheros ath6kl USB support (ATH6KL_USB) [M/n/?] m
      Atheros ath6kl debugging (ATH6KL_DEBUG) [Y/n/?] y
      Atheros ath6kl tracing support (ATH6KL_TRACING) [Y/n/?] y
    Atheros AR5523 wireless driver support (AR5523) [M/n/?] m
    Wilocity 60g WiFi card wil6210 support (WIL6210) [M/n/?] m
      Use Clear-On-Read mode for ISR registers for wil6210 (WIL6210_ISR_COR) [Y/n/?] y
      wil6210 tracing support (WIL6210_TRACING) [Y/n/?] y
      wil6210 debugfs support (WIL6210_DEBUGFS) [Y/n/?] y
    Atheros 802.11ac wireless cards support (ATH10K) [M/n/?] m
    Atheros ath10k PCI support (ATH10K_PCI) [M/n/?] m
    Atheros ath10k SDIO support (ATH10K_SDIO) [M/n/?] m
    Atheros ath10k USB support (EXPERIMENTAL) (ATH10K_USB) [M/n/?] m
    Atheros ath10k debugging (ATH10K_DEBUG) [Y/n/?] y
    Atheros ath10k debugfs support (ATH10K_DEBUGFS) [Y/n/?] y
    Atheros ath10k spectral scan support (ATH10K_SPECTRAL) [Y/n/?] y
    Atheros ath10k tracing support (ATH10K_TRACING) [Y/n/?] y
    Qualcomm Atheros WCN3660/3680 support (WCN36XX) [M/n/?] m
      WCN36XX debugfs support (WCN36XX_DEBUGFS) [Y/n/?] y
    Qualcomm Technologies 802.11ax chipset support (ATH11K) [M/n/?] m
      Atheros ath11k AHB support (ATH11K_AHB) [M/n/?] m
      Atheros ath11k PCI support (ATH11K_PCI) [M/n/?] m
      QCA ath11k debugging (ATH11K_DEBUG) [Y/n/?] y
      QCA ath11k debugfs support (ATH11K_DEBUGFS) [Y/n/?] y
      ath11k tracing support (ATH11K_TRACING) [N/y/?] n
    QCA ath11k spectral scan support (ATH11K_SPECTRAL) [Y/n/?] y
    ath11k channel frequency response support (ATH11K_CFR) [N/y/?] (NEW) 
    Qualcomm Technologies Wi-Fi 7 support (ath12k) (ATH12K) [M/n/?] m
      QTI ath12k AHB support (ATH12K_AHB) [Y/n/?] y
      ath12k debugging (ATH12K_DEBUG) [Y/n/?] y
      QTI ath12k debugfs support (ATH12K_DEBUGFS) [Y/n/?] y
      ath12k tracing support (ATH12K_TRACING) [Y/n/?] y
      ath12k coredump (ATH12K_COREDUMP) [Y/n/?] y
  Atmel devices (WLAN_VENDOR_ATMEL) [Y/n/?] y
    Atmel at76c503/at76c505/at76c505a USB cards (AT76C50X_USB) [M/n/?] m
  Broadcom devices (WLAN_VENDOR_BROADCOM) [Y/n/?] y
    Broadcom 43xx wireless support (mac80211 stack) (B43) [M/n/?] m
    Supported bus types
    > 1. BCMA and SSB (B43_BUSES_BCMA_AND_SSB)
      2. BCMA only (B43_BUSES_BCMA)
      3. SSB only (B43_BUSES_SSB)
    choice[1-3?]: 1
    Broadcom 43xx SDIO device support (B43_SDIO) [Y/n/?] y
    Support for G-PHY (802.11g) devices (B43_PHY_G) [Y/n/?] y
    Support for N-PHY (the main 802.11n series) devices (B43_PHY_N) [Y/n/?] y
    Support for LP-PHY (low-power 802.11g) devices (B43_PHY_LP) [Y/n/?] y
    Support for HT-PHY (high throughput 802.11n) devices (B43_PHY_HT) [Y/n/?] y
    Broadcom 43xx debugging (B43_DEBUG) [N/y/?] n
    Broadcom 43xx-legacy wireless support (mac80211 stack) (B43LEGACY) [M/n/?] m
      Broadcom 43xx-legacy debugging (B43LEGACY_DEBUG) [Y/n/?] y
      Broadcom 43xx-legacy data transfer mode
      > 1. DMA + PIO (B43LEGACY_DMA_AND_PIO_MODE)
        2. DMA (Direct Memory Access) only (B43LEGACY_DMA_MODE)
        3. PIO (Programmed I/O) only (B43LEGACY_PIO_MODE)
      choice[1-3?]: 1
    Broadcom IEEE802.11n PCIe SoftMAC WLAN driver (BRCMSMAC) [M/n/?] m
    Broadcom FullMAC WLAN driver (BRCMFMAC) [M/n/?] m
    SDIO bus interface support for FullMAC driver (BRCMFMAC_SDIO) [Y/n/?] y
    USB bus interface support for FullMAC driver (BRCMFMAC_USB) [Y/n/?] y
    PCIE bus interface support for FullMAC driver (BRCMFMAC_PCIE) [Y/n/?] y
    Broadcom device tracing (BRCM_TRACING) [Y/n/?] y
    Broadcom driver debug functions (BRCMDBG) [Y/n/?] y
  Intel devices (WLAN_VENDOR_INTEL) [Y/n/?] y
    Intel PRO/Wireless 2100 Network Connection (IPW2100) [M/n/?] m
      Enable promiscuous mode (IPW2100_MONITOR) [Y/n/?] y
      Enable full debugging output in IPW2100 module. (IPW2100_DEBUG) [N/y/?] n
    Intel PRO/Wireless 2200BG and 2915ABG Network Connection (IPW2200) [M/n/?] m
      Enable promiscuous mode (IPW2200_MONITOR) [Y/n/?] y
        Enable radiotap format 802.11 raw packet support (IPW2200_RADIOTAP) [Y/?] y
        Enable creation of a RF radiotap promiscuous interface (IPW2200_PROMISCUOUS) [Y/n/?] y
      Enable QoS support (IPW2200_QOS) [Y/n/?] y
      Enable full debugging output in IPW2200 module. (IPW2200_DEBUG) [N/y/?] n
    Full debugging output for the LIBIPW component (LIBIPW_DEBUG) [N/y/?] n
    Intel Wireless WiFi 4965AGN (iwl4965) (IWL4965) [M/n/?] m
    Intel PRO/Wireless 3945ABG/BG Network Connection (iwl3945) (IWL3945) [M/n/?] m
    Intel Wireless WiFi Next Gen AGN - Wireless-N/Advanced-N/Ultimate-N (iwlwifi)  (IWLWIFI) [M/n/?] m
      Intel Wireless WiFi DVM Firmware support (IWLDVM) [M/n/?] m
      Intel Wireless WiFi MVM Firmware support (IWLMVM) [M/n/?] m
      Intel Wireless WiFi MLD Firmware support (IWLMLD) [M/n/?] m
  Intersil devices (WLAN_VENDOR_INTERSIL) [Y/n/?] y
    Softmac Prism54 support (P54_COMMON) [M/n/?] m
      Prism54 USB support (P54_USB) [M/n/?] m
      Prism54 PCI support (P54_PCI) [M/n/?] m
      Prism54 SPI (stlc45xx) support (P54_SPI) [M/n/?] m
        Include fallback EEPROM blob (P54_SPI_DEFAULT_EEPROM) [N/y/?] n
  Marvell devices (WLAN_VENDOR_MARVELL) [Y/n/?] y
    Marvell 8xxx Libertas WLAN driver support (LIBERTAS) [M/n/?] m
      Marvell Libertas 8388 USB 802.11b/g cards (LIBERTAS_USB) [M/n/?] m
      Marvell Libertas 8385/8686/8688 SDIO 802.11b/g cards (LIBERTAS_SDIO) [M/n/?] m
      Marvell Libertas 8686 SPI 802.11b/g cards (LIBERTAS_SPI) [M/n/?] m
      Enable full debugging output in the Libertas module. (LIBERTAS_DEBUG) [N/y/?] n
      Enable mesh support (LIBERTAS_MESH) [Y/n/?] y
    Marvell 8xxx Libertas WLAN driver support with thin firmware (LIBERTAS_THINFIRM) [M/n/?] m
      Enable full debugging output in the Libertas thin firmware module. (LIBERTAS_THINFIRM_DEBUG) [N/y/?] n
      Marvell Libertas 8388 USB 802.11b/g cards with thin firmware (LIBERTAS_THINFIRM_USB) [M/n/?] m
    Marvell WiFi-Ex Driver (MWIFIEX) [M/n/?] m
      Marvell WiFi-Ex Driver for SD8786/SD8787/SD8797/SD8887/SD8897/SD8977/SD8978/SD8987/SD8997 (MWIFIEX_SDIO) [M/n/?] m
      Marvell WiFi-Ex Driver for PCIE 8766/8897/8997 (MWIFIEX_PCIE) [M/n/?] m
      Marvell WiFi-Ex Driver for USB8766/8797/8997 (MWIFIEX_USB) [M/n/?] m
    Marvell 88W8xxx PCI/PCIe Wireless support (MWL8K) [M/n/?] m
  MediaTek devices (WLAN_VENDOR_MEDIATEK) [Y/n/?] y
    MediaTek MT7601U (USB) support (MT7601U) [M/n/?] m
    MediaTek MT76x0U (USB) support (MT76x0U) [M/n/?] m
    MediaTek MT76x0E (PCIe) support (MT76x0E) [M/n/?] m
    MediaTek MT76x2E (PCIe) support (MT76x2E) [M/n/?] m
    MediaTek MT76x2U (USB) support (MT76x2U) [M/n/?] m
    MediaTek MT7603E (PCIe) and MT76x8 WLAN support (MT7603E) [M/n/?] m
    MediaTek MT7615E and MT7663E (PCIe) support (MT7615E) [M/n/?] m
    MediaTek MT7663U (USB) support (MT7663U) [M/n/?] m
    MediaTek MT7663S (SDIO) support (MT7663S) [M/n/?] m
    MediaTek MT7915E (PCIe) support (MT7915E) [M/n/?] m
    MediaTek MT7921E (PCIe) support (MT7921E) [M/n/?] m
    MediaTek MT7921S (SDIO) support (MT7921S) [M/n/?] m
    MediaTek MT7921U (USB) support (MT7921U) [M/n/?] m
    MediaTek MT7996 (PCIe) support (MT7996E) [M/n/?] m
    MediaTek MT7925E (PCIe) support (MT7925E) [M/n/?] m
    MediaTek MT7925U (USB) support (MT7925U) [M/n/?] m
  Microchip devices (WLAN_VENDOR_MICROCHIP) [Y/n/?] y
    Atmel WILC1000 SDIO (WiFi only) (WILC1000_SDIO) [M/n/?] m
    Atmel WILC1000 SPI (WiFi only) (WILC1000_SPI) [M/n/?] m
    WILC1000 out of band interrupt (WILC1000_HW_OOB_INTR) [N/y/?] n
  pureLiFi devices (WLAN_VENDOR_PURELIFI) [Y/n/?] y
    pureLiFi X, XL, XC device support (PLFXLC) [M/n/?] m
  Ralink devices (WLAN_VENDOR_RALINK) [Y/n/?] y
  Realtek devices (WLAN_VENDOR_REALTEK) [Y/n/?] y
    Realtek 8180/8185/8187SE PCI support (RTL8180) [M/n/?] m
    Realtek 8187 and 8187B USB support (RTL8187) [M/n/?] m
    Realtek 802.11n USB wireless chips support (RTL8XXXU) [M/n/?] m
      Include support for untested Realtek 8xxx USB devices (EXPERIMENTAL) (RTL8XXXU_UNTESTED) [Y/n/?] y
    *
    * Realtek 802.11ax wireless chips support
    *
    Realtek 802.11ax wireless chips support (RTW89) [M/n/?] m
      Realtek 8851BE PCI wireless network (Wi-Fi 6) adapter (RTW89_8851BE) [M/n/?] m
      Realtek 8851BU USB wireless network (Wi-Fi 6) adapter (RTW89_8851BU) [M/n/?] m
      Realtek 8852AE PCI wireless network (Wi-Fi 6) adapter (RTW89_8852AE) [M/n/?] m
      Realtek 8852AU USB wireless network (Wi-Fi 6) adapter (RTW89_8852AU) [N/m/?] (NEW) 
      Realtek 8852BE PCI wireless network (Wi-Fi 6) adapter (RTW89_8852BE) [M/n/?] m
      Realtek 8852BU USB wireless network (Wi-Fi 6) adapter (RTW89_8852BU) [M/n/?] m
      Realtek 8852BE-VT PCI wireless network (Wi-Fi 6) adapter (RTW89_8852BTE) [M/n/?] m
      Realtek 8852CE PCI wireless network (Wi-Fi 6E) adapter (RTW89_8852CE) [M/n/?] m
      Realtek 8852CU USB wireless network (Wi-Fi 6E) adapter (RTW89_8852CU) [N/m/?] (NEW) 
      Realtek 8922AE/8922AE-VS PCI wireless network (Wi-Fi 7) adapter (RTW89_8922AE) [M/n/?] m
      Realtek rtw89 debug message support (RTW89_DEBUGMSG) [Y/n/?] y
      Realtek rtw89 debugfs support (RTW89_DEBUGFS) [Y/n/?] y
  Redpine Signals Inc devices (WLAN_VENDOR_RSI) [Y/n/?] y
    Redpine Signals Inc 91x WLAN driver support (RSI_91X) [M/n/?] m
      Redpine Signals Inc debug support (RSI_DEBUGFS) [Y/n/?] y
      Redpine Signals SDIO bus support (RSI_SDIO) [M/n/?] m
      Redpine Signals USB bus support (RSI_USB) [M/n/?] m
      Redpine Signals WLAN BT Coexistence support (RSI_COEX) [Y/n/?] y
  Silicon Laboratories devices (WLAN_VENDOR_SILABS) [Y/n/?] y
    Silicon Labs wireless chips WF200 and further (WFX) [M/n/?] m
  STMicroelectronics devices (WLAN_VENDOR_ST) [Y/n/?] y
    CW1200 WLAN support (CW1200) [M/n/?] m
      Support SDIO platforms (CW1200_WLAN_SDIO) [M/n/?] m
      Support SPI platforms (CW1200_WLAN_SPI) [M/n/?] m
  Texas Instrument devices (WLAN_VENDOR_TI) [Y/n/?] y
    TI wl1251 driver support (WL1251) [M/n/?] m
      TI wl1251 SPI support (WL1251_SPI) [M/n/?] m
      TI wl1251 SDIO support (WL1251_SDIO) [M/n/?] m
    TI wl12xx support (WL12XX) [M/n/?] m
    TI wl18xx support (WL18XX) [M/n/?] m
    TI wlcore support (WLCORE) [M/?] m
      TI wlcore SDIO support (WLCORE_SDIO) [M/n/?] m
  ZyDAS devices (WLAN_VENDOR_ZYDAS) [Y/n/?] y
    ZyDAS ZD1211/ZD1211B USB-wireless support (ZD1211RW) [M/n/?] m
      ZyDAS ZD1211 debugging (ZD1211RW_DEBUG) [N/y/?] n
  Quantenna wireless cards support (WLAN_VENDOR_QUANTENNA) [Y/n/?] y
    Quantenna QSR1000/QSR2000/QSR10g PCIe support (QTNFMAC_PCIE) [M/n/?] m
  Simulated radio testing tool for mac80211 (MAC80211_HWSIM) [M/n/?] m
  Wifi wrapper for ethernet drivers (VIRT_WIFI) [M/n/?] m
*
* Keyboards
*
Keyboards (INPUT_KEYBOARD) [Y/n/?] y
  ADC Ladder Buttons (KEYBOARD_ADC) [M/n/?] m
  Keypad Support for ADP5520 PMIC (KEYBOARD_ADP5520) [M/n/y/?] m
  ADP5588/87 I2C QWERTY Keypad and IO Expander (KEYBOARD_ADP5588) [M/n/y/?] m
  Apple SPI keyboard and trackpad (KEYBOARD_APPLESPI) [M/n/y/?] m
  AT keyboard (KEYBOARD_ATKBD) [Y/n/m/?] y
  Microchip AT42QT1050 Touch Sensor Chip (KEYBOARD_QT1050) [M/n/y/?] m
  Atmel AT42QT1070 Touch Sensor Chip (KEYBOARD_QT1070) [M/n/y/?] m
  Atmel AT42QT2160 Touch Sensor Chip (KEYBOARD_QT2160) [M/n/y/?] m
  D-Link DIR-685 touchkeys support (KEYBOARD_DLINK_DIR685) [M/n/y/?] m
  DECstation/VAXstation LK201/LK401 keyboard (KEYBOARD_LKKBD) [M/n/y/?] m
  GPIO Buttons (KEYBOARD_GPIO) [M/n/y/?] m
  Polled GPIO buttons (KEYBOARD_GPIO_POLLED) [M/y/?] m
  TCA8418 Keypad Support (KEYBOARD_TCA8418) [M/n/y/?] m
  GPIO driven matrix keypad support (KEYBOARD_MATRIX) [M/n/y/?] m
  GPIO driven charlieplex keypad support (KEYBOARD_CHARLIEPLEX) [N/m/y/?] (NEW) 
  LM8323 keypad chip (KEYBOARD_LM8323) [M/n/y/?] m
  LM8333 keypad chip (KEYBOARD_LM8333) [M/n/y/?] m
  Maxim MAX7359 Key Switch Controller (KEYBOARD_MAX7359) [M/n/y/?] m
  Maxim MAX7360 Key Switch Controller (KEYBOARD_MAX7360) [M/n/?] m
  Freescale MPR121 Touchkey (KEYBOARD_MPR121) [M/n/y/?] m
  Newton keyboard (KEYBOARD_NEWTON) [M/n/y/?] m
  OpenCores Keyboard Controller (KEYBOARD_OPENCORES) [M/n/y/?] m
  Pine64 PinePhone Keyboard (KEYBOARD_PINEPHONE) [M/n/y/?] m
  Samsung keypad support (KEYBOARD_SAMSUNG) [M/n/y/?] m
  Stowaway keyboard (KEYBOARD_STOWAWAY) [M/n/y/?] m
  Sun Type 4 and Type 5 keyboard (KEYBOARD_SUNKBD) [M/n/y/?] m
  Azoteq IQS620A/621/622/624/625 keys and switches (KEYBOARD_IQS62X) [M/n/?] m
  TM2 touchkey support (KEYBOARD_TM2_TOUCHKEY) [M/n/y/?] m
  TI TWL4030/TWL5030/TPS659x0 keypad support (KEYBOARD_TWL4030) [M/n/y/?] m
  XT keyboard (KEYBOARD_XTKBD) [M/n/y/?] m
  ChromeOS EC keyboard (KEYBOARD_CROS_EC) [M/n/?] m
  MediaTek PMIC keys support (KEYBOARD_MTK_PMIC) [M/n/?] m
  Cypress StreetFighter touchkey support (KEYBOARD_CYPRESS_SF) [M/n/y/?] m
*
* Serial drivers
*
8250/16550 and compatible serial support (SERIAL_8250) [Y/n/m/?] y
  Support for variants of the 16550A serial port (SERIAL_8250_16550A_VARIANTS) [N/y/?] n
  Support for Fintek variants (SERIAL_8250_FINTEK) [Y/n/?] y
  Console on 8250/16550 and compatible serial port (SERIAL_8250_CONSOLE) [Y/n/?] y
  8250/16550 PCI device support (SERIAL_8250_PCI) [Y/n/m/?] y
  8250/16550 Exar/Commtech PCI/PCIe device support (SERIAL_8250_EXAR) [M/n/y/?] m
  8250/16550 PCMCIA device support (SERIAL_8250_CS) [M/n/?] m
  MEN MCB UART device support (SERIAL_8250_MEN_MCB) [M/n/?] m
  Maximum number of 8250/16550 serial ports (SERIAL_8250_NR_UARTS) [32] 32
  Number of 8250/16550 serial ports to register at runtime (SERIAL_8250_RUNTIME_UARTS) [32] 32
  Extended 8250/16550 serial driver options (SERIAL_8250_EXTENDED) [Y/n/?] y
    Support for sharing serial interrupts (SERIAL_8250_SHARE_IRQ) [Y/n/?] y
    Autodetect IRQ on standard ports (unsafe) (SERIAL_8250_DETECT_IRQ) [N/y/?] n
    Support RSA serial ports (SERIAL_8250_RSA) [Y/n/?] y
    Support more than 4 legacy serial ports (SERIAL_8250_MANY_PORTS) [Y/n/?] y
  Microchip 8250 based serial port (SERIAL_8250_PCI1XXXX) [M/n/y/?] m
  DFL bus driver for Altera 16550 UART (SERIAL_8250_DFL) [M/n/?] m
  Support for Synopsys DesignWare 8250 quirks (SERIAL_8250_DW) [M/n/y/?] m
  Support for KEBA 8250 UART (SERIAL_8250_KEBA) [N/m/?] (NEW) 
  Ralink RT288x/RT305x/RT3662/RT3883 serial port support (SERIAL_8250_RT288X) [Y/n/?] y
  Support for serial ports on Intel LPSS platforms (SERIAL_8250_LPSS) [M/n/y/?] m
  Support for serial ports on Intel MID platforms (SERIAL_8250_MID) [M/n/y/?] m
  Support for Pericom and Acces I/O serial ports (SERIAL_8250_PERICOM) [M/n/y/?] m
  NI 16550 based serial port (SERIAL_8250_NI) [M/n/y/?] m
*
* Non-8250 serial port support
*
MAX3100/3110/3111/3222 support (SERIAL_MAX3100) [M/n/y/?] m
MAX310X support (SERIAL_MAX310X) [M/n/y/?] m
Xilinx uartlite serial port support (SERIAL_UARTLITE) [M/n/y/?] m
  Maximum number of uartlite serial ports (SERIAL_UARTLITE_NR_UARTS) [1] 1
Digi International NEO and Classic PCI Support (SERIAL_JSM) [M/n/y/?] m
Lantiq serial driver (SERIAL_LANTIQ) [N/m/y/?] n
SCCNXP serial port support (SERIAL_SCCNXP) [M/n/y/?] m
NXP SC16IS7xx UART support (SERIAL_SC16IS7XX) [M/n/y/?] m
Altera JTAG UART support (SERIAL_ALTERA_JTAGUART) [M/n/y/?] m
Altera UART support (SERIAL_ALTERA_UART) [M/n/y/?] m
  Maximum number of Altera UART ports (SERIAL_ALTERA_UART_MAXPORTS) [4] 4
  Default baudrate for Altera UART ports (SERIAL_ALTERA_UART_BAUDRATE) [115200] 115200
ARC UART driver support (SERIAL_ARC) [M/n/y/?] m
  Number of ARC UART ports (SERIAL_ARC_NR_PORTS) [1] 1
Comtrol RocketPort EXPRESS/INFINITY support (SERIAL_RP2) [M/n/y/?] m
  Maximum number of RocketPort EXPRESS/INFINITY ports (SERIAL_RP2_NR_UARTS) [32] 32
Freescale lpuart serial port support (SERIAL_FSL_LPUART) [M/n/y/?] m
Freescale LINFlexD UART serial port support (SERIAL_FSL_LINFLEXUART) [M/n/y/?] m
MEN 16z135 Support (SERIAL_MEN_Z135) [M/n/?] m
Support for Spreadtrum serial (SERIAL_SPRD) [M/n/y/?] m
*
* SPI support
*
SPI support (SPI) [Y/n/?] y
  Debug support for SPI drivers (SPI_DEBUG) [N/y/?] n
  SPI memory extension (SPI_MEM) [Y/?] y
  *
  * SPI Master Controller Drivers
  *
  Altera SPI Controller platform driver (SPI_ALTERA) [M/n/y/?] m
  DFL bus driver for Altera SPI Controller (SPI_ALTERA_DFL) [M/n/?] m
  Analog Devices AXI SPI Engine controller (SPI_AXI_SPI_ENGINE) [M/n/y/?] m
  Utilities for Bitbanging SPI host controllers (SPI_BITBANG) [M/y/?] m
  Parallel port adapter for AVR Butterfly (DEVELOPMENT) (SPI_BUTTERFLY) [M/n/?] m
  Cadence SPI controller (SPI_CADENCE) [M/n/y/?] m
  CH341 USB2SPI adapter (SPI_CH341) [M/n/y/?] m
  Cirrus Logic CS42L43 SPI controller (SPI_CS42L43) [M/n/?] m
  DesignWare SPI controller core support (SPI_DESIGNWARE) [M/n/y/?] m
    DMA support for DW SPI controller (SPI_DW_DMA) [Y/n/?] y
    PCI interface driver for DW SPI core (SPI_DW_PCI) [M/n/?] m
    Memory-mapped io interface driver for DW SPI core (SPI_DW_MMIO) [M/n/?] m
  Diolan DLN-2 USB SPI adapter (SPI_DLN2) [M/n/?] m
  GPIO-based bitbanging SPI Master (SPI_GPIO) [M/n/y/?] m
  Intel PCH/PCU SPI flash PCI driver (SPI_INTEL_PCI) [M/n/y/?] m
  Intel PCH/PCU SPI flash platform driver (DANGEROUS) (SPI_INTEL_PLATFORM) [M/n/y/?] m
  Support for KEBA SPI master type 2 hardware (SPI_KSPI2) [M/n/?] m
  Parallel port adapter for LM70 eval board (DEVELOPMENT) (SPI_LM70_LLP) [M/n/?] m
  Intel La Jolla Cove Adapter SPI support (SPI_LJCA) [M/n/?] m
  Microchip FPGA QSPI controllers (SPI_MICROCHIP_CORE_QSPI) [M/n/y/?] m
  Microchip FPGA CoreSPI controller (SPI_MICROCHIP_CORE_SPI) [N/m/y/?] (NEW) 
  Lantiq SSC SPI controller (SPI_LANTIQ_SSC) [N/m/y/?] n
  OpenCores tiny SPI (SPI_OC_TINY) [M/n/y/?] m
  PCI1XXXX SPI Bus support (SPI_PCI1XXXX) [M/n/y/?] m
  PXA2xx SSP SPI master (SPI_PXA2XX) [M/y/?] m
  NXP SC18IS602/602B/603 I2C to SPI bridge (SPI_SC18IS602) [M/n/y/?] m
  SiFive SPI controller (SPI_SIFIVE) [M/n/y/?] m
  Macronix MX25F0A SPI controller (SPI_MXIC) [M/n/y/?] m
  Virtio SPI Controller (SPI_VIRTIO) [M/n/y/?] m
  Analog Devices AD-FMCOMMS1-EBZ SPI-I2C-bridge driver (SPI_XCOMM) [M/n/y/?] m
  Xilinx SPI controller common module (SPI_XILINX) [M/y/?] m
  Xilinx ZynqMP GQSPI controller (SPI_ZYNQMP_GQSPI) [M/n/y/?] m
  AMD SPI controller (SPI_AMD) [M/n/y/?] m
  *
  * SPI Multiplexer support
  *
  SPI multiplexer support (SPI_MUX) [M/n/y/?] m
  *
  * SPI Protocol Masters
  *
  User mode SPI device driver support (SPI_SPIDEV) [M/n/y/?] m
  spi loopback test framework support (SPI_LOOPBACK_TEST) [M/n/?] m
  Infineon TLE62X0 (for power switching) (SPI_TLE62X0) [M/n/y/?] m
  SPI slave protocol handlers (SPI_SLAVE) [Y/n/?] y
    SPI slave handler reporting boot up time (SPI_SLAVE_TIME) [M/n/y/?] m
    SPI slave handler controlling system state (SPI_SLAVE_SYSTEM_CONTROL) [M/n/y/?] m
  *
  * SPI Offload triggers
  *
  SPI offload trigger using ADI sigma-delta utility (SPI_OFFLOAD_TRIGGER_ADI_UTIL_SD) [M/n/y/?] m
  SPI offload trigger using PWM (SPI_OFFLOAD_TRIGGER_PWM) [M/y/?] m
*
* DPLL device support
*
DPLL reference count tracking (DPLL_REFCNT_TRACKER) [N/y/?] (NEW) 
I2C bus implementation for Microchip Azurite devices (ZL3073X_I2C) [M/n/y/?] m
SPI bus implementation for Microchip Azurite devices (ZL3073X_SPI) [M/n/y/?] m
*
* Pin controllers
*
Pin controllers (PINCTRL) [Y/?] y
  Debug PINCTRL calls (DEBUG_PINCTRL) [N/y/?] n
  AMD GPIO pin control (PINCTRL_AMD) [Y/n/?] y
  AMDISP GPIO pin control (PINCTRL_AMDISP) [M/n/y/?] m
  Cypress CY8C95X0 I2C pinctrl and GPIO driver (PINCTRL_CY8C95X0) [M/n/y/?] m
  Dialog Semiconductor DA9062 PMIC pinctrl and GPIO Support (PINCTRL_DA9062) [M/n/?] m
  MAX7360 Pincontrol support (PINCTRL_MAX7360) [M/n/?] m
  Microchip MCP23xxx I/O expander (PINCTRL_MCP23S08) [M/n/y/?] m
  STMicroelectronics STMFX GPIO expander pinctrl driver (PINCTRL_STMFX) [N/m/y/?] (NEW) 
  Semtech SX150x I2C GPIO expander pinctrl driver (PINCTRL_SX150X) [Y/n/m/?] y
  AAeon UP board FPGA pin controller (PINCTRL_UPBOARD) [M/n/?] m
  Cirrus Logic CS42L43 Pinctrl Driver (PINCTRL_CS42L43) [M/n/?] m
*
* Memory mapped GPIO drivers
*
Altera GPIO (GPIO_ALTERA) [M/n/y/?] m
AMD Promontory GPIO support (GPIO_AMDPT) [M/n/y/?] m
GPIO support based on a pure pin control backend (GPIO_BY_PINCTRL) [N/m/y/?] (NEW) 
Synopsys DesignWare APB GPIO driver (GPIO_DWAPB) [M/n/y/?] m
Support for GPIO pins on XR17V352/354/358 (GPIO_EXAR) [M/n/?] m
Generic memory-mapped GPIO controller support (MMIO platform device) (GPIO_GENERIC_PLATFORM) [M/n/y/?] m
Intel Granite Rapids-D vGPIO support (GPIO_GRANITERAPIDS) [M/n/y/?] m
Intel ICH GPIO (GPIO_ICH) [M/n/?] m
GPIO support for Fujitsu MB86S7x Platforms (GPIO_MB86S7X) [M/n/y/?] m
MEN 16Z127 GPIO support (GPIO_MENZ127) [M/n/?] m
Microchip FPGA GPIO support (GPIO_POLARFIRE_SOC) [N/y/?] n
SIOX GPIO support (GPIO_SIOX) [M/n/?] m
Qualcomm Technologies Inc WCD9340/WCD9341 GPIO controller driver (GPIO_WCD934X) [N/m/?] (NEW) 
Xilinx GPIO support (GPIO_XILINX) [M/n/y/?] m
GPIO support for AMD Fusion Controller Hub (G-series SOCs) (GPIO_AMD_FCH) [M/y/?] m
*
* Port-mapped I/O GPIO drivers
*
VIA VX855/VX875 GPIO (GPIO_VX855) [M/n/y/?] m
Fintek and Nuvoton Super-I/O GPIO support (GPIO_F7188X) [M/n/y/?] m
IT87xx GPIO support (GPIO_IT87) [M/n/y/?] m
Intel SCH/TunnelCreek/Centerton/Quark X1000 GPIO (GPIO_SCH) [M/n/?] m
Intel Nova Lake GPIO-signaled ACPI events support (GPIO_NOVALAKE) [N/m/y/?] (NEW) 
SMSC SCH311x SuperI/O GPIO (GPIO_SCH311X) [M/n/y/?] m
Winbond Super I/O GPIO support (GPIO_WINBOND) [M/n/y/?] m
WinSystems WS16C48 GPIO support (GPIO_WS16C48) [M/n/y/?] m
*
* MFD GPIO expanders
*
GPIO Support for ADP5520 PMIC (GPIO_ADP5520) [M/n/y/?] m
Wolfson Microelectronics Arizona class devices (GPIO_ARIZONA) [M/n/?] m
ROHM BD9571 GPIO support (GPIO_BD9571MWV) [M/n/?] m
Congatec Board Controller GPIO support (GPIO_CGBC) [M/n/?] m
ChromeOS EC GPIO support (GPIO_CROS_EC) [M/n/?] m
GPIO support for Crystal Cove PMIC (GPIO_CRYSTAL_COVE) [Y/n/m/?] y
Dialog DA9052 GPIO (GPIO_DA9052) [M/n/y/?] m
Dialog Semiconductor DA9055 GPIO (GPIO_DA9055) [M/n/y/?] m
Diolan DLN2 GPIO support (GPIO_DLN2) [M/n/?] m
Janz VMOD-TTL Digital IO Module (GPIO_JANZ_TTL) [M/n/?] m
Kontron ETX / COMexpress GPIO (GPIO_KEMPLD) [M/n/?] m
INTEL La Jolla Cove Adapter GPIO support (GPIO_LJCA) [M/n/?] m
TI/National Semiconductor LP3943 GPIO expander (GPIO_LP3943) [M/n/?] m
TI LP873X GPO (GPIO_LP873X) [M/n/?] m
Cirrus Logic Madera class codecs (GPIO_MADERA) [M/n/?] m
MAX7360 GPIO support (GPIO_MAX7360) [M/n/?] m
Nuvoton NCT6694 GPIO controller support (GPIO_NCT6694) [M/n/?] m
TI PALMAS series PMICs GPIO (GPIO_PALMAS) [M/n/?] m
NXP QIXIS FPGA GPIO support (GPIO_QIXIS_FPGA) [N/m/?] (NEW) 
RICOH RC5T583 GPIO (GPIO_RC5T583) [Y/n/?] y
TI TPS65086 GPO (GPIO_TPS65086) [M/n/?] m
TPS6586X GPIO (GPIO_TPS6586X) [Y/n/?] y
TPS65910 GPIO (GPIO_TPS65910) [Y/n/?] y
TI TPS65912 GPIO (GPIO_TPS65912) [M/n/?] m
TPS68470 GPIO (GPIO_TPS68470) [M/n/?] m
TQ-Systems TQMx86 GPIO (GPIO_TQMX86) [M/n/?] m
TWL4030, TWL5030, and TPS659x0 GPIOs (GPIO_TWL4030) [M/n/y/?] m
TWL6040 GPO (GPIO_TWL6040) [M/n/y/?] m
GPIO support for Whiskey Cove PMIC (GPIO_WHISKEY_COVE) [M/n/?] m
WM831x GPIOs (GPIO_WM831X) [M/n/y/?] m
WM8350 GPIOs (GPIO_WM8350) [M/n/y/?] m
WM8994 GPIOs (GPIO_WM8994) [M/n/?] m
*
* Board level reset or power off
*
Board level reset or power off (POWER_RESET) [Y/n/?] y
  Actions Semi ATC260x PMIC power-off driver (POWER_RESET_ATC260X) [M/n/?] m
  MediaTek MT6323 power-off driver (POWER_RESET_MT6323) [Y/n/?] y
  Restart power-off driver (POWER_RESET_RESTART) [Y/n/?] y
  TPS65086 restart driver (POWER_RESET_TPS65086) [Y/n/?] y
  QEMU Virt Machine System Controller (POWER_RESET_QEMU_VIRT_CTRL) [N/m/y/?] (NEW) 
*
* Power supply class support
*
Power supply class support (POWER_SUPPLY) [Y/?] y
  Power supply debug (POWER_SUPPLY_DEBUG) [N/y/?] n
  Expose power supply sensors as hwmon device (POWER_SUPPLY_HWMON) [Y/n/?] y
  Generic battery support using IIO (GENERIC_ADC_BATTERY) [M/n/?] m
  Injoinic IP5xxx power bank IC driver (IP5XXX_POWER) [M/n/y/?] m
  MAX8925 battery charger support (MAX8925_POWER) [M/n/y/?] m
  WM831X backup battery charger support (WM831X_BACKUP) [M/n/y/?] m
  WM831X PMU support (WM831X_POWER) [M/n/y/?] m
  WM8350 PMU support (WM8350_POWER) [M/n/y/?] m
  Test power driver (TEST_POWER) [M/n/y/?] m
  Marvell 88PM860x battery driver (BATTERY_88PM860X) [M/n/y/?] m
  ADP5061 battery charger driver (CHARGER_ADP5061) [M/n/y/?] m
  Pegatron Chagall battery driver (BATTERY_CHAGALL) [M/n/y/?] m
  CW2015 Battery driver (BATTERY_CW2015) [M/n/y/?] m
  DS2760 battery driver (HP iPAQ & others) (BATTERY_DS2760) [M/n/?] m
  DS2780 battery driver (BATTERY_DS2780) [M/n/y/?] m
  DS2781 battery driver (BATTERY_DS2781) [M/n/y/?] m
  DS2782/DS2786 standalone gas-gauge (BATTERY_DS2782) [M/n/y/?] m
  Samsung SDI batteries (BATTERY_SAMSUNG_SDI) [N/y/?] n
  Samsung S2MU005 PMIC fuel gauge driver (BATTERY_S2MU005) [N/m/y/?] (NEW) 
  Intel Bay / Cherry Trail Dollar Cove TI battery driver (BATTERY_INTEL_DC_TI) [M/n/?] m
  SBS Compliant gas gauge (BATTERY_SBS) [M/n/y/?] m
  SBS Compliant charger (CHARGER_SBS) [M/n/y/?] m
  Smart Battery System Manager (MANAGER_SBS) [M/n/?] m
  BQ27xxx battery driver (BATTERY_BQ27XXX) [M/n/y/?] m
    BQ27xxx I2C support (BATTERY_BQ27XXX_I2C) [M/n/?] m
    BQ27xxx HDQ support (BATTERY_BQ27XXX_HDQ) [M/n/?] m
  BQ27xxx support for update of NVM/flash data memory (BATTERY_BQ27XXX_DT_UPDATES_NVM) [N/y/?] n
  DA9030 battery driver (BATTERY_DA9030) [M/n/y/?] m
  Dialog DA9052 Battery (BATTERY_DA9052) [M/n/y/?] m
  Dialog Semiconductor DA9150 Charger support (CHARGER_DA9150) [M/n/?] m
  Dialog Semiconductor DA9150 Fuel Gauge support (BATTERY_DA9150) [M/n/?] m
  X-Powers AXP20X and AXP22X AC power supply driver (CHARGER_AXP20X) [M/n/?] m
  X-Powers AXP20X battery driver (BATTERY_AXP20X) [M/n/?] m
  AXP20x power supply driver (AXP20X_POWER) [M/n/?] m
  X-Powers AXP288 Charger (AXP288_CHARGER) [M/n/?] m
  X-Powers AXP288 Fuel Gauge (AXP288_FUEL_GAUGE) [M/n/?] m
  Maxim MAX17040/17041/17043 family Fuel Gauge (BATTERY_MAX17040) [M/n/?] m
  Maxim MAX17042/17047/17050/8997/8966 family Fuel Gauge (BATTERY_MAX17042) [M/n/y/?] m
  Maxim MAX17201/MAX17205 Fuel Gauge (BATTERY_MAX1720X) [M/n/y/?] m
  MAX17211/MAX17215 standalone gas-gauge (BATTERY_MAX1721X) [M/n/?] m
  TWL4030 MADC battery driver (BATTERY_TWL4030_MADC) [M/n/?] m
  Marvell 88PM860x Charger driver (CHARGER_88PM860X) [M/n/?] m
  Nokia RX-51 (N900) battery driver (BATTERY_RX51) [M/n/?] m
  ISP1704 USB Charger Detection (CHARGER_ISP1704) [M/n/?] m
  MAX8903 Battery DC-DC Charger for USB and Adapter Power (CHARGER_MAX8903) [M/n/y/?] m
  OMAP TWL4030 BCI charger driver (CHARGER_TWL4030) [M/n/?] m
  OMAP TWL6030 BCI charger driver (CHARGER_TWL6030) [M/n/?] m
  TI/National Semiconductor LP8727 charger driver (CHARGER_LP8727) [M/n/y/?] m
  TI LP8788 charger driver (CHARGER_LP8788) [M/n/?] m
  GPIO charger (CHARGER_GPIO) [M/n/y/?] m
  Battery charger manager for multiple chargers (CHARGER_MANAGER) [M/n/y/?] m
  Analog Devices LT3651 charger (CHARGER_LT3651) [M/n/y/?] m
  LTC4162-L charger (CHARGER_LTC4162L) [M/n/y/?] m
  Maxim MAX14577/77836 battery charger driver (CHARGER_MAX14577) [M/n/?] m
  Maxim MAX77693 battery charger driver (CHARGER_MAX77693) [M/n/?] m
  Maxim MAX77705 battery charger driver (CHARGER_MAX77705) [M/n/?] m
  Maxim MAX77976 battery charger driver (CHARGER_MAX77976) [M/n/y/?] m
  Maxim MAX8971 battery charger driver (CHARGER_MAX8971) [M/n/y/?] m
  Maxim MAX8997/MAX8966 PMIC battery charger driver (CHARGER_MAX8997) [M/n/?] m
  Maxim MAX8998/LP3974 PMIC battery charger driver (CHARGER_MAX8998) [M/n/?] m
  Monolithic power system MP2629 Battery charger (CHARGER_MP2629) [M/n/?] m
  Mediatek MT6360 Charger Driver (CHARGER_MT6360) [M/n/?] m
  MediaTek MT6370 Charger Driver (CHARGER_MT6370) [M/n/?] m
  TI BQ2415x battery charger driver (CHARGER_BQ2415X) [M/n/y/?] m
  TI BQ24190 battery charger driver (CHARGER_BQ24190) [M/n/y/?] m
  TI BQ24250/24251/24257 battery charger driver (CHARGER_BQ24257) [M/n/y/?] m
  TI BQ24735 battery charger support (CHARGER_BQ24735) [M/n/y/?] m
  TI BQ2515X battery charger family (CHARGER_BQ2515X) [M/n/y/?] m
  TI BQ257XX battery charger family (CHARGER_BQ257XX) [M/n/?] m
  TI BQ25890 battery charger driver (CHARGER_BQ25890) [M/n/y/?] m
  TI BQ25980 battery charger driver (CHARGER_BQ25980) [M/n/y/?] m
  TI BQ256XX battery charger driver (CHARGER_BQ256XX) [M/n/y/?] m
  Summit Microelectronics SMB3XX Battery Charger (CHARGER_SMB347) [M/n/y/?] m
  TPS65090 battery charger driver (CHARGER_TPS65090) [M/n/y/?] m
  LTC2941/LTC2943 Battery Gauge Driver (BATTERY_GAUGE_LTC2941) [M/n/y/?] m
  Goldfish battery driver (BATTERY_GOLDFISH) [M/n/y/?] m
  RT5033 fuel gauge support (BATTERY_RT5033) [M/n/y/?] m
  RT5033 battery charger support (CHARGER_RT5033) [M/n/?] m
  Richtek RT9455 battery charger driver (CHARGER_RT9455) [M/n/y/?] m
  Richtek RT9467 Battery Charger Driver (CHARGER_RT9467) [M/n/y/?] m
  Richtek RT9471 battery charger driver (CHARGER_RT9471) [M/n/y/?] m
  Richtek RT9756 smart cap divider charger driver (CHARGER_RT9756) [N/m/y/?] (NEW) 
  ChromeOS EC based USBPD charger (CHARGER_CROS_USBPD) [M/n/?] m
  ChromeOS EC based peripheral charger (CHARGER_CROS_PCHG) [M/n/?] m
  ChromeOS EC based charge control (CHARGER_CROS_CONTROL) [M/n/?] m
  STMicroelectronics STC3117 fuel gauge driver (FUEL_GAUGE_STC3117) [M/n/?] m
  ROHM bd99954 charger driver (CHARGER_BD99954) [M/n/y/?] m
  Wilco EC based charger for ChromeOS (CHARGER_WILCO) [M/n/?] m
  Battery driver for 7th-generation Microsoft Surface devices (BATTERY_SURFACE) [M/n/?] m
  AC driver for 7th-generation Microsoft Surface devices (CHARGER_SURFACE) [M/n/?] m
  uPI uG3105 battery monitor driver (BATTERY_UG3105) [M/n/y/?] m
  Mitsumi MM8013 fuel gauge driver (FUEL_GAUGE_MM8013) [M/n/y/?] m
*
* Hardware Monitoring support
*
Hardware Monitoring support (HWMON) [Y/m/?] y
  Hardware Monitoring Chip debugging messages (HWMON_DEBUG_CHIP) [N/y/?] n
  *
  * Native drivers
  *
  Abit uGuru (rev 1 & 2) (SENSORS_ABITUGURU) [M/n/y/?] m
  Abit uGuru (rev 3) (SENSORS_ABITUGURU3) [M/n/y/?] m
  Ampere's Altra SMpro hardware monitoring driver (SENSORS_SMPRO) [M/n/?] m
  Analog Devices AD7314 and compatibles (SENSORS_AD7314) [M/n/y/?] m
  Analog Devices AD7414 (SENSORS_AD7414) [M/n/y/?] m
  Analog Devices AD7416, AD7417 and AD7418 (SENSORS_AD7418) [M/n/y/?] m
  Analog Devices ADM1025 and compatibles (SENSORS_ADM1025) [M/n/y/?] m
  Analog Devices ADM1026 and compatibles (SENSORS_ADM1026) [M/n/y/?] m
  Analog Devices ADM1029 (SENSORS_ADM1029) [M/n/y/?] m
  Analog Devices ADM1031 and compatibles (SENSORS_ADM1031) [M/n/y/?] m
  Analog Devices ADM1177 and compatibles (SENSORS_ADM1177) [M/n/y/?] m
  Analog Devices ADM9240 and compatibles (SENSORS_ADM9240) [M/n/y/?] m
  Analog Devices ADT7310/ADT7320 (SENSORS_ADT7310) [M/n/y/?] m
  Analog Devices ADT7410/ADT7420/ADT7422 (SENSORS_ADT7410) [M/n/y/?] m
  Analog Devices ADT7411 (SENSORS_ADT7411) [M/n/y/?] m
  Analog Devices ADT7462 (SENSORS_ADT7462) [M/n/y/?] m
  Analog Devices ADT7470 (SENSORS_ADT7470) [M/n/y/?] m
  Analog Devices ADT7473, ADT7475, ADT7476 and ADT7490 (SENSORS_ADT7475) [M/n/y/?] m
  Aosong AHT10, AHT20, DHT20 (SENSORS_AHT10) [M/n/y/?] m
  Aquacomputer D5 Next, Octo, Quadro, Farbwerk, Farbwerk 360, High Flow Next (SENSORS_AQUACOMPUTER_D5NEXT) [M/n/y/?] m
  Synaptics AS370 SoC hardware monitoring driver (SENSORS_AS370) [M/n/y/?] m
  Andigilog aSC7621 (SENSORS_ASC7621) [M/n/y/?] m
  ASUS ROG RYUJIN II 360 hardware monitoring driver (SENSORS_ASUS_ROG_RYUJIN) [M/n/y/?] m
  Analog Devices FAN Control HDL Core driver (SENSORS_AXI_FAN_CONTROL) [M/n/y/?] m
  AMD Athlon64/FX or Opteron temperature sensor (SENSORS_K8TEMP) [M/n/y/?] m
  AMD Family 10h+ temperature sensor (SENSORS_K10TEMP) [M/n/y/?] m
  KEBA battery controller support (SENSORS_KBATT) [M/n/?] m
  KEBA fan controller support (SENSORS_KFAN) [M/n/?] m
  AMD Family 15h processor power (SENSORS_FAM15H_POWER) [M/n/y/?] m
  Apple SMC (Motion sensor, light sensor, keyboard backlight) (SENSORS_APPLESMC) [M/n/y/?] m
  Asus ASB100 Bach (SENSORS_ASB100) [M/n/y/?] m
  Attansic ATXP1 VID controller (SENSORS_ATXP1) [M/n/y/?] m
  Congatec Board Controller Sensors (SENSORS_CGBC) [M/n/?] m
  Amphenol ChipCap 2 relative humidity and temperature sensor (SENSORS_CHIPCAP2) [M/n/y/?] m
  Corsair Commander Pro controller (SENSORS_CORSAIR_CPRO) [M/n/y/?] m
  Corsair PSU HID controller (SENSORS_CORSAIR_PSU) [M/n/y/?] m
  ChromeOS Embedded Controller sensors (SENSORS_CROS_EC) [M/n/?] m
  Hard disk drives with temperature sensors (SENSORS_DRIVETEMP) [M/n/y/?] m
  Dallas Semiconductor DS620 (SENSORS_DS620) [M/n/y/?] m
  Dallas Semiconductor DS1621 and compatibles (SENSORS_DS1621) [M/n/y/?] m
  Dell laptop SMM BIOS hwmon driver (SENSORS_DELL_SMM) [M/n/?] m
    Legacy /proc/i8k interface of Dell laptop SMM BIOS hwmon driver (I8K) [Y/n/?] y
  Dialog DA9052/DA9053 ADC (SENSORS_DA9052_ADC) [M/n/y/?] m
  Dialog Semiconductor DA9055 ADC (SENSORS_DA9055) [M/n/y/?] m
  FB-DIMM AMB temperature sensor on Intel 5000 series chipsets (SENSORS_I5K_AMB) [M/n/y/?] m
  Fintek F71805F/FG, F71806F/FG and F71872F/FG (SENSORS_F71805F) [M/n/y/?] m
  Fintek F71882FG and compatibles (SENSORS_F71882FG) [M/n/y/?] m
  Fintek F75375S/SP, F75373 and F75387 (SENSORS_F75375S) [M/n/y/?] m
  Freescale MC13783/MC13892 ADC (SENSORS_MC13783_ADC) [M/n/?] m
  Fujitsu Siemens Computers sensor chips (SENSORS_FSCHMD) [M/n/y/?] m
  Fujitsu Technology Solutions sensor chip Teutates (SENSORS_FTSTEUTATES) [M/n/y/?] m
  Gigabyte Waterforce X240/X280/X360 AIO CPU coolers (SENSORS_GIGABYTE_WATERFORCE) [M/n/y/?] m
  Genesys Logic GL518SM (SENSORS_GL518SM) [M/n/y/?] m
  Genesys Logic GL520SM (SENSORS_GL520SM) [M/n/y/?] m
  GPD handhelds (SENSORS_GPD) [M/n/y/?] m
  GMT G760A (SENSORS_G760A) [M/n/y/?] m
  GMT G762 and G763 (SENSORS_G762) [M/n/y/?] m
  GPIO fan (SENSORS_GPIO_FAN) [N/m/y/?] (NEW) 
  Honeywell Humidicon HIH-6130 humidity/temperature sensor (SENSORS_HIH6130) [M/n/y/?] m
  Renesas HS3001 humidity and temperature sensors (SENSORS_HS3001) [M/n/y/?] m
  Measurement Specialties HTU31 humidity and temperature sensor (SENSORS_HTU31) [M/n/y/?] m
  IBM Active Energy Manager temperature/power sensors and control (SENSORS_IBMAEM) [M/n/?] m
  IBM PowerExecutive temperature/power sensors (SENSORS_IBMPEX) [M/n/?] m
  Hwmon driver that uses channels specified via iio maps (SENSORS_IIO_HWMON) [M/n/?] m
  Intel 5500/5520/X58 temperature sensor (SENSORS_I5500) [M/n/y/?] m
  Intel Core/Core2/Atom temperature sensor (SENSORS_CORETEMP) [M/n/y/?] m
  Renesas ISL28022 (SENSORS_ISL28022) [M/n/y/?] m
  ITE IT87xx and compatibles (SENSORS_IT87) [M/n/y/?] m
  JEDEC JC42.4 compliant memory module temperature sensors (SENSORS_JC42) [M/n/y/?] m
  ChargerLAB POWER-Z USB-C tester (SENSORS_POWERZ) [M/n/y/?] m
  Lattice POWR1220 Power Monitoring (SENSORS_POWR1220) [M/n/y/?] m
  LattePanda Sigma EC hardware monitoring (SENSORS_LATTEPANDA_SIGMA_EC) [N/m/y/?] (NEW) 
  Sensor reader for Lenovo ThinkStations (SENSORS_LENOVO_EC) [M/n/y/?] m
  Lineage Compact Power Line Power Entry Module (SENSORS_LINEAGE) [M/n/y/?] m
  Linear Technology LTC2945 (SENSORS_LTC2945) [M/n/y/?] m
  Analog Devices LTC2947 High Precision Power and Energy Monitor over I2C (SENSORS_LTC2947_I2C) [M/n/y/?] m
  Analog Devices LTC2947 High Precision Power and Energy Monitor over SPI (SENSORS_LTC2947_SPI) [M/n/y/?] m
  Linear Technology LTC2990 (SENSORS_LTC2990) [M/n/y/?] m
  Analog Devices LTC2991 (SENSORS_LTC2991) [M/n/y/?] m
  Linear Technology LTC2992 (SENSORS_LTC2992) [M/n/y/?] m
  Linear Technology LTC4151 (SENSORS_LTC4151) [M/n/y/?] m
  Linear Technology LTC4215 (SENSORS_LTC4215) [M/n/y/?] m
  Linear Technology LTC4222 (SENSORS_LTC4222) [M/n/y/?] m
  Linear Technology LTC4245 (SENSORS_LTC4245) [M/n/y/?] m
  Linear Technology LTC4260 (SENSORS_LTC4260) [M/n/y/?] m
  Linear Technology LTC4261 (SENSORS_LTC4261) [M/n/y/?] m
  Analog Devices LTC4282 (SENSORS_LTC4282) [M/n/y/?] m
  Maxim MAX1111 Serial 8-bit ADC chip and compatibles (SENSORS_MAX1111) [M/n/y/?] m
  Maxim MAX127 12-bit 8-channel Data Acquisition System (SENSORS_MAX127) [M/n/y/?] m
  Maxim MAX16065 System Manager and compatibles (SENSORS_MAX16065) [M/n/y/?] m
  Maxim MAX1619 sensor chip (SENSORS_MAX1619) [M/n/y/?] m
  Maxim MAX1668 and compatibles (SENSORS_MAX1668) [M/n/y/?] m
  Maxim MAX197 and compatibles (SENSORS_MAX197) [M/n/y/?] m
  MAX31722 temperature sensor (SENSORS_MAX31722) [M/n/y/?] m
  MAX31730 temperature sensor (SENSORS_MAX31730) [M/n/y/?] m
  MAX31760 fan speed controller (SENSORS_MAX31760) [M/n/y/?] m
  MAX31827 low-power temperature switch and similar devices (MAX31827) [M/n/y/?] m
  Maxim MAX6620 fan controller (SENSORS_MAX6620) [M/n/y/?] m
  Maxim MAX6621 sensor chip (SENSORS_MAX6621) [M/n/y/?] m
  Maxim MAX6639 sensor chip (SENSORS_MAX6639) [M/n/y/?] m
  Maxim MAX6650 sensor chip (SENSORS_MAX6650) [M/n/y/?] m
  Maxim MAX6697 and compatibles (SENSORS_MAX6697) [M/n/y/?] m
  Maxim MAX31790 sensor chip (SENSORS_MAX31790) [M/n/y/?] m
  MAX77705 current and voltage sensor (SENSORS_MAX77705) [M/n/?] m
  NXP MC34VR500 hardware monitoring driver (SENSORS_MC34VR500) [M/n/y/?] m
  Microchip MCP3021 and compatibles (SENSORS_MCP3021) [M/n/y/?] m
  Microchip Technology MCP9982 driver (SENSORS_MCP9982) [N/m/y/?] (NEW) 
  Mellanox FAN driver (SENSORS_MLXREG_FAN) [M/n/y/?] m
  Microchip TC654/TC655 and compatibles (SENSORS_TC654) [M/n/y/?] m
  Texas Instruments TPS23861 PoE PSE (SENSORS_TPS23861) [M/n/y/?] m
  MEN 14F021P00 BMC Hardware Monitoring (SENSORS_MENF21BMC_HWMON) [M/n/?] m
  Moortec Semiconductor MR75203 PVT Controller (SENSORS_MR75203) [M/n/y/?] m
  National Semiconductor ADCxxxSxxx (SENSORS_ADCXX) [M/n/y/?] m
  National Semiconductor LM63 and compatibles (SENSORS_LM63) [M/n/y/?] m
  National Semiconductor LM70 and compatibles (SENSORS_LM70) [M/n/y/?] m
  National Semiconductor LM73 (SENSORS_LM73) [M/n/y/?] m
  National Semiconductor LM75 and compatibles (SENSORS_LM75) [M/n/y/?] m
  National Semiconductor LM77 (SENSORS_LM77) [M/n/y/?] m
  National Semiconductor LM78 and compatibles (SENSORS_LM78) [M/n/y/?] m
  National Semiconductor LM80 and LM96080 (SENSORS_LM80) [M/n/y/?] m
  National Semiconductor LM83 and compatibles (SENSORS_LM83) [M/n/y/?] m
  National Semiconductor LM85 and compatibles (SENSORS_LM85) [M/n/y/?] m
  National Semiconductor LM87 and compatibles (SENSORS_LM87) [M/n/y/?] m
  National Semiconductor LM90 and compatibles (SENSORS_LM90) [M/n/y/?] m
  National Semiconductor LM92 and compatibles (SENSORS_LM92) [M/n/y/?] m
  National Semiconductor LM93 and compatibles (SENSORS_LM93) [M/n/y/?] m
  National Semiconductor LM95234 and compatibles (SENSORS_LM95234) [M/n/y/?] m
  National Semiconductor LM95241 and compatibles (SENSORS_LM95241) [M/n/y/?] m
  National Semiconductor LM95245 and compatibles (SENSORS_LM95245) [M/n/y/?] m
  National Semiconductor PC87360 family (SENSORS_PC87360) [M/n/y/?] m
  National Semiconductor PC87427 (SENSORS_PC87427) [M/n/y/?] m
  NTC thermistor support (SENSORS_NTC_THERMISTOR) [M/n/?] m
  Nuvoton NCT6683D (SENSORS_NCT6683) [M/n/y/?] m
  Nuvoton NCT6694 Hardware Monitor support (SENSORS_NCT6694) [M/n/?] m
  Platform driver for Nuvoton NCT6775F and compatibles (SENSORS_NCT6775) [M/n/y/?] m
  I2C driver for Nuvoton NCT6775F and compatibles (SENSORS_NCT6775_I2C) [M/n/y/?] m
  Nuvoton NCT7363Y (SENSORS_NCT7363) [M/n/y/?] m
  Nuvoton NCT7802Y (SENSORS_NCT7802) [M/n/y/?] m
  Nuvoton NCT7904 (SENSORS_NCT7904) [M/n/y/?] m
  Nuvoton NPCM750 and compatible PWM and Fan controllers (SENSORS_NPCM7XX) [M/n/y/?] m
  NZXT Kraken X42/X51/X62/X72 liquid coolers (SENSORS_NZXT_KRAKEN2) [M/n/y/?] m
  NZXT Kraken X53/X63/X73, Z53/Z63/Z73 coolers (SENSORS_NZXT_KRAKEN3) [M/n/y/?] m
  NZXT RGB & Fan Controller/Smart Device v2 (SENSORS_NZXT_SMART2) [M/n/y/?] m
  POWER8 OCC through I2C (SENSORS_OCC_P8_I2C) [M/n/y/?] m
  Philips PCF8591 ADC/DAC (SENSORS_PCF8591) [M/n/y/?] m
  *
  * PMBus support
  *
  PMBus support (PMBUS) [M/n/y/?] m
    Generic PMBus devices (SENSORS_PMBUS) [M/n/?] m
    ACBEL FSG032 Power Supply (SENSORS_ACBEL_FSG032) [M/n/?] m
    Analog Devices ADM1266 Sequencer (SENSORS_ADM1266) [M/n/?] m
    Analog Devices ADM1275 and compatibles (SENSORS_ADM1275) [M/n/?] m
    Analog Devices ADP1050 digital controller for Power Supplies (SENSORS_ADP1050) [M/n/?] m
      Regulator support for ADP1050 and compatibles (SENSORS_ADP1050_REGULATOR) [Y/n/?] y
    Sony APS-379 Power Supplies (SENSORS_APS_379) [N/m/?] (NEW) 
    Bel PFE Compatible Power Supplies (SENSORS_BEL_PFE) [M/n/?] m
    BluTek BPA-RS600 Power Supplies (SENSORS_BPA_RS600) [M/n/?] m
    Intel Common Redundant Power Supply (SENSORS_CRPS) [M/n/?] m
    Delta AHE-50DC fan control module (SENSORS_DELTA_AHE50DC_FAN) [M/n/?] m
    FSP/3Y-Power power supplies (SENSORS_FSP_3Y) [M/n/?] m
    Hitron HAC300S-D120E PSU (SENSORS_HAC300S) [N/m/?] (NEW) 
    IBM Common Form Factor Power Supply (SENSORS_IBM_CFFPS) [M/n/?] m
    Delta DPS920AB Power Supply (SENSORS_DPS920AB) [M/n/?] m
    Texas Instruments INA233 and compatibles (SENSORS_INA233) [M/n/?] m
    INSPUR Power System Power Supply (SENSORS_INSPUR_IPSPS) [M/n/?] m
    Infineon IR35221 (SENSORS_IR35221) [M/n/?] m
    Infineon IR36021 (SENSORS_IR36021) [M/n/?] m
    Infineon IR38064 and compatibles (SENSORS_IR38064) [M/n/?] m
      Regulator support for IR38064 and compatibles (SENSORS_IR38064_REGULATOR) [Y/n/?] y
    Infineon IRPS5401 (SENSORS_IRPS5401) [M/n/?] m
    Renesas Digital Multiphase Voltage Regulators (SENSORS_ISL68137) [M/n/?] m
    National Semiconductor LM25066 and compatibles (SENSORS_LM25066) [M/n/?] m
      Regulator support for LM25066 and compatibles (SENSORS_LM25066_REGULATOR) [Y/n/?] y
    Analog Devices LT3074 (SENSORS_LT3074) [M/n/?] m
      Regulator support for LT3074 (SENSORS_LT3074_REGULATOR) [M/n/?] m
    Analog Devices LT7182S (SENSORS_LT7182S) [M/n/?] m
    Linear Technologies LTC2978 and compatibles (SENSORS_LTC2978) [M/n/?] m
      Regulator support for LTC2978 and compatibles (SENSORS_LTC2978_REGULATOR) [N/y/?] n
    Linear Technologies LTC3815 (SENSORS_LTC3815) [M/n/?] m
    Analog Devices LTC4286 (SENSORS_LTC4286) [Y/n/?] y
    Maxim MAX15301 (SENSORS_MAX15301) [M/n/?] m
    Maxim MAX16064 (SENSORS_MAX16064) [M/n/?] m
    Maxim MAX16508, MAX16600, MAX16601, and MAX16602 (SENSORS_MAX16601) [M/n/?] m
    Analog Devices MAX17616/MAX17616A (SENSORS_MAX17616) [N/m/?] (NEW) 
    Maxim MAX20710, MAX20730, MAX20734, MAX20743 (SENSORS_MAX20730) [M/n/?] m
    Maxim MAX20751 (SENSORS_MAX20751) [M/n/?] m
    Maxim MAX31785 and compatibles (SENSORS_MAX31785) [M/n/?] m
    Maxim MAX34440 and compatibles (SENSORS_MAX34440) [M/n/?] m
    Maxim MAX8688 (SENSORS_MAX8688) [M/n/?] m
    MPS MP2856 (SENSORS_MP2856) [M/n/?] m
    MPS MP2869 (SENSORS_MP2869) [M/n/?] m
    MPS MP2888 (SENSORS_MP2888) [M/n/?] m
    MPS MP2891 (SENSORS_MP2891) [M/n/?] m
    MPS MP2925 (SENSORS_MP2925) [N/m/?] (NEW) 
    MPS MP29502 (SENSORS_MP29502) [M/n/?] m
    MPS MP2975 (SENSORS_MP2975) [M/n/?] m
    MPS MP2993 (SENSORS_MP2993) [M/n/?] m
    Regulator support for MPS MP2975 (SENSORS_MP2975_REGULATOR) [Y/n/?] y
    MPS MP5023 (SENSORS_MP5023) [M/n/?] m
    MPS MP5920 (SENSORS_MP5920) [M/n/?] m
    MPS MP5926 (SENSORS_MP5926) [N/m/?] (NEW) 
    MPS MP5990 (SENSORS_MP5990) [M/n/?] m
    MPS MP9941 (SENSORS_MP9941) [M/n/?] m
    MPS MP9945 (SENSORS_MP9945) [N/m/?] (NEW) 
    Regulator support for MPQ7932 (SENSORS_MPQ7932_REGULATOR) [Y/n/?] y
    MPS MPQ7932 (SENSORS_MPQ7932) [M/n/?] m
    MPS MPQ8785 (SENSORS_MPQ8785) [M/n/?] m
    Flex PIM4328 and compatibles (SENSORS_PIM4328) [M/n/?] m
    Vicor PLI1209BC (SENSORS_PLI1209BC) [M/n/?] m
      Regulator support for PLI1209BC (SENSORS_PLI1209BC_REGULATOR) [Y/n/?] y
    ST PM6764TR (SENSORS_PM6764TR) [M/n/?] m
    Infineon PXE1610 (SENSORS_PXE1610) [M/n/?] m
    Delta Power Supplies Q54SJ108A2 (SENSORS_Q54SJ108A2) [M/n/?] m
    ST STEF48H28 (SENSORS_STEF48H28) [N/m/?] (NEW) 
    ST STPDDC60 (SENSORS_STPDDC60) [M/n/?] m
    Infineon TDA38640 (SENSORS_TDA38640) [M/n/?] m
      Regulator support for TDA38640 and compatibles (SENSORS_TDA38640_REGULATOR) [Y/n/?] y
    TI TPS25990 (SENSORS_TPS25990) [M/n/?] m
      Regulator support for TPS25990 and compatibles (SENSORS_TPS25990_REGULATOR) [Y/n/?] y
    TI TPS40422 (SENSORS_TPS40422) [M/n/?] m
    TI TPS53647, TPS53667, TPS53676, TPS53679, TPS53681, TPS53688 (SENSORS_TPS53679) [M/n/?] m
    TPS546D24 (SENSORS_TPS546D24) [M/n/?] m
    TI UCD90120, UCD90124, UCD90160, UCD90320, UCD9090, UCD90910 (SENSORS_UCD9000) [M/n/?] m
    TI UCD9220, UCD9222, UCD9224, UCD9240, UCD9244, UCD9246, UCD9248 (SENSORS_UCD9200) [M/n/?] m
    Infineon XDP710 family (SENSORS_XDP710) [M/n/?] m
    Infineon XDP720 family (SENSORS_XDP720) [N/m/?] (NEW) 
    Infineon XDPE152 family (SENSORS_XDPE152) [M/n/?] m
    Infineon XDPE1A2G7B (SENSORS_XDPE1A2G7B) [N/m/?] (NEW) 
    Infineon XDPE122 family (SENSORS_XDPE122) [M/n/?] m
      Regulator support for XDPE122 and compatibles (SENSORS_XDPE122_REGULATOR) [Y/n/?] y
    Intersil ZL6100 and compatibles (SENSORS_ZL6100) [M/n/?] m
  Astera Labs PT5161L PCIe retimer hardware monitoring (SENSORS_PT5161L) [M/n/y/?] m
  PWM fan (SENSORS_PWM_FAN) [M/n/y/?] m
  QNAP MCU hardware monitoring (SENSORS_QNAP_MCU_HWMON) [M/n/?] m
  Emulated SB-TSI temperature sensor (SENSORS_SBTSI) [M/n/y/?] m
  Sensiron humidity and temperature sensors. SHT15 and compat. (SENSORS_SHT15) [M/n/y/?] m
  Sensiron humidity and temperature sensors. SHT21 and compat. (SENSORS_SHT21) [M/n/y/?] m
  Sensiron humidity and temperature sensors. SHT3x and compat. (SENSORS_SHT3x) [M/n/y/?] m
  Sensiron humidity and temperature sensors. SHT4x and compat. (SENSORS_SHT4x) [M/n/y/?] m
  Sensiron humidity and temperature sensors. SHTC1 and compat. (SENSORS_SHTC1) [M/n/y/?] m
  Silicon Integrated Systems Corp. SiS5595 (SENSORS_SIS5595) [M/n/y/?] m
  Silergy SY7636A (SENSORS_SY7636A) [M/n/?] m
  SMSC DME1737, SCH311x and compatibles (SENSORS_DME1737) [M/n/y/?] m
  SMSC EMC1403/23 thermal sensor (SENSORS_EMC1403) [M/n/y/?] m
  SMSC EMC2103 (SENSORS_EMC2103) [M/n/y/?] m
  Microchip EMC2305 and compatible EMC2301/2/3 (SENSORS_EMC2305) [M/n/y/?] m
  SMSC EMC6W201 (SENSORS_EMC6W201) [M/n/y/?] m
  SMSC LPC47M10x and compatibles (SENSORS_SMSC47M1) [M/n/y/?] m
  SMSC LPC47M192 and compatibles (SENSORS_SMSC47M192) [M/n/y/?] m
  SMSC LPC47B397-NC (SENSORS_SMSC47B397) [M/n/y/?] m
  SMSC SCH5627 (SENSORS_SCH5627) [M/n/y/?] m
  SMSC SCH5636 (SENSORS_SCH5636) [M/n/y/?] m
  ST Microelectronics STTS751 (SENSORS_STTS751) [M/n/y/?] m
  Surface Fan Driver (SENSORS_SURFACE_FAN) [M/n/?] m
  Microsoft Surface Thermal Sensor Driver (SENSORS_SURFACE_TEMP) [M/n/?] m
  Texas Instruments ADC128D818 (SENSORS_ADC128D818) [M/n/y/?] m
  Texas Instruments ADS7828 and compatibles (SENSORS_ADS7828) [M/n/y/?] m
  Texas Instruments ADS7871 A/D converter (SENSORS_ADS7871) [M/n/y/?] m
  Texas Instruments AMC6821 (SENSORS_AMC6821) [M/n/y/?] m
  TI / Burr Brown INA209 (SENSORS_INA209) [M/n/y/?] m
  Texas Instruments INA219 and compatibles (SENSORS_INA2XX) [M/n/y/?] m
  Texas Instruments INA238 and compatibles (SENSORS_INA238) [M/n/y/?] m
  Texas Instruments INA3221 Triple Power Monitor (SENSORS_INA3221) [M/n/y/?] m
  SPD5118 Compliant Temperature Sensors (SENSORS_SPD5118) [M/n/y/?] m
    Enable detect function (SENSORS_SPD5118_DETECT) [Y/n/?] y
  Microchip TC74 (SENSORS_TC74) [M/n/y/?] m
  Texas Instruments THMC50 / Analog Devices ADM1022 (SENSORS_THMC50) [M/n/y/?] m
  Texas Instruments TMP102 (SENSORS_TMP102) [M/n/y/?] m
  Texas Instruments TMP103 (SENSORS_TMP103) [M/n/y/?] m
  Texas Instruments TMP108 (SENSORS_TMP108) [M/n/y/?] m
  Texas Instruments TMP401 and compatibles (SENSORS_TMP401) [M/n/y/?] m
  Texas Instruments TMP421 and compatible (SENSORS_TMP421) [M/n/y/?] m
  Texas Instruments TMP464 and compatible (SENSORS_TMP464) [M/n/y/?] m
  Texas Instruments TMP513 and compatibles (SENSORS_TMP513) [M/n/y/?] m
  ST Microelectronics TSC1641 Power Monitor (SENSORS_TSC1641) [N/m/y/?] (NEW) 
  VIA CPU temperature sensor (SENSORS_VIA_CPUTEMP) [M/n/y/?] m
  VIA686A (SENSORS_VIA686A) [M/n/y/?] m
  VIA VT1211 (SENSORS_VT1211) [M/n/y/?] m
  VIA VT8231 (SENSORS_VT8231) [M/n/y/?] m
  Nuvoton W83773G (SENSORS_W83773G) [M/n/y/?] m
  Winbond W83781D, W83782D, W83783S, Asus AS99127F (SENSORS_W83781D) [M/n/y/?] m
  Winbond W83791D (SENSORS_W83791D) [M/n/y/?] m
  Winbond W83792D (SENSORS_W83792D) [M/n/y/?] m
  Winbond W83793 (SENSORS_W83793) [M/n/y/?] m
  Winbond/Nuvoton W83795G/ADG (SENSORS_W83795) [M/n/y/?] m
    Include automatic fan control support (SENSORS_W83795_FANCTRL) [N/y/?] n
  Winbond W83L785TS-S (SENSORS_W83L785TS) [M/n/y/?] m
  Winbond W83L786NG, W83L786NR (SENSORS_W83L786NG) [M/n/y/?] m
  Winbond W83627HF, W83627THF, W83637HF, W83687THF, W83697HF (SENSORS_W83627HF) [M/n/y/?] m
  Winbond W83627EHF/EHG/DHG/UHG, W83667HG (SENSORS_W83627EHF) [M/n/y/?] m
  WM831x PMICs (SENSORS_WM831X) [M/n/y/?] m
  Wolfson Microelectronics WM835x (SENSORS_WM8350) [M/n/y/?] m
  APM X-Gene SoC hardware monitoring driver (SENSORS_XGENE) [M/n/y/?] m
  Lenovo Yoga Fan Hardware Monitoring (SENSORS_YOGAFAN) [N/m/y/?] (NEW) 
  Intel MAX10 BMC Hardware Monitoring (SENSORS_INTEL_M10_BMC_HWMON) [M/n/?] m
  *
  * ACPI drivers
  *
  ACPI 4.0 power meter (SENSORS_ACPI_POWER) [M/n/y/?] m
  ASUS ATK0110 (SENSORS_ATK0110) [M/n/y/?] m
  ASUS WMI X370/X470/B450/X399 (SENSORS_ASUS_WMI) [M/n/?] m
  ASUS EC Sensors (SENSORS_ASUS_EC) [M/n/y/?] m
  HP WMI Sensors (SENSORS_HP_WMI) [M/n/?] m
*
* Multifunction device drivers
*
AMS AS3711 (MFD_AS3711) [Y/n/?] y
Ampere Computing SMpro core driver (MFD_SMPRO) [M/n/y/?] m
Analog Devices ADP5520/01 MFD PMIC Core Support (PMIC_ADP5520) [Y/n/?] y
AnalogicTech AAT2870 (MFD_AAT2870_CORE) [Y/n/?] y
Broadcom BCM590xx PMUs (MFD_BCM590XX) [M/n/y/?] m
ROHM BD9571MWV PMIC (MFD_BD9571MWV) [M/n/y/?] m
X-Powers AXP series PMICs with I2C (MFD_AXP20X_I2C) [M/n/y/?] m
Congatec Board Controller (MFD_CGBC) [M/n/y/?] m
ChromeOS Embedded Controller multifunction device (MFD_CROS_EC_DEV) [M/n/?] m
Cirrus Logic CS40L50 (I2C) (MFD_CS40L50_I2C) [M/n/y/?] m
Cirrus Logic CS40L50 (SPI) (MFD_CS40L50_SPI) [M/n/y/?] m
Cirrus Logic CS42L43 (I2C) (MFD_CS42L43_I2C) [M/n/y/?] m
Cirrus Logic CS42L43 (SoundWire) (MFD_CS42L43_SDW) [M/?] m
Apple System Management Controller (SMC) Core (MFD_MACSMC_CORE) [N/m/y/?] (NEW) 
Cirrus Logic Madera codecs (MFD_MADERA) [M/n/y/?] m
  Cirrus Logic Madera codecs with I2C (MFD_MADERA_I2C) [M/n/?] m
  Cirrus Logic Madera codecs with SPI (MFD_MADERA_SPI) [M/n/?] m
  Cirrus Logic CS47L15 (MFD_CS47L15) [Y/n/?] y
  Cirrus Logic CS47L35 (MFD_CS47L35) [Y/n/?] y
  Cirrus Logic CS47L85 (MFD_CS47L85) [Y/n/?] y
  Cirrus Logic CS47L90/91 (MFD_CS47L90) [Y/n/?] y
  Cirrus Logic CS47L92/93 (MFD_CS47L92) [Y/n/?] y
Dialog Semiconductor DA9030/DA9034 PMIC Support (PMIC_DA903X) [Y/n/?] y
Dialog Semiconductor DA9052/53 PMIC variants with SPI (MFD_DA9052_SPI) [Y/n/?] y
Dialog Semiconductor DA9052/53 PMIC variants with I2C (MFD_DA9052_I2C) [Y/n/?] y
Dialog Semiconductor DA9055 PMIC Support (MFD_DA9055) [Y/n/?] y
Dialog Semiconductor DA9062/61 PMIC Support (MFD_DA9062) [M/n/y/?] m
Dialog Semiconductor DA9063 PMIC Support (MFD_DA9063) [M/n/y/?] m
Dialog Semiconductor DA9150 Charger Fuel-Gauge chip (MFD_DA9150) [M/n/y/?] m
Diolan DLN2 support (MFD_DLN2) [M/n/y/?] m
Freescale MC13783 and MC13892 SPI interface (MFD_MC13XXX_SPI) [M/n/y/?] m
Freescale MC13892 I2C interface (MFD_MC13XXX_I2C) [M/n/y/?] m
Monolithic Power Systems MP2629 ADC and Battery charger (MFD_MP2629) [M/n/y/?] m
Intel Quark MFD I2C GPIO (MFD_INTEL_QUARK_I2C_GPIO) [M/n/y/?] m
Intel ICH LPC (LPC_ICH) [M/y/?] m
Intel SCH LPC (LPC_SCH) [M/y/?] m
Support for Crystal Cove PMIC (INTEL_SOC_PMIC) [Y/n/?] y
Support for Intel Broxton Whiskey Cove PMIC (INTEL_SOC_PMIC_BXTWC) [M/n/?] m
Support for Intel Cherry Trail Whiskey Cove PMIC (INTEL_SOC_PMIC_CHTWC) [Y/n/?] y
Support for Intel Cherry Trail Dollar Cove TI PMIC (INTEL_SOC_PMIC_CHTDC_TI) [M/n/y/?] m
Support for Intel Merrifield Basin Cove PMIC (INTEL_SOC_PMIC_MRFLD) [M/n/y/?] m
Intel Low Power Subsystem support in ACPI mode (MFD_INTEL_LPSS_ACPI) [M/n/y/?] m
Intel Low Power Subsystem support in PCI mode (MFD_INTEL_LPSS_PCI) [M/n/y/?] m
Intel PMC Driver for Broxton (MFD_INTEL_PMC_BXT) [M/n/y/?] m
Azoteq IQS620A/621/622/624/625 core support (MFD_IQS62X) [M/n/y/?] m
Janz CMOD-IO PCI MODULbus Carrier Board (MFD_JANZ_CMODIO) [M/n/y/?] m
Kontron module PLD device (MFD_KEMPLD) [M/n/y/?] m
Marvell 88PM800 (MFD_88PM800) [M/n/y/?] m
Marvell 88PM805 (MFD_88PM805) [M/n/y/?] m
Marvell 88PM8606/88PM8607 (MFD_88PM860X) [Y/n/?] y
Maxim 5970/5978 power switch and monitor (MFD_MAX5970) [N/m/y/?] (NEW) 
Maxim Semiconductor MAX14577/77836 MUIC + Charger Support (MFD_MAX14577) [M/n/y/?] m
Analog Devices MAX77541/77540 PMIC Support (MFD_MAX77541) [M/n/y/?] m
Maxim Semiconductor MAX77693 PMIC Support (MFD_MAX77693) [M/n/y/?] m
Maxim MAX77705 PMIC Support (MFD_MAX77705) [M/n/y/?] m
Maxim Semiconductor MAX77843 PMIC Support (MFD_MAX77843) [Y/n/?] y
Maxim Semiconductor MAX8907 PMIC Support (MFD_MAX8907) [M/n/y/?] m
Maxim Semiconductor MAX8925 PMIC Support (MFD_MAX8925) [Y/n/?] y
Maxim Semiconductor MAX8997/8966 PMIC Support (MFD_MAX8997) [Y/n/?] y
Maxim Semiconductor MAX8998/National LP3974 PMIC Support (MFD_MAX8998) [Y/n/?] y
Mediatek MT6360 SubPMIC (MFD_MT6360) [M/n/y/?] m
MediaTek MT6370 SubPMIC (MFD_MT6370) [M/n/y/?] m
MediaTek MT6397 PMIC Support (MFD_MT6397) [M/n/y/?] m
MEN 14F021P00 Board Management Controller Support (MFD_MENF21BMC) [M/n/y/?] m
Nuvoton NCT6694 support (MFD_NCT6694) [M/n/y/?] m
Microsemi Ocelot External Control Support (MFD_OCELOT) [M/y/?] m
Motorola EZXPCAP Support (EZX_PCAP) [Y/n/?] y
Nano River Technologies Viperboard (MFD_VIPERBOARD) [M/n/y/?] m
Nokia Retu and Tahvo multi-function device (MFD_RETU) [M/n/y/?] m
Silergy SY7636A voltage regulator (MFD_SY7636A) [M/n/y/?] m
RDC R-321x southbridge (MFD_RDC321X) [M/y/?] m
Richtek RT4831 four channel WLED and Display Bias Voltage (MFD_RT4831) [M/n/y/?] m
Richtek RT5033 Power Management IC (MFD_RT5033) [M/n/y/?] m
Richtek RT5120 Power Management IC (MFD_RT5120) [M/n/y/?] m
Ricoh RC5T583 Power Management system device (MFD_RC5T583) [Y/n/?] y
Silicon Laboratories 4761/64/68 AM/FM radio. (MFD_SI476X_CORE) [M/n/y/?] m
Silicon Motion SM501 (MFD_SM501) [M/n/y/?] m
  Export GPIO via GPIO layer (MFD_SM501_GPIO) [Y/n/?] y
Skyworks Solutions SKY81452 (MFD_SKY81452) [M/n/y/?] m
System Controller Register R/W Based on Regmap (MFD_SYSCON) [Y/?] y
TI/National Semiconductor LP3943 MFD Driver (MFD_LP3943) [M/n/y/?] m
TI LP8788 Power Management Unit Driver (MFD_LP8788) [Y/n/?] y
TI Lighting Management Unit driver (MFD_TI_LMU) [M/n/y/?] m
TI BQ257XX Buck/Boost Charge Controller (MFD_BQ257XX) [M/n/y/?] m
TI Palmas series chips (MFD_PALMAS) [M/n/y/?] m
TI TPS61050/61052 Boost Converters (TPS6105X) [M/n/y/?] m
TI TPS6501x Power Management chips (TPS65010) [M/n/y/?] m
TI TPS6507x Power Management / Touch Screen chips (TPS6507X) [M/n/y/?] m
TI TPS65086 Power Management Integrated Chips (PMICs) (MFD_TPS65086) [M/n/y/?] m
TI TPS65090 Power Management chips (MFD_TPS65090) [Y/n/?] y
TI LP873X Power Management IC (MFD_TI_LP873X) [M/n/y/?] m
TI TPS6586x Power Management chips (MFD_TPS6586X) [Y/n/?] y
TI TPS65910 Power Management chip (MFD_TPS65910) [Y/n/?] y
TI TPS65912 Power Management chip with I2C (MFD_TPS65912_I2C) [M/n/y/?] m
TI TPS65912 Power Management chip with SPI (MFD_TPS65912_SPI) [M/n/y/?] m
TI TPS6594 Power Management chip with I2C (MFD_TPS6594_I2C) [M/n/y/?] m
TI TPS6594 Power Management chip with SPI (MFD_TPS6594_SPI) [M/n/y/?] m
TI TWL4030/TWL5030/TWL6030/TPS659x0 Support (TWL4030_CORE) [Y/n/?] y
  TI TWL4030 Audio (MFD_TWL4030_AUDIO) [Y/?] y
TI TWL6040 audio codec (TWL6040_CORE) [Y/n/?] y
TI/National Semiconductor LM3533 Lighting Power chip (MFD_LM3533) [M/n/y/?] m
TQ-Systems IO controller TQMX86 (MFD_TQMX86) [M/n/y/?] m
VIA VX855/VX875 integrated south bridge (MFD_VX855) [M/y/?] m
Cirrus Logic/Wolfson Microelectronics Arizona platform with I2C (MFD_ARIZONA_I2C) [M/n/y/?] m
Cirrus Logic/Wolfson Microelectronics Arizona platform with SPI (MFD_ARIZONA_SPI) [M/n/y/?] m
Cirrus Logic CS47L24 and WM1831 (MFD_CS47L24) [Y/n/?] y
Wolfson Microelectronics WM5102 (MFD_WM5102) [Y/n/?] y
Wolfson Microelectronics WM5110 and WM8280/WM8281 (MFD_WM5110) [Y/n/?] y
Wolfson Microelectronics WM8997 (MFD_WM8997) [Y/n/?] y
Wolfson Microelectronics WM8998 (MFD_WM8998) [Y/n/?] y
Wolfson Microelectronics WM8400 (MFD_WM8400) [Y/n/?] y
Wolfson Microelectronics WM831x/2x PMICs with I2C (MFD_WM831X_I2C) [Y/n/?] y
Wolfson Microelectronics WM831x/2x PMICs with SPI (MFD_WM831X_SPI) [Y/n/?] y
Wolfson Microelectronics WM8350 with I2C (MFD_WM8350_I2C) [Y/n/?] y
Wolfson Microelectronics WM8994 (MFD_WM8994) [M/n/y/?] m
Support for WCD9340/WCD9341 Codec (MFD_WCD934X) [M/n/?] m
Actions Semi ATC260x PMICs with I2C (MFD_ATC260X_I2C) [M/n/y/?] m
RAVE SP MCU core driver (RAVE_SP_CORE) [M/n/y/?] m
Intel MAX 10 Board Management Controller with SPI (MFD_INTEL_M10_BMC_SPI) [M/n/y/?] m
Intel MAX 10 Board Management Controller with PMCI (MFD_INTEL_M10_BMC_PMCI) [M/n/?] m
QNAP microcontroller unit core driver (MFD_QNAP_MCU) [M/n/y/?] m
Support for the AAeon UP board FPGA (MFD_UPBOARD_FPGA) [M/n/y/?] m
Maxim MAX7360 I2C IO Expander (MFD_MAX7360) [M/n/y/?] m
*
* Voltage and Current Regulator Support
*
Voltage and Current Regulator Support (REGULATOR) [Y/?] y
  Regulator debug support (REGULATOR_DEBUG) [N/y/?] n
  Fixed voltage regulator support (REGULATOR_FIXED_VOLTAGE) [M/y/?] m
  Virtual regulator consumer support (REGULATOR_VIRTUAL_CONSUMER) [M/n/y/?] m
  Userspace regulator consumer support (REGULATOR_USERSPACE_CONSUMER) [M/n/y/?] m
  Enable support for receiving regulator events via netlink (REGULATOR_NETLINK_EVENTS) [Y/n/?] y
  Marvell 88PG86X voltage regulators (REGULATOR_88PG86X) [M/n/y/?] m
  Marvell 88PM800 Power regulators (REGULATOR_88PM800) [M/n/?] m
  Marvell 88PM8607 Power regulators (REGULATOR_88PM8607) [M/n/y/?] m
  Active-semi act8865 voltage regulator (REGULATOR_ACT8865) [M/n/y/?] m
  Analog Devices AD5398/AD5821 regulators (REGULATOR_AD5398) [M/n/y/?] m
  Analog Devices ADP5055 Triple Buck Regulator (REGULATOR_ADP5055) [M/n/y/?] m
  AnalogicTech AAT2870 Regulators (REGULATOR_AAT2870) [M/n/y/?] m
  Cirrus Madera and Wolfson Arizona class devices LDO1 (REGULATOR_ARIZONA_LDO1) [M/n/?] m
  Cirrus Madera and Wolfson Arizona class devices MICSUPP (REGULATOR_ARIZONA_MICSUPP) [M/n/?] m
  AS3711 PMIC (REGULATOR_AS3711) [M/n/y/?] m
  Actions Semi ATC260x PMIC Regulators (REGULATOR_ATC260X) [M/n/?] m
  Awinic AW37503 Dual Output Power regulators (REGULATOR_AW37503) [M/n/y/?] m
  X-POWERS AXP20X PMIC Regulators (REGULATOR_AXP20X) [M/n/?] m
  Broadcom BCM590xx PMU Regulators (REGULATOR_BCM590XX) [M/n/?] m
  ROHM BD9571MWV Regulators (REGULATOR_BD9571MWV) [M/n/?] m
  TI BQ257XX regulator family (REGULATOR_BQ257XX) [M/n/?] m
  Dialog Semiconductor DA9052/DA9053 regulators (REGULATOR_DA9052) [M/n/y/?] m
  Dialog Semiconductor DA9055 regulators (REGULATOR_DA9055) [M/n/y/?] m
  Dialog Semiconductor DA9061/62 regulators (REGULATOR_DA9062) [M/n/?] m
  Dialog Semiconductor DA9210 regulator (REGULATOR_DA9210) [M/n/y/?] m
  Dialog Semiconductor DA9211/DA9212/DA9213/DA9223/DA9214/DA9224/DA9215/DA9225 regulator (REGULATOR_DA9211) [M/n/y/?] m
  Fairchild FAN53555 Regulator (REGULATOR_FAN53555) [M/n/y/?] m
  GPIO regulator support (REGULATOR_GPIO) [M/n/y/?] m
  Intersil ISL9305 regulator (REGULATOR_ISL9305) [M/n/y/?] m
  Intersil ISL6271A Power regulator (REGULATOR_ISL6271A) [M/n/y/?] m
  FitiPower FP9931/JD9930 EPD regulator (REGULATOR_FP9931) [N/m/y/?] (NEW) 
  TI LM363X voltage regulators (REGULATOR_LM363X) [M/n/?] m
  National Semiconductors LP3971 PMIC regulator driver (REGULATOR_LP3971) [M/n/y/?] m
  National Semiconductors LP3972 PMIC regulator driver (REGULATOR_LP3972) [M/n/y/?] m
  TI/National Semiconductor LP8720/LP8725 voltage regulators (REGULATOR_LP872X) [M/n/y/?] m
  TI LP8755 High Performance PMU driver (REGULATOR_LP8755) [M/n/y/?] m
  TI LP8788 Power Regulators (REGULATOR_LP8788) [M/n/y/?] m
  LTC3589 8-output voltage regulator (REGULATOR_LTC3589) [M/n/y/?] m
  LTC3676 8-output voltage regulator (REGULATOR_LTC3676) [M/n/y/?] m
  Maxim 14577/77836 regulator (REGULATOR_MAX14577) [M/n/?] m
  Maxim 1586/1587 voltage regulator (REGULATOR_MAX1586) [M/n/y/?] m
  Analog Devices MAX77503 Regulator (REGULATOR_MAX77503) [M/n/y/?] m
  Analog Devices MAX77541/77540 Regulator (REGULATOR_MAX77541) [M/n/?] m
  ADI MAX77857/MAX77831 regulator support (REGULATOR_MAX77857) [M/n/y/?] m
  Maxim 8649 voltage regulator (REGULATOR_MAX8649) [M/n/y/?] m
  Maxim 8660/8661 voltage regulator (REGULATOR_MAX8660) [M/n/y/?] m
  Maxim 8893 voltage regulator (REGULATOR_MAX8893) [M/n/y/?] m
  Maxim 8907 voltage regulator (REGULATOR_MAX8907) [M/n/?] m
  Maxim MAX8925 Power Management IC (REGULATOR_MAX8925) [M/n/y/?] m
  Maxim MAX8952 Power Management IC (REGULATOR_MAX8952) [M/n/y/?] m
  Maxim 8997/8966 regulator (REGULATOR_MAX8997) [M/n/y/?] m
  Maxim 8998 voltage regulator (REGULATOR_MAX8998) [M/n/y/?] m
  Maxim MAX20086-MAX20089 Camera Power Protectors (REGULATOR_MAX20086) [M/n/y/?] m
  Maxim MAX20411 High-Efficiency Single Step-Down Converter (REGULATOR_MAX20411) [M/n/y/?] m
  Maxim 77693/77843 regulator (REGULATOR_MAX77693) [M/n/y/?] m
  Maxim 77826 regulator (REGULATOR_MAX77826) [M/n/y/?] m
  Maxim 77838 regulator (REGULATOR_MAX77838) [M/n/y/?] m
  Freescale MC13783 regulator driver (REGULATOR_MC13783) [M/n/?] m
  Freescale MC13892 regulator driver (REGULATOR_MC13892) [M/n/?] m
  MPS MP8859 regulator driver (REGULATOR_MP8859) [M/n/y/?] m
  MediaTek MT6311 PMIC (REGULATOR_MT6311) [M/n/y/?] m
  MediaTek MT6323 PMIC (REGULATOR_MT6323) [M/n/?] m
  MediaTek MT6331 PMIC (REGULATOR_MT6331) [M/n/?] m
  MediaTek MT6332 PMIC (REGULATOR_MT6332) [M/n/?] m
  MediaTek MT6357 PMIC (REGULATOR_MT6357) [M/n/?] m
  MediaTek MT6358 PMIC (REGULATOR_MT6358) [M/n/?] m
  MediaTek MT6359 PMIC (REGULATOR_MT6359) [M/n/?] m
  MT6360 SubPMIC Regulator (REGULATOR_MT6360) [M/n/?] m
  MT6370 SubPMIC Regulator (REGULATOR_MT6370) [M/n/?] m
  MediaTek MT6397 PMIC (REGULATOR_MT6397) [M/n/?] m
  TI Palmas PMIC Regulators (REGULATOR_PALMAS) [M/n/?] m
  NXP PCA9450A/PCA9450B/PCA9450C regulator driver (REGULATOR_PCA9450) [M/n/y/?] m
  NXP PF9453 regulator driver (REGULATOR_PF9453) [M/n/y/?] m
  Motorola PCAP2 regulator driver (REGULATOR_PCAP) [M/n/y/?] m
  NXP PF0900/PF0901/PF09XX regulator driver (REGULATOR_PF0900) [M/n/y/?] m
  Powerventure Semiconductor PV88060 regulator (REGULATOR_PV88060) [M/n/y/?] m
  Powerventure Semiconductor PV88080 regulator (REGULATOR_PV88080) [M/n/y/?] m
  Powerventure Semiconductor PV88090 regulator (REGULATOR_PV88090) [M/n/y/?] m
  PWM voltage regulator (REGULATOR_PWM) [M/n/y/?] m
  Renesas RAA215300 driver (REGULATOR_RAA215300) [M/n/y/?] m
  RICOH RC5T583 Power regulators (REGULATOR_RC5T583) [M/n/y/?] m
  Richtek RT4801 Regulators (REGULATOR_RT4801) [M/n/y/?] m
  Richtek RT4803 boost regulator (REGULATOR_RT4803) [M/n/y/?] m
  Richtek RT4831 DSV Regulators (REGULATOR_RT4831) [M/n/?] m
  Richtek RT5033 Regulators (REGULATOR_RT5033) [M/n/?] m
  Richtek RT5120 PMIC Regulators (REGULATOR_RT5120) [M/n/?] m
  Richtek RT5190A PMIC (REGULATOR_RT5190A) [M/n/y/?] m
  Richtek RT5739 Regulator (REGULATOR_RT5739) [M/n/y/?] m
  Richtek RT5759 Regulator (REGULATOR_RT5759) [M/n/y/?] m
  Richtek RT6160 BuckBoost voltage regulator (REGULATOR_RT6160) [M/n/y/?] m
  Richtek RT6190 4-Switch BuckBoost controller (REGULATOR_RT6190) [M/n/y/?] m
  Richtek RT6245 voltage regulator (REGULATOR_RT6245) [M/n/y/?] m
  Richtek RT8092 voltage regulator (REGULATOR_RT8092) [N/m/y/?] (NEW) 
  Richtek RTQ2134 SubPMIC Regulator (REGULATOR_RTQ2134) [M/n/y/?] m
  Richtek RTMV20 Laser Diode Regulator (REGULATOR_RTMV20) [M/n/y/?] m
  Richtek RTQ6752 TFT LCD voltage regulator (REGULATOR_RTQ6752) [M/n/y/?] m
  Richtek RTQ2208 SubPMIC Regulator (REGULATOR_RTQ2208) [M/n/y/?] m
  Skyworks Solutions SKY81452 voltage regulator (REGULATOR_SKY81452) [M/n/?] m
  Dialog Semiconductor SLG51000 regulators (REGULATOR_SLG51000) [M/n/y/?] m
  Silergy SY7636A voltage regulator (REGULATOR_SY7636A) [M/n/?] m
  TI TPS51632 Power Regulator (REGULATOR_TPS51632) [M/n/y/?] m
  TI TPS6105X Power regulators (REGULATOR_TPS6105X) [M/n/?] m
  TI TPS6236x Power Regulator (REGULATOR_TPS62360) [M/n/y/?] m
  TI TPS65023 Power regulators (REGULATOR_TPS65023) [M/n/y/?] m
  TI TPS6507X Power regulators (REGULATOR_TPS6507X) [M/n/y/?] m
  TI TPS65086 Power regulators (REGULATOR_TPS65086) [M/n/?] m
  TI TPS65090 Power regulator (REGULATOR_TPS65090) [M/n/y/?] m
  TI TPS65132 Dual Output Power regulators (REGULATOR_TPS65132) [M/n/y/?] m
  TI TPS65185 EPD regulator (REGULATOR_TPS65185) [N/m/y/?] (NEW) 
  TI TPS6524X Power regulators (REGULATOR_TPS6524X) [M/n/y/?] m
  TI TPS6586X Power regulators (REGULATOR_TPS6586X) [M/n/y/?] m
  TI TPS65910/TPS65911 Power Regulators (REGULATOR_TPS65910) [M/n/y/?] m
  TI TPS65912 Power regulator (REGULATOR_TPS65912) [M/n/?] m
  TI TPS68470 PMIC Regulators Driver (REGULATOR_TPS68470) [M/n/?] m
  TI TWL4030/TWL5030/TWL6030/TPS659x0 PMIC (REGULATOR_TWL4030) [M/n/y/?] m
  Wolfson Microelectronics WM831x PMIC regulators (REGULATOR_WM831X) [M/n/y/?] m
  Wolfson Microelectronics WM8350 AudioPlus PMIC (REGULATOR_WM8350) [M/n/y/?] m
  Wolfson Microelectronics WM8400 AudioPlus PMIC (REGULATOR_WM8400) [M/n/y/?] m
  Wolfson Microelectronics WM8994 CODEC (REGULATOR_WM8994) [M/n/?] m
*
* Media platform devices
*
Media platform devices (MEDIA_PLATFORM_DRIVERS) [Y/n/?] y
  V4L platform devices (V4L_PLATFORM_DRIVERS) [Y/n/?] y
  DVB platform devices (DVB_PLATFORM_DRIVERS) [Y/n/?] y
  Memory-to-memory multimedia devices (V4L_MEM2MEM_DRIVERS) [Y/n/?] y
    Deinterlace support (VIDEO_MEM2MEM_DEINTERLACE) [M/n/?] m
  *
  * Allegro DVT media platform drivers
  *
  AMD ISP4 and camera driver (VIDEO_AMD_ISP4_CAPTURE) [N/m/?] (NEW) 
  *
  * Amlogic media platform drivers
  *
  *
  * Amphion drivers
  *
  *
  * ARM media platform drivers
  *
  *
  * Aspeed media platform drivers
  *
  *
  * Atmel media platform drivers
  *
  *
  * Cadence media platform drivers
  *
  Cadence MIPI-CSI2 RX Controller (VIDEO_CADENCE_CSI2RX) [M/n/?] m
  Cadence MIPI-CSI2 TX Controller (VIDEO_CADENCE_CSI2TX) [M/n/?] m
  *
  * Chips&Media media platform drivers
  *
  *
  * Intel media platform drivers
  *
  *
  * Marvell media platform drivers
  *
  Marvell 88ALP01 (Cafe) CMOS Camera Controller support (VIDEO_CAFE_CCIC) [M/n/?] m
  *
  * Mediatek media platform drivers
  *
  *
  * Microchip Technology, Inc. media platform drivers
  *
  *
  * Nuvoton media platform drivers
  *
  *
  * NVidia media platform drivers
  *
  *
  * NXP media platform drivers
  *
  *
  * Qualcomm media platform drivers
  *
  *
  * Raspberry Pi media platform drivers
  *
  Raspberry Pi RP1 Camera Front End (CFE) video capture driver (VIDEO_RP1_CFE) [M/n/?] m
  *
  * Renesas media platform drivers
  *
  *
  * Rockchip media platform drivers
  *
  *
  * Samsung media platform drivers
  *
  *
  * STMicroelectronics media platform drivers
  *
  *
  * Sunxi media platform drivers
  *
  *
  * Texas Instruments drivers
  *
  *
  * Verisilicon media platform drivers
  *
  *
  * VIA media platform drivers
  *
  *
  * Xilinx media platform drivers
  *
*
* Camera sensor devices
*
Camera sensor devices (VIDEO_CAMERA_SENSOR) [Y/n/?] y
  Allied Vision ALVIUM MIPI CSI-2 camera support (VIDEO_ALVIUM_CSI2) [M/n/?] m
  ON Semiconductor AR0521 sensor support (VIDEO_AR0521) [M/n/?] m
  GalaxyCore GC0308 sensor support (VIDEO_GC0308) [M/n/?] m
  GalaxyCore GC0310 sensor support (VIDEO_GC0310) [M/n/?] m
  GalaxyCore gc05a2 sensor support (VIDEO_GC05A2) [M/n/?] m
  GalaxyCore gc08a3 sensor support (VIDEO_GC08A3) [M/n/?] m
  GalaxyCore GC2145 sensor support (VIDEO_GC2145) [M/n/?] m
  Hynix Hi-556 sensor support (VIDEO_HI556) [M/n/?] m
  Hynix Hi-846 sensor support (VIDEO_HI846) [M/n/?] m
  Hynix Hi-847 sensor support (VIDEO_HI847) [M/n/?] m
  Sony IMX111 sensor support (VIDEO_IMX111) [N/m/?] (NEW) 
  Sony IMX208 sensor support (VIDEO_IMX208) [M/n/?] m
  Sony IMX214 sensor support (VIDEO_IMX214) [M/n/?] m
  Sony IMX219 sensor support (VIDEO_IMX219) [M/n/?] m
  Sony IMX258 sensor support (VIDEO_IMX258) [M/n/?] m
  Sony IMX274 sensor support (VIDEO_IMX274) [M/n/?] m
  Sony IMX283 sensor support (VIDEO_IMX283) [M/n/?] m
  Sony IMX290 sensor support (VIDEO_IMX290) [M/n/?] m
  Sony IMX296 sensor support (VIDEO_IMX296) [M/n/?] m
  Sony IMX319 sensor support (VIDEO_IMX319) [M/n/?] m
  Sony IMX355 sensor support (VIDEO_IMX355) [M/n/?] m
  mt9m001 support (VIDEO_MT9M001) [M/n/?] m
  mt9m111, mt9m112 and mt9m131 support (VIDEO_MT9M111) [M/n/?] m
  onsemi MT9M114 sensor support (VIDEO_MT9M114) [M/n/?] m
  Aptina MT9P031 support (VIDEO_MT9P031) [M/n/?] m
  Aptina MT9T111/MT9T112 support (VIDEO_MT9T112) [M/n/?] m
  Micron mt9v011 sensor support (VIDEO_MT9V011) [M/?] m
  Aptina MT9V111 sensor support (VIDEO_MT9V111) [M/n/?] m
  OmniVision OG01A1B sensor support (VIDEO_OG01A1B) [M/n/?] m
  OmniVision OG0VE1B sensor support (VIDEO_OG0VE1B) [M/n/?] m
  OmniVision OS05B10 sensor support (VIDEO_OS05B10) [N/m/?] (NEW) 
  OmniVision OV01A10 sensor support (VIDEO_OV01A10) [M/n/?] m
  OmniVision OV02A10 sensor support (VIDEO_OV02A10) [M/n/?] m
  OmniVision OV02E10 sensor support (VIDEO_OV02E10) [M/n/?] m
  OmniVision OV02C10 sensor support (VIDEO_OV02C10) [M/n/?] m
  OmniVision OV08D10 sensor support (VIDEO_OV08D10) [M/n/?] m
  OmniVision OV08X40 sensor support (VIDEO_OV08X40) [M/n/?] m
  OmniVision OV13858 sensor support (VIDEO_OV13858) [M/n/?] m
  OmniVision OV13B10 sensor support (VIDEO_OV13B10) [M/n/?] m
  OmniVision OV2640 sensor support (VIDEO_OV2640) [M/?] m
  OmniVision OV2659 sensor support (VIDEO_OV2659) [M/n/?] m
  OmniVision OV2680 sensor support (VIDEO_OV2680) [M/n/?] m
  OmniVision OV2685 sensor support (VIDEO_OV2685) [M/n/?] m
  OmniVision OV2735 sensor support (VIDEO_OV2735) [M/n/?] m
  OmniVision OV2740 sensor support (VIDEO_OV2740) [M/n/?] m
  OmniVision OV4689 sensor support (VIDEO_OV4689) [M/n/?] m
  OmniVision OV5647 sensor support (VIDEO_OV5647) [M/n/?] m
  OmniVision OV5648 sensor support (VIDEO_OV5648) [M/n/?] m
  OmniVision OV5670 sensor support (VIDEO_OV5670) [M/n/?] m
  OmniVision OV5675 sensor support (VIDEO_OV5675) [M/n/?] m
  OmniVision OV5693 sensor support (VIDEO_OV5693) [M/n/?] m
  OmniVision OV5695 sensor support (VIDEO_OV5695) [M/n/?] m
  OmniVision OV6211 sensor support (VIDEO_OV6211) [M/n/?] m
  OmniVision OV64A40 sensor support (VIDEO_OV64A40) [M/n/?] m
  OmniVision OV7251 sensor support (VIDEO_OV7251) [M/n/?] m
  OmniVision OV7640 sensor support (VIDEO_OV7640) [M/?] m
  OmniVision OV7670 sensor support (VIDEO_OV7670) [M/?] m
  OmniVision OV772x sensor support (VIDEO_OV772X) [M/n/?] m
  OmniVision OV7740 sensor support (VIDEO_OV7740) [M/n/?] m
  OmniVision OV8856 sensor support (VIDEO_OV8856) [M/n/?] m
  OmniVision OV8858 sensor support (VIDEO_OV8858) [M/n/?] m
  OmniVision OV8865 sensor support (VIDEO_OV8865) [M/n/?] m
  OmniVision OV9640 sensor support (VIDEO_OV9640) [M/n/?] m
  OmniVision OV9650/OV9652 sensor support (VIDEO_OV9650) [M/n/?] m
  OmniVision OV9734 sensor support (VIDEO_OV9734) [M/n/?] m
  IMI RDACM20 camera support (VIDEO_RDACM20) [M/n/?] m
  IMI RDACM21 camera support (VIDEO_RDACM21) [M/n/?] m
  Sharp RJ54N1CB0C sensor support (VIDEO_RJ54N1) [M/n/?] m
  Samsung S5C73M3 sensor support (VIDEO_S5C73M3) [M/n/?] m
  Samsung S5K3M5 sensor support (VIDEO_S5K3M5) [N/m/?] (NEW) 
  Samsung S5K5BAF sensor support (VIDEO_S5K5BAF) [M/n/?] m
  Samsung S5K6A3 sensor support (VIDEO_S5K6A3) [M/n/?] m
  Samsung S5KJN1 sensor support (VIDEO_S5KJN1) [N/m/?] (NEW) 
  Toshiba T4KA3 sensor support (VIDEO_T4KA3) [N/m/?] (NEW) 
  ST VD55G1 sensor support (VIDEO_VD55G1) [M/n/?] m
  ST VD56G3 sensor support (VIDEO_VD56G3) [M/n/?] m
  MIPI CCS/SMIA++/SMIA sensor support (VIDEO_CCS) [M/n/?] m
  ET8EK8 camera sensor support (VIDEO_ET8EK8) [M/n/?] m
*
* Direct Rendering Manager (XFree86 4.1.0 and higher DRI support)
*
Direct Rendering Manager (XFree86 4.1.0 and higher DRI support) (DRM) [Y/n/m/?] y
  Display a user-friendly message when a kernel panic occurs (DRM_PANIC) [Y/n/?] y
    Drm panic screen foreground color, in RGB (DRM_PANIC_FOREGROUND_COLOR) [0xffffff] 0xffffff
    Drm panic screen background color, in RGB (DRM_PANIC_BACKGROUND_COLOR) [0x0000aa] 0x0000aa
    Add a debug fs entry to trigger drm_panic (DRM_PANIC_DEBUG) [N/y/?] n
    Panic screen formatter (DRM_PANIC_SCREEN) [kmsg] kmsg
  DRM RAS support (DRM_RAS) [N/y/?] (NEW) 
  Allow to specify an EDID data set instead of probing for it (DRM_LOAD_EDID_FIRMWARE) [Y/n/?] y
  Enable DisplayPort CEC-Tunneling-over-AUX HDMI support (DRM_DISPLAY_DP_AUX_CEC) [Y/n/?] y
  DRM DP AUX Interface (DRM_DISPLAY_DP_AUX_CHARDEV) [Y/n/?] y
  AMD GPU (DRM_AMDGPU) [M/n/y/?] m
    Enable amdgpu support for SI parts (DRM_AMDGPU_SI) [Y/n/?] y
    Enable amdgpu support for CIK parts (DRM_AMDGPU_CIK) [Y/n/?] y
    Always enable userptr write support (DRM_AMDGPU_USERPTR) [Y/?] y
    Enable AMD Image Signal Processor IP support (DRM_AMD_ISP) [Y/n/?] y
    HSA kernel driver for AMD GPU devices (HSA_AMD) [Y/n/?] y
      Enable HMM-based shared virtual memory manager (HSA_AMD_SVM) [Y/n/?] y
      HSA kernel driver support for peer-to-peer for AMD GPU devices (HSA_AMD_P2P) [N/y/?] (NEW) 
  AST server chips (DRM_AST) [M/n/y/?] m
  ETNAVIV (DRM support for Vivante GPU IP cores) (DRM_ETNAVIV) [N/m/y/?] n
  Intel GMA500/600/3600/3650 KMS Framebuffer (DRM_GMA500) [M/n/y/?] m
  GUD USB Display (DRM_GUD) [M/n/y/?] m
  DRM Support for Hisilicon Hibmc (DRM_HISI_HIBMC) [M/n/y/?] m
  DRM Support for Hyper-V synthetic video device (DRM_HYPERV) [M/n/?] m
  Intel 8xx/9xx/G3x/G4x/HD Graphics (DRM_I915) [M/n/y/?] m
    Force probe i915 for selected Intel hardware IDs (DRM_I915_FORCE_PROBE) [*] *
    Enable capturing GPU state following a hang (DRM_I915_CAPTURE_ERROR) [Y/n/?] y
      Compress GPU error state (DRM_I915_COMPRESS_ERROR) [Y/n/?] y
    Always enable userptr support (DRM_I915_USERPTR) [Y/n/?] y
    Enable KVM host support Intel GVT-g graphics virtualization (DRM_I915_GVT_KVMGT) [M/n/?] m
    Enable Intel PXP support (DRM_I915_PXP) [Y/n/?] y
    Enable DP tunnel support (DRM_I915_DP_TUNNEL) [Y/n/?] y
  Matrox G200 (DRM_MGAG200) [M/n/y/?] m
  Nouveau (NVIDIA) cards (DRM_NOUVEAU) [M/n/y/?] m
    Maximum debug level (NOUVEAU_DEBUG) [5] 5
    Default debug level (NOUVEAU_DEBUG_DEFAULT) [3] 3
    Enable additional MMU debugging (NOUVEAU_DEBUG_MMU) [N/y/?] n
    Enable additional push buffer debugging (NOUVEAU_DEBUG_PUSH) [N/y/?] n
    Support for backlight control (DRM_NOUVEAU_BACKLIGHT) [Y/n/?] y
    (EXPERIMENTAL) Enable SVM (Shared Virtual Memory) support (DRM_NOUVEAU_SVM) [Y/n/?] y
    Chrontel ch7006 TV encoder (DRM_NOUVEAU_CH7006) [M/n/?] m
    Silicon Image sil164 TMDS transmitter (DRM_NOUVEAU_SIL164) [M/n/?] m
  QXL virtual GPU (DRM_QXL) [M/n/y/?] m
  ATI Radeon (DRM_RADEON) [M/n/y/?] m
    Always enable userptr support (DRM_RADEON_USERPTR) [Y/n/?] y
  DRM support for Sitronix ST7567/ST7571 display panels (DRM_ST7571) [N/m/y/?] (NEW) 
  DRM support for Sitronix ST7586 display panels (DRM_ST7586) [M/n/y/?] m
  DRM support for Sitronix ST7715R/ST7735R display panels (DRM_ST7735R) [M/n/y/?] m
  DRM support for Sitronix ST7920 LCD displays (DRM_ST7920) [N/m/y/?] (NEW) 
  DRM support for Solomon SSD13xx OLED displays (DRM_SSD130X) [M/n/y/?] m
    DRM support for Solomon SSD13xx OLED displays (I2C bus) (DRM_SSD130X_I2C) [M/n/?] m
    DRM support for Solomon SSD13xx OLED displays (SPI bus) (DRM_SSD130X_SPI) [M/n/?] m
  *
  * Drivers for system framebuffers
  *
  Coreboot framebuffer driver (DRM_COREBOOTDRM) [N/m/?] (NEW) 
  Simple framebuffer driver (DRM_SIMPLEDRM) [Y/n/m/?] y
  DRM support for Apple Touch Bars (DRM_APPLETBDRM) [M/n/y/?] m
  DRM Support for bochs dispi vga interface (qemu stdvga) (DRM_BOCHS) [M/n/y/?] m
  Cirrus driver for QEMU emulated device (DRM_CIRRUS_QEMU) [M/n/y/?] m
  GM12U320 driver for USB projectors (DRM_GM12U320) [M/n/y/?] m
  DRM support for MIPI DBI compatible panels (DRM_PANEL_MIPI_DBI) [M/n/y/?] m
  DRM support for PIXPAPER display panels (DRM_PIXPAPER) [M/n/y/?] m
  DRM support for HX8357D display panels (TINYDRM_HX8357D) [M/n/y/?] m
  DRM support for ILI9163 display panels (TINYDRM_ILI9163) [M/n/y/?] m
  DRM support for ILI9225 display panels (TINYDRM_ILI9225) [M/n/y/?] m
  DRM support for ILI9341 display panels (TINYDRM_ILI9341) [M/n/y/?] m
  DRM support for ILI9486 display panels (TINYDRM_ILI9486) [M/n/y/?] m
  DRM support for MI0283QT (TINYDRM_MI0283QT) [M/n/y/?] m
  DRM support for Pervasive Displays RePaper panels (V231) (TINYDRM_REPAPER) [M/n/y/?] m
  DRM support for Sharp Memory LCD panels (TINYDRM_SHARP_MEMORY) [M/n/y/?] m
  DisplayLink (DRM_UDL) [M/n/y/?] m
  Virtual Box Graphics Card (DRM_VBOXVIDEO) [M/n/y/?] m
  Virtual GEM provider (DRM_VGEM) [M/n/y/?] m
  Virtio GPU driver (DRM_VIRTIO_GPU) [M/n/y/?] m
    Virtio GPU driver modesetting support (DRM_VIRTIO_GPU_KMS) [Y/n/?] y
  Virtual KMS (EXPERIMENTAL) (DRM_VKMS) [M/n/y/?] m
  DRM driver for VMware Virtual GPU (DRM_VMWGFX) [M/n/y/?] m
    Enable mksGuestStats instrumentation of vmwgfx by default (DRM_VMWGFX_MKSSTATS) [Y/n/?] y
  Intel Xe2 Graphics (DRM_XE) [M/n/?] m
    Enable display support (DRM_XE_DISPLAY) [Y/n/?] y
      Enable DP tunnel support (DRM_XE_DP_TUNNEL) [Y/n/?] y
    Enable CPU to GPU address mirroring (DRM_XE_GPUSVM) [Y/n/?] y
      Enable device memory pool for SVM (DRM_XE_PAGEMAP) [Y/n/?] y
    Force probe xe for selected Intel hardware IDs (DRM_XE_FORCE_PROBE) [] 
  Para-virtualized frontend driver for Xen guest OS (DRM_XEN_FRONTEND) [M/n/y/?] m
*
* Backlight & LCD device support
*
Lowlevel LCD controls (LCD_CLASS_DEVICE) [M/n/y/?] m
  Epson L4F00242T03 LCD (LCD_L4F00242T03) [M/n/?] m
  Samsung LMS283GF05 LCD (LCD_LMS283GF05) [M/n/?] m
  Samsung LTV350QV LCD Panel (LCD_LTV350QV) [M/n/?] m
  ILI Technology ILI9221/ILI9222 support (LCD_ILI922X) [M/n/?] m
  ILI Technology ILI9320 controller support (LCD_ILI9320) [M/?] m
  Toppoly TDO24M and TDO35S LCD Panels support (LCD_TDO24M) [M/n/?] m
  VGG2432A4 LCM device support (LCD_VGG2432A4) [M/n/?] m
  Platform LCD controls (LCD_PLATFORM) [M/n/?] m
  AMS369FG06 AMOLED LCD Driver (LCD_AMS369FG06) [M/n/?] m
  LMS501KF03 LCD Driver (LCD_LMS501KF03) [M/n/?] m
  Himax HX-8357 LCD Driver (LCD_HX8357) [M/n/?] m
  ORISE Technology OTM3225A support (LCD_OTM3225A) [M/n/?] m
Lowlevel Backlight controls (BACKLIGHT_CLASS_DEVICE) [Y/m/?] y
  Backlight Driver for Awinic AW99706 (BACKLIGHT_AW99706) [N/m/y/?] (NEW) 
  Backlight Driver for Kinetic KTD253 (BACKLIGHT_KTD253) [M/n/y/?] m
  Backlight Driver for Kinetic KTD2801 (BACKLIGHT_KTD2801) [M/n/y/?] m
  Backlight Driver for Kinetic KTZ8866 (BACKLIGHT_KTZ8866) [M/n/y/?] m
  Backlight Driver for LM3533 (BACKLIGHT_LM3533) [M/n/?] m
  Generic PWM based Backlight Driver (BACKLIGHT_PWM) [M/n/y/?] m
  Congatec Board Controller (CGBC) backlight support (BACKLIGHT_CGBC) [N/m/?] (NEW) 
  Backlight Driver for DA9030/DA9034 using WLED (BACKLIGHT_DA903X) [M/n/y/?] m
  Dialog DA9052/DA9053 WLED (BACKLIGHT_DA9052) [M/n/y/?] m
  Backlight driver for MAX8925 (BACKLIGHT_MAX8925) [M/n/y/?] m
  MediaTek MT6370 Backlight Driver (BACKLIGHT_MT6370) [M/n/?] m
  Apple Backlight Driver (BACKLIGHT_APPLE) [M/n/?] m
  Qualcomm PMIC WLED Driver (BACKLIGHT_QCOM_WLED) [M/n/y/?] m
  Richtek RT4831 Backlight Driver (BACKLIGHT_RT4831) [M/n/?] m
  Tabletkiosk Sahara Touch-iT Backlight Driver (BACKLIGHT_SAHARA) [M/n/y/?] m
  WM831x PMIC Backlight Driver (BACKLIGHT_WM831X) [M/n/y/?] m
  Backlight Driver for ADP5520/ADP5501 using WLED (BACKLIGHT_ADP5520) [M/n/y/?] m
  Backlight Driver for ADP8860/ADP8861/ADP8863 using WLED (BACKLIGHT_ADP8860) [M/n/y/?] m
  Backlight Driver for ADP8870 using WLED (BACKLIGHT_ADP8870) [M/n/y/?] m
  Backlight Driver for 88PM8606 using WLED (BACKLIGHT_88PM860X) [M/n/y/?] m
  AnalogicTech AAT2870 Backlight (BACKLIGHT_AAT2870) [M/n/y/?] m
  Backlight Driver for LM3509 (BACKLIGHT_LM3509) [M/n/y/?] m
  Backlight Driver for LM3630A (BACKLIGHT_LM3630A) [M/n/y/?] m
  Backlight Driver for LM3639 (BACKLIGHT_LM3639) [M/n/y/?] m
  Backlight driver for TI LP855X (BACKLIGHT_LP855X) [M/n/y/?] m
  Backlight driver for TI LP8788 MFD (BACKLIGHT_LP8788) [M/n/y/?] m
  Backlight Driver for MPS MP3309C (BACKLIGHT_MP3309C) [M/n/y/?] m
  Backlight driver for Pandora console (BACKLIGHT_PANDORA) [M/n/y/?] m
  Backlight driver for SKY81452 (BACKLIGHT_SKY81452) [M/n/?] m
  AS3711 Backlight (BACKLIGHT_AS3711) [M/n/y/?] m
  Generic GPIO based Backlight Driver (BACKLIGHT_GPIO) [M/n/y/?] m
  Sanyo LV5207LP Backlight (BACKLIGHT_LV5207LP) [M/n/y/?] m
  Rohm BD6107 Backlight (BACKLIGHT_BD6107) [M/n/y/?] m
  Backlight driver for the Arctic Sands ARCxCnnnn family (BACKLIGHT_ARCXCNN) [M/n/y/?] m
  RAVE SP Backlight driver (BACKLIGHT_RAVE_SP) [M/n/?] m
*
* CS35L56 driver options
*
CS35L56 create debugfs for factory calibration (SND_HDA_SCODEC_CS35L56_CAL_DEBUGFS) [N/y/?] (NEW) 
*
* HD-Audio
*
Build hwdep interface for HD-audio driver (SND_HDA_HWDEP) [Y/n/?] y
Allow dynamic codec reconfiguration (SND_HDA_RECONFIG) [Y/?] y
Support digital beep via input layer (SND_HDA_INPUT_BEEP) [Y/n/?] y
  Digital beep registration mode (0=off, 1=on) (SND_HDA_INPUT_BEEP_MODE) [0] 0
Support initialization patch loading for HD-audio (SND_HDA_PATCH_LOADER) [Y/n/?] y
Default time-out for HD-audio power-save mode (SND_HDA_POWER_SAVE_DEFAULT) [10] 10
Use the device identifier field for controls (SND_HDA_CTL_DEV_ID) [N/y/?] n
Pre-allocated buffer size for HD-audio driver (SND_HDA_PREALLOC_SIZE) [0] 0
HD Audio PCI (SND_HDA_INTEL) [M/n/?] m
HD Audio ACPI (SND_HDA_ACPI) [M/n/?] m
Build Analog Devices HD-audio codec support (SND_HDA_CODEC_ANALOG) [M/n/?] m
Build IDT/Sigmatel HD-audio codec support (SND_HDA_CODEC_SIGMATEL) [M/n/?] m
Build VIA HD-audio codec support (SND_HDA_CODEC_VIA) [M/n/?] m
Build Conexant HD-audio codec support (SND_HDA_CODEC_CONEXANT) [M/n/?] m
Build Senarytech HD-audio codec support (SND_HDA_CODEC_SENARYTECH) [M/n/?] m
Build Creative CA0110-IBG codec support (SND_HDA_CODEC_CA0110) [M/n/?] m
Build Creative CA0132 codec support (SND_HDA_CODEC_CA0132) [M/n/?] m
  Support new DSP code for CA0132 codec (SND_HDA_CODEC_CA0132_DSP) [Y/n/?] y
Build C-Media HD-audio codec support (SND_HDA_CODEC_CMEDIA) [M/n/?] m
Build C-Media CM9825 HD-audio codec support (SND_HDA_CODEC_CM9825) [M/n/?] m
Build Silicon Labs 3054 HD-modem codec support (SND_HDA_CODEC_SI3054) [M/n/?] m
Enable generic HD-audio codec parser (SND_HDA_GENERIC) [M/?] m
Build CS35L41 HD-audio side codec support for I2C Bus (SND_HDA_SCODEC_CS35L41_I2C) [M/n/?] m
Build CS35L41 HD-audio codec support for SPI Bus (SND_HDA_SCODEC_CS35L41_SPI) [M/n/?] m
Build CS35L56 HD-audio side codec support for I2C Bus (SND_HDA_SCODEC_CS35L56_I2C) [M/n/?] m
Build CS35L56 HD-audio side codec support for SPI Bus (SND_HDA_SCODEC_CS35L56_SPI) [M/n/?] m
Build TAS2781 HD-audio side codec support for I2C Bus (SND_HDA_SCODEC_TAS2781_I2C) [M/n/?] m
Build TAS2781 HD-audio side codec support for SPI Bus (SND_HDA_SCODEC_TAS2781_SPI) [M/n/?] m
Build MAX98390 HD-audio side codec support for I2C Bus (SND_HDA_SCODEC_MAX98390_I2C) [N/m/?] (NEW) 
Build AW88399 HD-audio side codec support for I2C Bus (SND_HDA_SCODEC_AW88399_I2C) [N/m/?] (NEW) 
Prefer SOF driver over SST on BY/CHT platforms (SND_INTEL_BYT_PREFER_SOF) [N/y/?] n
*
* SoundWire (SDCA)
*
SDCA HID support (SND_SOC_SDCA_HID) [Y/n/?] y
SDCA IRQ support (SND_SOC_SDCA_IRQ) [Y/n/?] y
SDCA FDL (File DownLoad) support (SND_SOC_SDCA_FDL) [Y/n/?] (NEW) 
SDCA Class Driver (SND_SOC_SDCA_CLASS) [N/m/?] (NEW) 
*
* Sound Open Firmware (SOF) platforms
*
Sound Open Firmware (SOF) platforms (SND_SOC_SOF_TOPLEVEL) [Y/n/?] y
  SOF PCI enumeration support (SND_SOC_SOF_PCI) [M/n/?] m
  SOF ACPI enumeration support (SND_SOC_SOF_ACPI) [M/n/?] m
  SOF support for AMD audio DSPs (SND_SOC_SOF_AMD_TOPLEVEL) [M/n/?] m
    SOF support for RENOIR (SND_SOC_SOF_AMD_RENOIR) [M/n/?] m
    SOF support for VANGOGH (SND_SOC_SOF_AMD_VANGOGH) [M/n/?] m
    SOF support for REMBRANDT (SND_SOC_SOF_AMD_REMBRANDT) [M/n/?] m
    SOF support for SoundWire based AMD platforms (SND_SOC_SOF_AMD_SOUNDWIRE) [M/n/?] m
    SOF support for ACP6.3 platform (SND_SOC_SOF_AMD_ACP63) [M/n/?] m
    SOF support for ACP7.0/ACP7.1 platforms (SND_SOC_SOF_AMD_ACP70) [M/n/?] m
  SOF support for Intel audio DSPs (SND_SOC_SOF_INTEL_TOPLEVEL) [Y/n/?] y
    SOF support for Baytrail, Braswell and Cherrytrail (SND_SOC_SOF_BAYTRAIL) [M/n/?] m
    SOF support for Broadwell (SND_SOC_SOF_BROADWELL) [N/m/?] n
    SOF support for Tangier/Merrifield (SND_SOC_SOF_MERRIFIELD) [M/n/?] m
    SOF support for SkyLake (SND_SOC_SOF_SKYLAKE) [N/m/?] n
    SOF support for KabyLake (SND_SOC_SOF_KABYLAKE) [N/m/?] n
    SOF support for Apollolake (SND_SOC_SOF_APOLLOLAKE) [M/n/?] m
    SOF support for GeminiLake (SND_SOC_SOF_GEMINILAKE) [M/n/?] m
    SOF support for Cannonlake (SND_SOC_SOF_CANNONLAKE) [M/n/?] m
    SOF support for CoffeeLake (SND_SOC_SOF_COFFEELAKE) [M/n/?] m
    SOF support for CometLake (SND_SOC_SOF_COMETLAKE) [M/n/?] m
    SOF support for Icelake (SND_SOC_SOF_ICELAKE) [M/n/?] m
    SOF support for JasperLake (SND_SOC_SOF_JASPERLAKE) [M/n/?] m
    SOF support for Tigerlake (SND_SOC_SOF_TIGERLAKE) [M/n/?] m
    SOF support for ElkhartLake (SND_SOC_SOF_ELKHARTLAKE) [M/n/?] m
    SOF support for Alderlake (SND_SOC_SOF_ALDERLAKE) [M/n/?] m
    SOF support for Meteorlake (SND_SOC_SOF_METEORLAKE) [M/n/?] m
    SOF support for Lunarlake (SND_SOC_SOF_LUNARLAKE) [M/n/?] m
    SOF support for Pantherlake (SND_SOC_SOF_PANTHERLAKE) [M/n/?] m
    SOF support for Novalake (SND_SOC_SOF_NOVALAKE) [M/n/?] (NEW) 
    SOF support for HDA Links(HDA/HDMI) (SND_SOC_SOF_HDA_LINK) [Y/n/?] y
      SOF support for HDAudio codecs (SND_SOC_SOF_HDA_AUDIO_CODEC) [Y/n/?] y
    SOF support for SoundWire (SND_SOC_SOF_INTEL_SOUNDWIRE) [M/n/?] m
*
* CS35L56 driver options
*
CS35L56 create debugfs for factory calibration (SND_SOC_CS35L56_CAL_DEBUGFS) [N/y/?] (NEW) 
CS35L56 ALSA control to restore factory calibration (SND_SOC_CS35L56_CAL_SET_CTRL) [N/y/?] (NEW) 
CS35L56 ALSA control to perform factory calibration (SND_SOC_CS35L56_CAL_PERFORM_CTRL) [N/y/?] (NEW) 
*
* CODEC drivers
*
Build generic ASoC AC97 CODEC driver (SND_SOC_AC97_CODEC) [M/n/?] m
Analog Devices ADAU1372 CODEC (I2C) (SND_SOC_ADAU1372_I2C) [M/n/?] m
Analog Devices ADAU1372 CODEC (SPI) (SND_SOC_ADAU1372_SPI) [M/n/?] m
Analog Devices ADAU1373 CODEC (SND_SOC_ADAU1373) [M/n/?] m
Analog Devices ADAU1701 CODEC (SND_SOC_ADAU1701) [M/n/?] m
Analog Devices AU1761 CODEC - I2C (SND_SOC_ADAU1761_I2C) [M/n/?] m
Analog Devices AU1761 CODEC - SPI (SND_SOC_ADAU1761_SPI) [M/n/?] m
Analog Devices ADAU7002 Stereo PDM-to-I2S/TDM Converter (SND_SOC_ADAU7002) [M/?] m
Analog Devices ADAU7118 8 Channel PDM-to-I2S/TDM Converter - HW Mode (SND_SOC_ADAU7118_HW) [M/n/?] m
Analog Devices ADAU7118 8 Channel PDM-to-I2S/TDM Converter - I2C (SND_SOC_ADAU7118_I2C) [M/n/?] m
AKM AK4104 CODEC (SND_SOC_AK4104) [M/n/?] m
AKM AK4118 CODEC (SND_SOC_AK4118) [M/n/?] m
AKM AK4375 CODEC (SND_SOC_AK4375) [M/n/?] m
AKM AK4458 CODEC (SND_SOC_AK4458) [M/n/?] m
AKM AK4554 CODEC (SND_SOC_AK4554) [M/n/?] m
AKM AK4613 CODEC (SND_SOC_AK4613) [M/n/?] m
AKM AK4619 CODEC (SND_SOC_AK4619) [M/n/?] m
AKM AK4642 CODEC (SND_SOC_AK4642) [M/n/?] m
AKM AK5638 CODEC (SND_SOC_AK5386) [M/n/?] m
AKM AK5558 CODEC (SND_SOC_AK5558) [M/n/?] m
Realtek ALC5623 CODEC (SND_SOC_ALC5623) [M/n/?] m
Audio IIO Auxiliary device (SND_SOC_AUDIO_IIO_AUX) [M/n/?] m
Awinic AW8738 Audio Amplifier (SND_SOC_AW8738) [M/n/?] m
Soc Audio for awinic aw88395 (SND_SOC_AW88395) [M/n/?] m
Soc Audio for awinic aw88166 (SND_SOC_AW88166) [M/n/?] m
Soc Audio for awinic aw88261 (SND_SOC_AW88261) [M/n/?] m
Soc Audio for awinic aw88081/aw88083 (SND_SOC_AW88081) [M/n/?] m
Soc Audio for awinic aw87390 (SND_SOC_AW87390) [M/n/?] m
Soc Audio for awinic aw88399 (SND_SOC_AW88399) [M/n/?] m
ROHM BD28623 CODEC (SND_SOC_BD28623) [M/n/?] m
Dummy BT SCO codec driver (SND_SOC_BT_SCO) [N/m/?] n
Google Chameleon v3 codec driver (SND_SOC_CHV3_CODEC) [M/n/?] m
codec driver for ChromeOS EC (SND_SOC_CROS_EC_CODEC) [M/?] m
Cirrus Logic CS35L32 CODEC (SND_SOC_CS35L32) [M/n/?] m
Cirrus Logic CS35L33 CODEC (SND_SOC_CS35L33) [M/n/?] m
Cirrus Logic CS35L34 CODEC (SND_SOC_CS35L34) [M/n/?] m
Cirrus Logic CS35L35 CODEC (SND_SOC_CS35L35) [M/n/?] m
Cirrus Logic CS35L36 CODEC (SND_SOC_CS35L36) [M/n/?] m
Cirrus Logic CS35L41 CODEC (SPI) (SND_SOC_CS35L41_SPI) [M/?] m
Cirrus Logic CS35L41 CODEC (I2C) (SND_SOC_CS35L41_I2C) [M/?] m
Cirrus Logic CS35L45 CODEC (SPI) (SND_SOC_CS35L45_SPI) [M/n/?] m
Cirrus Logic CS35L45 CODEC (I2C) (SND_SOC_CS35L45_I2C) [M/n/?] m
Cirrus Logic CS35L56 CODEC (I2C) (SND_SOC_CS35L56_I2C) [M/n/?] m
Cirrus Logic CS35L56 CODEC (SPI) (SND_SOC_CS35L56_SPI) [M/?] m
Cirrus Logic CS35L56 CODEC (SDW) (SND_SOC_CS35L56_SDW) [M/?] m
Cirrus Logic CS40L50 CODEC (SND_SOC_CS40L50) [M/n/?] m
Cirrus Logic CS42L42 CODEC (I2C) (SND_SOC_CS42L42) [M/?] m
Cirrus Logic CS42L42 CODEC on Soundwire (SND_SOC_CS42L42_SDW) [M/?] m
Cirrus Logic CS42L43 CODEC (SND_SOC_CS42L43) [M/?] m
  Cirrus Logic CS42L43 CODEC (SoundWire) (SND_SOC_CS42L43_SDW) [M/?] m
Cirrus Logic CS42L51 CODEC (I2C) (SND_SOC_CS42L51_I2C) [M/n/?] m
Cirrus Logic CS42L52 CODEC (SND_SOC_CS42L52) [M/n/?] m
Cirrus Logic CS42L56 CODEC (SND_SOC_CS42L56) [M/n/?] m
Cirrus Logic CS42L73 CODEC (SND_SOC_CS42L73) [M/n/?] m
Cirrus Logic CS42L83 CODEC (SND_SOC_CS42L83) [M/n/?] m
Cirrus Logic CS42L84 CODEC (SND_SOC_CS42L84) [M/n/?] m
Cirrus Logic CS4234 CODEC (SND_SOC_CS4234) [M/n/?] m
Cirrus Logic CS4265 CODEC (SND_SOC_CS4265) [M/n/?] m
Cirrus Logic CS4270 CODEC (SND_SOC_CS4270) [M/n/?] m
Cirrus Logic CS4271 CODEC (I2C) (SND_SOC_CS4271_I2C) [M/n/?] m
Cirrus Logic CS4271 CODEC (SPI) (SND_SOC_CS4271_SPI) [M/n/?] m
Cirrus Logic CS42448/CS42888 CODEC (I2C) (SND_SOC_CS42XX8_I2C) [M/n/?] m
Cirrus Logic CS43130 CODEC (SND_SOC_CS43130) [M/n/?] m
Cirrus Logic CS4341 CODEC (SND_SOC_CS4341) [M/n/?] m
Cirrus Logic CS4349 CODEC (SND_SOC_CS4349) [M/n/?] m
Cirrus Logic CS48L32 audio DSP (SND_SOC_CS48L32) [M/n/?] m
Cirrus Logic CS53L30 CODEC (SND_SOC_CS53L30) [M/n/?] m
Cirrus Logic CS530x ADCs (I2C) (SND_SOC_CS530X_I2C) [M/n/?] m
Cirrus Logic CS530x ADCs (SPI) (SND_SOC_CS530X_SPI) [N/m/?] (NEW) 
Conexant CX2072X CODEC (SND_SOC_CX2072X) [M/?] m
Dialog DA7213 CODEC (SND_SOC_DA7213) [M/?] m
Generic Digital Microphone CODEC (SND_SOC_DMIC) [M/?] m
Everest Semi ES7134 CODEC (SND_SOC_ES7134) [M/n/?] m
Everest Semi ES7241 CODEC (SND_SOC_ES7241) [M/n/?] m
Everest Semi ES8311 CODEC (SND_SOC_ES8311) [M/n/?] m
Everest Semi ES8316 CODEC (SND_SOC_ES8316) [M/?] m
Everest Semi ES8323 CODEC (SND_SOC_ES8323) [M/n/?] m
Everest Semi ES8326 CODEC (SND_SOC_ES8326) [M/?] m
Everest Semi ES8328 CODEC (I2C) (SND_SOC_ES8328_I2C) [M/n/?] m
Everest Semi ES8328 CODEC (SPI) (SND_SOC_ES8328_SPI) [M/n/?] m
Everest Semi ES8375 CODEC (SND_SOC_ES8375) [M/n/?] m
Everest Semi ES8389 CODEC (SND_SOC_ES8389) [M/n/?] m
FourSemi FS2104/5S digital audio amplifier (SND_SOC_FS210X) [M/n/?] m
GTM601 UMTS modem audio codec (SND_SOC_GTM601) [M/n/?] m
HD-Audio codec driver (SND_SOC_HDA) [M/?] m
ICS43423 and compatible i2s microphones (SND_SOC_ICS43432) [M/n/?] m
Renesas IDT821034 quad PCM codec (SND_SOC_IDT821034) [M/n/?] m
Maxim MAX98088/9 Low-Power, Stereo Audio Codec (SND_SOC_MAX98088) [M/n/?] m
Maxim MAX98090 CODEC (SND_SOC_MAX98090) [M/?] m
Maxim MAX98357A CODEC (SND_SOC_MAX98357A) [M/?] m
Maxim MAX98504 speaker amplifier (SND_SOC_MAX98504) [M/n/?] m
Maxim MAX9867 CODEC (SND_SOC_MAX9867) [M/n/?] m
Maxim Integrated MAX98927 Speaker Amplifier (SND_SOC_MAX98927) [M/?] m
Maxim Integrated MAX98520 Speaker Amplifier (SND_SOC_MAX98520) [M/n/?] m
Analog Devices MAX98363 Soundwire Speaker Amplifier (SND_SOC_MAX98363) [M/?] m
Maxim Integrated MAX98373 Speaker Amplifier (SND_SOC_MAX98373_I2C) [M/?] m
Maxim Integrated MAX98373 Speaker Amplifier - SDW (SND_SOC_MAX98373_SDW) [M/?] m
Analog Devices MAX98388 Speaker Amplifier (SND_SOC_MAX98388) [M/?] m
Maxim Integrated MAX98390 Speaker Amplifier (SND_SOC_MAX98390) [M/?] m
Analog Devices MAX98396 Speaker Amplifier (SND_SOC_MAX98396) [M/n/?] m
Maxim MAX9860 Mono Audio Voice Codec (SND_SOC_MAX9860) [M/n/?] m
Qualcomm MSM8916 WCD DIGITAL Codec (SND_SOC_MSM8916_WCD_DIGITAL) [M/n/?] m
Texas Instruments PCM1681 CODEC (SND_SOC_PCM1681) [M/n/?] m
Texas Instruments PCM1754 CODEC (SND_SOC_PCM1754) [M/n/?] m
Texas Instruments PCM1789 CODEC (I2C) (SND_SOC_PCM1789_I2C) [M/n/?] m
Texas Instruments PCM179X CODEC (I2C) (SND_SOC_PCM179X_I2C) [M/n/?] m
Texas Instruments PCM179X CODEC (SPI) (SND_SOC_PCM179X_SPI) [M/n/?] m
Texas Instruments PCM186x CODECs - I2C (SND_SOC_PCM186X_I2C) [M/n/?] m
Texas Instruments PCM186x CODECs - SPI (SND_SOC_PCM186X_SPI) [M/n/?] m
Texas Instruments PCM3060 CODEC - I2C (SND_SOC_PCM3060_I2C) [M/n/?] m
Texas Instruments PCM3060 CODEC - SPI (SND_SOC_PCM3060_SPI) [M/n/?] m
Texas Instruments PCM3168A CODEC - I2C (SND_SOC_PCM3168A_I2C) [M/?] m
Texas Instruments PCM3168A CODEC - SPI (SND_SOC_PCM3168A_SPI) [M/n/?] m
Texas Instruments PCM5102A CODEC (SND_SOC_PCM5102A) [M/n/?] m
Texas Instruments PCM512x CODECs - I2C (SND_SOC_PCM512x_I2C) [M/?] m
Texas Instruments PCM512x CODECs - SPI (SND_SOC_PCM512x_SPI) [M/n/?] m
Texas Instruments PCM6240 Family Audio chips based on I2C (SND_SOC_PCM6240) [M/n/?] m
Infineon PEB2466 quad PCM codec (SND_SOC_PEB2466) [M/n/?] m
PM4125 audio codec - SDW (SND_SOC_PM4125_SDW) [M/n/?] m
Realtek RT1017 SDCA Codec - SDW (SND_SOC_RT1017_SDCA_SDW) [M/n/?] m
Realtek RT1308 Codec - SDW (SND_SOC_RT1308_SDW) [M/?] m
Realtek RT1316 Codec - SDW (SND_SOC_RT1316_SDW) [M/?] m
Realtek RT1318 Codec - SDW (SND_SOC_RT1318_SDW) [M/?] m
Realtek RT1320 Codec - SDW (SND_SOC_RT1320_SDW) [M/?] m
Realtek ALC5575 Codec - I2C (SND_SOC_RT5575) [N/m/?] (NEW) 
Realtek RT5616 CODEC (SND_SOC_RT5616) [M/n/?] m
Realtek ALC5631/RT5631 CODEC (SND_SOC_RT5631) [M/n/?] m
Realtek RT5640/RT5639 Codec (SND_SOC_RT5640) [M/?] m
Realtek RT5658/RT5659 Codec (SND_SOC_RT5659) [M/n/?] m
Realtek RT5682 Codec - SDW (SND_SOC_RT5682_SDW) [M/?] m
Realtek RT700 Codec - SDW (SND_SOC_RT700_SDW) [M/?] m
Realtek RT711 Codec - SDW (SND_SOC_RT711_SDW) [M/?] m
Realtek RT711 SDCA Codec - SDW (SND_SOC_RT711_SDCA_SDW) [M/?] m
Realtek RT712 SDCA Codec - SDW (SND_SOC_RT712_SDCA_SDW) [M/?] m
Realtek RT712 SDCA DMIC Codec - SDW (SND_SOC_RT712_SDCA_DMIC_SDW) [M/?] m
Realtek RT721 SDCA Codec - SDW (SND_SOC_RT721_SDCA_SDW) [M/?] m
Realtek RT722 SDCA Codec - SDW (SND_SOC_RT722_SDCA_SDW) [M/?] m
Realtek RT715 Codec - SDW (SND_SOC_RT715_SDW) [M/?] m
Realtek RT715 SDCA Codec - SDW (SND_SOC_RT715_SDCA_SDW) [M/?] m
Richtek RT9120 Stereo Class-D Amplifier (SND_SOC_RT9120) [M/n/?] m
Richtek RT9123 Mono Class-D Amplifier (SND_SOC_RT9123) [M/n/?] m
Richtek RT9123P Mono Class-D Amplifier (SND_SOC_RT9123P) [M/n/?] m
Richtek RTQ9124 Mono Class-D Amplifier (SND_SOC_RTQ9124) [M/n/?] m
Richtek RTQ9128 45W Digital Input Amplifier (SND_SOC_RTQ9128) [M/n/?] m
Freescale SGTL5000 CODEC (SND_SOC_SGTL5000) [M/n/?] m
Simple Audio Amplifier (SND_SOC_SIMPLE_AMPLIFIER) [M/n/?] m
Simple Audio Mux (SND_SOC_SIMPLE_MUX) [M/n/?] m
Iron Device SMA1303 Audio Amplifier (SND_SOC_SMA1303) [M/n/?] m
Iron Device SMA1307 Audio Amplifier (SND_SOC_SMA1307) [M/n/?] m
S/PDIF CODEC (SND_SOC_SPDIF) [M/n/?] m
Texas Instruments SRC4XXX DIR/DIT and SRC codecs (SND_SOC_SRC4XXX_I2C) [M/n/?] m
Analog Devices SSM2305 Class-D Amplifier (SND_SOC_SSM2305) [M/n/?] m
Analog Devices SSM2518 Class-D Amplifier (SND_SOC_SSM2518) [M/n/?] m
Analog Devices SSM2602 CODEC - SPI (SND_SOC_SSM2602_SPI) [M/n/?] m
Analog Devices SSM2602 CODEC - I2C (SND_SOC_SSM2602_I2C) [M/n/?] m
Analog Devices ssm4567 amplifier driver support (SND_SOC_SSM4567) [M/?] m
STA326, STA328 and STA329 speaker amplifier (SND_SOC_STA32X) [M/n/?] m
STA350 speaker amplifier (SND_SOC_STA350) [M/n/?] m
codec Audio support for STI SAS codec (SND_SOC_STI_SAS) [M/n/?] m
Texas Instruments TAS2552 Mono Audio amplifier (SND_SOC_TAS2552) [M/n/?] m
Texas Instruments TAS2562 Mono Audio amplifier (SND_SOC_TAS2562) [M/n/?] m
Texas Instruments TAS2764 Mono Audio amplifier (SND_SOC_TAS2764) [M/n/?] m
Texas Instruments TAS2770 speaker amplifier (SND_SOC_TAS2770) [M/n/?] m
Texas Instruments TAS2780 Mono Audio amplifier (SND_SOC_TAS2780) [M/n/?] m
Texas Instruments TAS2781 speaker amplifier based on I2C (SND_SOC_TAS2781_I2C) [M/?] m
Texas Instruments TAS2783 speaker amplifier (sdw) (SND_SOC_TAS2783_SDW) [M/n/?] m
Texas Instruments TAS5086 speaker amplifier (SND_SOC_TAS5086) [M/n/?] m
Texas Instruments TAS571x power amplifiers (SND_SOC_TAS571X) [M/n/?] m
Texas Instruments TAS5720 Mono Audio amplifier (SND_SOC_TAS5720) [M/n/?] m
Texas Instruments TAS5805M speaker amplifier (SND_SOC_TAS5805M) [M/n/?] m
Texas Instruments TAS6424 Quad-Channel Audio amplifier (SND_SOC_TAS6424) [M/n/?] m
ST TDA7419 audio processor (SND_SOC_TDA7419) [M/n/?] m
NXP Semiconductors TFA9879 amplifier (SND_SOC_TFA9879) [M/n/?] m
NXP/Goodix TFA989X (TFA1) amplifiers (SND_SOC_TFA989X) [M/n/?] m
Texas Instruments TLV320ADC3001/3101 audio ADC (SND_SOC_TLV320ADC3XXX) [M/n/?] m
Texas Instruments TLV320AIC23 audio CODEC - I2C (SND_SOC_TLV320AIC23_I2C) [M/n/?] m
Texas Instruments TLV320AIC23 audio CODEC - SPI (SND_SOC_TLV320AIC23_SPI) [M/n/?] m
Texas Instruments TLV320AIC31xx CODECs (SND_SOC_TLV320AIC31XX) [M/n/?] m
Texas Instruments TLV320AIC32x4 audio CODECs - I2C (SND_SOC_TLV320AIC32X4_I2C) [M/n/?] m
Texas Instruments TLV320AIC32x4 audio CODECs - SPI (SND_SOC_TLV320AIC32X4_SPI) [M/n/?] m
Texas Instruments TLV320AIC3x audio CODECs - I2C (SND_SOC_TLV320AIC3X_I2C) [M/n/?] m
Texas Instruments TLV320AIC3x audio CODECs - SPI (SND_SOC_TLV320AIC3X_SPI) [M/n/?] m
Texas Instruments TLV320ADCX140 CODEC family (SND_SOC_TLV320ADCX140) [M/n/?] m
TI Headset/Mic detect and keypress chip (SND_SOC_TS3A227E) [M/?] m
Tempo Semiconductor TSCS42xx CODEC (SND_SOC_TSCS42XX) [M/n/?] m
Tempo Semiconductor TSCS454 CODEC (SND_SOC_TSCS454) [M/n/?] m
NXP UDA1334 DAC (SND_SOC_UDA1334) [M/n/?] m
NXP UDA1342 CODEC (SND_SOC_UDA1342) [M/n/?] m
Philips UDA1380 CODEC (SND_SOC_UDA1380) [N/m/?] (NEW) 
WCD9335 Codec (SND_SOC_WCD9335) [M/n/?] m
WCD9340/WCD9341 Codec (SND_SOC_WCD934X) [M/n/?] m
WCD9370/WCD9375 Codec - SDW (SND_SOC_WCD937X_SDW) [M/n/?] m
WCD9380/WCD9385 Codec - SDW (SND_SOC_WCD938X_SDW) [M/n/?] m
WCD9390/WCD9395 Codec - SDW (SND_SOC_WCD939X_SDW) [M/n/?] m
Wolfson Microelectronics WM8510 CODEC (SND_SOC_WM8510) [M/n/?] m
Wolfson Microelectronics WM8523 DAC (SND_SOC_WM8523) [M/n/?] m
Wolfson Microelectronics WM8524 DAC (SND_SOC_WM8524) [M/n/?] m
Wolfson Microelectronics WM8580 and WM8581 CODECs (SND_SOC_WM8580) [M/n/?] m
Wolfson Microelectronics WM8711 CODEC (SND_SOC_WM8711) [M/n/?] m
Wolfson Microelectronics WM8728 DAC (SND_SOC_WM8728) [M/n/?] m
Wolfson Microelectronics WM8731 CODEC with I2C (SND_SOC_WM8731_I2C) [M/n/?] m
Wolfson Microelectronics WM8731 CODEC with SPI (SND_SOC_WM8731_SPI) [M/n/?] m
Wolfson Microelectronics WM8737 ADC (SND_SOC_WM8737) [M/n/?] m
Wolfson Microelectronics WM8741 DAC (SND_SOC_WM8741) [M/n/?] m
Wolfson Microelectronics WM8750 CODEC (SND_SOC_WM8750) [M/n/?] m
Wolfson Microelectronics WM8753 CODEC (SND_SOC_WM8753) [M/n/?] m
Wolfson Microelectronics WM8770 CODEC (SND_SOC_WM8770) [M/n/?] m
Wolfson Microelectronics WM8776 CODEC (SND_SOC_WM8776) [M/n/?] m
Wolfson Microelectronics WM8782 ADC (SND_SOC_WM8782) [M/n/?] m
Wolfson Microelectronics WM8804 S/PDIF transceiver I2C (SND_SOC_WM8804_I2C) [M/?] m
Wolfson Microelectronics WM8804 S/PDIF transceiver SPI (SND_SOC_WM8804_SPI) [M/n/?] m
Wolfson Microelectronics WM8903 CODEC (SND_SOC_WM8903) [M/n/?] m
Wolfson Microelectronics WM8904 CODEC (SND_SOC_WM8904) [M/n/?] m
Wolfson Microelectronics WM8940 codec (SND_SOC_WM8940) [M/n/?] m
Wolfson Microelectronics WM8960 CODEC (SND_SOC_WM8960) [M/n/?] m
Wolfson Microelectronics WM8961 CODEC (SND_SOC_WM8961) [M/n/?] m
Wolfson Microelectronics WM8962 CODEC (SND_SOC_WM8962) [M/n/?] m
Wolfson Microelectronics WM8974 codec (SND_SOC_WM8974) [M/n/?] m
Wolfson Microelectronics WM8978 codec (SND_SOC_WM8978) [M/n/?] m
Wolfson Microelectronics WM8985 and WM8758 codec driver (SND_SOC_WM8985) [M/n/?] m
Wolfson Microelectronics WM8998 codec driver (SND_SOC_WM8998) [M/n/?] m
WSA881X Codec (SND_SOC_WSA881X) [M/n/?] m
WSA883X Codec (SND_SOC_WSA883X) [M/n/?] m
WSA884X Codec (SND_SOC_WSA884X) [M/n/?] m
Microsemi ZL38060 Connected Home Audio Processor (SND_SOC_ZL38060) [M/n/?] m
Maxim MAX9759 speaker Amplifier (SND_SOC_MAX9759) [M/n/?] m
MediaTek MT6351 Codec (SND_SOC_MT6351) [M/n/?] m
MediaTek MT6357 Codec (SND_SOC_MT6357) [M/n/?] m
MediaTek MT6358 Codec (SND_SOC_MT6358) [M/n/?] m
Mediatek MT6660 Speaker Amplifier (SND_SOC_MT6660) [M/n/?] m
Nuvoton Technology Corporation NAU8315 CODEC (SND_SOC_NAU8315) [M/?] m
Nuvoton Technology Corporation NAU8325 CODEC (SND_SOC_NAU8325) [M/n/?] m
Nuvoton Technology Corporation NAU85L40 CODEC (SND_SOC_NAU8540) [M/n/?] m
Nuvoton Technology Corporation NAU88C10 CODEC (SND_SOC_NAU8810) [M/n/?] m
Nuvoton Technology Corporation NAU88L21 CODEC (SND_SOC_NAU8821) [M/?] m
Nuvoton Technology Corporation NAU88C22 CODEC (SND_SOC_NAU8822) [M/n/?] m
Nuvoton Technology Corporation NAU88L24 CODEC (SND_SOC_NAU8824) [M/?] m
NeoFidelity NTP8918 amplifier (SND_SOC_NTP8918) [M/n/?] m
NeoFidelity NTP8835 and NTP8835C amplifiers (SND_SOC_NTP8835) [M/n/?] m
Texas Instruments TPA6130A2 headphone amplifier (SND_SOC_TPA6130A2) [M/n/?] m
Qualcomm WSA Macro in LPASS(Low Power Audio SubSystem) (SND_SOC_LPASS_WSA_MACRO) [M/n/?] m
Qualcomm VA Macro in LPASS(Low Power Audio SubSystem) (SND_SOC_LPASS_VA_MACRO) [M/n/?] m
Qualcomm RX Macro in LPASS(Low Power Audio SubSystem) (SND_SOC_LPASS_RX_MACRO) [M/n/?] m
Qualcomm TX Macro in LPASS(Low Power Audio SubSystem) (SND_SOC_LPASS_TX_MACRO) [M/n/?] m
*
* Special HID drivers
*
A4TECH mice (HID_A4TECH) [M/n/y/?] m
Accutouch touch device (HID_ACCUTOUCH) [M/n/y/?] m
ACRUX game controller support (HID_ACRUX) [M/n/y/?] m
  ACRUX force feedback support (HID_ACRUX_FF) [Y/n/?] y
Apple {i,Power,Mac}Books (HID_APPLE) [M/n/y/?] m
Apple infrared receiver (HID_APPLEIR) [M/n/y/?] m
Apple Touch Bar Backlight (HID_APPLETB_BL) [M/y/?] m
Apple Touch Bar Keyboard Mode (HID_APPLETB_KBD) [M/n/y/?] m
Asus (HID_ASUS) [M/n/?] m
Aureal (HID_AUREAL) [M/n/y/?] m
Belkin Flip KVM and Wireless keyboard (HID_BELKIN) [M/n/y/?] m
Betop Production Inc. force feedback support (HID_BETOP_FF) [M/n/y/?] m
BigBen Interactive Kids' gamepad support (HID_BIGBEN_FF) [M/n/y/?] m
Cherry Cymotion keyboard (HID_CHERRY) [M/n/y/?] m
Chicony devices (HID_CHICONY) [M/n/y/?] m
Corsair devices (HID_CORSAIR) [M/n/y/?] m
Cougar devices (HID_COUGAR) [M/n/y/?] m
Macally devices (HID_MACALLY) [M/n/y/?] m
Prodikeys PC-MIDI Keyboard support (HID_PRODIKEYS) [M/n/?] m
CMedia audio chips (HID_CMEDIA) [M/n/y/?] m
Silicon Labs CP2112 HID USB-to-SMBus Bridge support (HID_CP2112) [M/n/y/?] m
Creative SB0540 infrared receiver (HID_CREATIVE_SB0540) [M/n/y/?] m
Cypress mouse and barcode readers (HID_CYPRESS) [M/n/y/?] m
DragonRise Inc. game controller (HID_DRAGONRISE) [M/n/y/?] m
  DragonRise Inc. force feedback (DRAGONRISE_FF) [Y/n/?] y
EMS Production Inc. force feedback support (HID_EMS_FF) [M/n/y/?] m
ELAN USB Touchpad Support (HID_ELAN) [M/n/y/?] m
ELECOM HID devices (HID_ELECOM) [M/n/y/?] m
ELO USB 4000/4500 touchscreen (HID_ELO) [M/n/y/?] m
EVision Keyboards Support (HID_EVISION) [M/n/y/?] m
Ezkey BTC 8193 keyboard (HID_EZKEY) [M/n/y/?] m
FTDI FT260 USB HID to I2C host support (HID_FT260) [M/n/y/?] m
Gembird Joypad (HID_GEMBIRD) [M/n/y/?] m
Google Fiber TV Box remote control support (HID_GFRM) [M/n/y/?] m
Glorious PC Gaming Race mice (HID_GLORIOUS) [M/n/y/?] m
Holtek HID devices (HID_HOLTEK) [M/n/y/?] m
  Holtek On Line Grip force feedback support (HOLTEK_FF) [Y/n/?] y
Goodix GT7986U SPI HID touchscreen (HID_GOODIX_SPI) [M/n/y/?] m
Google Hammer Keyboard (HID_GOOGLE_HAMMER) [M/n/?] m
Google Stadia force feedback (HID_GOOGLE_STADIA_FF) [M/n/y/?] m
Vivaldi Keyboard (HID_VIVALDI) [M/n/y/?] m
MSI GT68xR LED support (HID_GT683R) [M/n/y/?] m
Keytouch HID devices (HID_KEYTOUCH) [M/n/y/?] m
KYE/Genius devices (HID_KYE) [M/n/y/?] m
Kysona devices (HID_KYSONA) [M/n/y/?] m
UC-Logic (HID_UCLOGIC) [M/n/y/?] m
Waltop (HID_WALTOP) [M/n/y/?] m
ViewSonic/Signotec (HID_VIEWSONIC) [M/n/y/?] m
VRC-2 Car Controller (HID_VRC2) [M/n/y/?] m
Xiaomi (HID_XIAOMI) [M/n/y/?] m
Gyration remote control (HID_GYRATION) [M/n/y/?] m
ION iCade arcade controller (HID_ICADE) [M/n/y/?] m
ITE devices (HID_ITE) [M/n/y/?] m
Jabra USB HID Driver (HID_JABRA) [M/n/y/?] m
Twinhan IR remote control (HID_TWINHAN) [M/n/y/?] m
Kensington Slimblade Trackball (HID_KENSINGTON) [M/n/y/?] m
LC-Power (HID_LCPOWER) [M/n/y/?] m
Simple RGB LED support (HID_LED) [M/y/?] m
Lenovo / Thinkpad devices (HID_LENOVO) [M/n/y/?] m
HID Driver for Lenovo Legion Go Series Controllers (HID_LENOVO_GO) [N/m/?] (NEW) 
HID Driver for Lenovo Legion Go S Controller (HID_LENOVO_GO_S) [N/m/?] (NEW) 
Letsketch WP9620N tablets (HID_LETSKETCH) [M/n/y/?] m
Logitech devices (HID_LOGITECH) [M/n/?] m
  Logitech receivers full support (HID_LOGITECH_DJ) [M/n/?] m
  Logitech HID++ devices support (HID_LOGITECH_HIDPP) [M/?] m
  Logitech force feedback support (LOGITECH_FF) [Y/n/?] y
  Logitech force feedback support (variant 2) (LOGIRUMBLEPAD2_FF) [Y/n/?] y
  Logitech Flight System G940 force feedback support (LOGIG940_FF) [Y/n/?] y
  Logitech wheels configuration and force feedback support (LOGIWHEELS_FF) [Y/n/?] y
Apple Magic Mouse/Trackpad multi-touch support (HID_MAGICMOUSE) [M/n/y/?] m
Maltron L90 keyboard (HID_MALTRON) [M/n/y/?] m
Mayflash game controller adapter force feedback (HID_MAYFLASH) [M/n/y/?] m
Mega World based game controller force feedback support (HID_MEGAWORLD_FF) [M/n/y/?] m
Redragon keyboards (HID_REDRAGON) [M/n/y/?] m
Microsoft non-fully HID-compliant devices (HID_MICROSOFT) [M/n/y/?] m
Monterey Genius KB29E keyboard (HID_MONTEREY) [M/n/y/?] m
HID Multitouch panels (HID_MULTITOUCH) [M/n/y/?] m
Nintendo Joy-Con, NSO, and Pro Controller support (HID_NINTENDO) [M/n/y/?] m
  Nintendo Switch controller force feedback support (NINTENDO_FF) [Y/n/?] y
NTI keyboard adapters (HID_NTI) [M/n/y/?] m
N-Trig touch screen (HID_NTRIG) [M/n/y/?] m
NVIDIA SHIELD devices (HID_NVIDIA_SHIELD) [M/n/?] m
  NVIDIA SHIELD force feedback support (NVIDIA_SHIELD_FF) [Y/n/?] y
Ortek PKB-1700/WKB-2000/Skycable wireless keyboard and mouse trackpad (HID_ORTEK) [M/n/y/?] m
Pantherlord/GreenAsia game controller (HID_PANTHERLORD) [M/n/y/?] m
  Pantherlord force feedback support (PANTHERLORD_FF) [Y/n/?] y
Penmount touch device (HID_PENMOUNT) [M/n/y/?] m
Petalynx Maxter remote control (HID_PETALYNX) [M/n/y/?] m
PicoLCD (graphic version) (HID_PICOLCD) [M/n/y/?] m
Plantronics USB HID Driver (HID_PLANTRONICS) [M/n/y/?] m
PlayStation HID Driver (HID_PLAYSTATION) [M/n/?] m
  PlayStation force feedback support (PLAYSTATION_FF) [Y/n/?] y
PhoenixRC HID Flight Controller (HID_PXRC) [M/n/y/?] m
Rapoo non-fully HID-compliant devices (HID_RAPOO) [N/m/y/?] (NEW) 
Razer non-fully HID-compliant devices (HID_RAZER) [M/n/y/?] m
Primax non-fully HID-compliant devices (HID_PRIMAX) [M/n/y/?] m
Retrode 2 USB adapter for vintage video games (HID_RETRODE) [M/n/y/?] m
Roccat device support (HID_ROCCAT) [M/n/y/?] m
Saitek (Mad Catz) non-fully HID-compliant devices (HID_SAITEK) [M/n/y/?] m
Samsung InfraRed remote control or keyboards (HID_SAMSUNG) [M/n/y/?] m
Semitek USB keyboards (HID_SEMITEK) [M/n/y/?] m
SiGma Micro-based keyboards (HID_SIGMAMICRO) [M/n/y/?] m
Sony PS2/3/4/5 accessories (HID_SONY) [M/n/y/?] m
  Sony PS2/3/4 accessories force feedback support (SONY_FF) [Y/n/?] y
Speedlink VAD Cezanne mouse support (HID_SPEEDLINK) [M/n/y/?] m
Steam Controller/Deck support (HID_STEAM) [M/n/y/?] m
  Steam Deck force feedback support (STEAM_FF) [Y/n/?] y
Steelseries devices support (HID_STEELSERIES) [M/n/y/?] m
Sunplus wireless desktop (HID_SUNPLUS) [M/n/y/?] m
Microsoft Surface (HID_SURFACE) [M/n/?] m
Synaptics RMI4 device support (HID_RMI) [M/n/y/?] m
GreenAsia (Product ID 0x12) game controller support (HID_GREENASIA) [M/n/y/?] m
  GreenAsia (Product ID 0x12) force feedback support (GREENASIA_FF) [Y/n/?] y
Microsoft Hyper-V mouse driver (HID_HYPERV_MOUSE) [M/n/?] m
SmartJoy PLUS PS2/USB adapter support (HID_SMARTJOYPLUS) [M/n/y/?] m
  SmartJoy PLUS PS2/USB adapter force feedback support (SMARTJOYPLUS_FF) [Y/n/?] y
TiVo Slide Bluetooth remote control support (HID_TIVO) [M/n/y/?] m
TopSeed Cyberlink, BTC Emprex, Conceptronic remote control support (HID_TOPSEED) [M/n/y/?] m
Topre REALFORCE keyboards (HID_TOPRE) [M/n/y/?] m
ThingM blink(1) USB RGB LED (HID_THINGM) [M/n/y/?] m
ThrustMaster devices support (HID_THRUSTMASTER) [M/n/y/?] m
  ThrustMaster devices force feedback support (THRUSTMASTER_FF) [Y/n/?] y
THQ PS3 uDraw tablet (HID_UDRAW_PS3) [M/n/y/?] m
U2F Zero LED and RNG support (HID_U2FZERO) [M/n/y/?] m
universal-pidff: extended USB PID driver compatibility and usage (HID_UNIVERSAL_PIDFF) [M/n/y/?] m
Wacom Intuos/Graphire tablet support (USB) (HID_WACOM) [M/n/y/?] m
Nintendo Wii / Wii U peripherals (HID_WIIMOTE) [M/n/y/?] m
WinWing Orion2 throttle support (HID_WINWING) [M/n/y/?] m
Xin-Mo non-fully compliant devices (HID_XINMO) [M/n/y/?] m
Zeroplus based game controller support (HID_ZEROPLUS) [M/n/y/?] m
  Zeroplus based game controller force feedback support (ZEROPLUS_FF) [Y/n/?] y
Zydacron remote control support (HID_ZYDACRON) [M/n/y/?] m
HID Sensors framework support (HID_SENSOR_HUB) [M/n/y/?] m
  HID Sensors hub custom sensor support (HID_SENSOR_CUSTOM_SENSOR) [M/n/?] m
Alps HID device support (HID_ALPS) [M/n/y/?] m
Microchip MCP2200 HID USB-to-GPIO bridge (HID_MCP2200) [M/n/y/?] m
Microchip MCP2221 HID USB-to-I2C/SMbus host support (HID_MCP2221) [M/n/y/?] m
Huawei HID devices support (HID_HUAWEI) [N/m/y/?] (NEW) 
*
* USB support
*
USB support (USB_SUPPORT) [Y/n/?] y
  USB LED Triggers (USB_LED_TRIG) [Y/n/?] y
  USB ULPI PHY interface support (USB_ULPI_BUS) [M/y/?] m
  USB GPIO Based Connection Detection Driver (USB_CONN_GPIO) [M/n/y/?] m
  Support for Host-side USB (USB) [Y/m/?] y
  PCI based USB host interface (USB_PCI) [Y/n/?] y
    AMD PCI USB host support (USB_PCI_AMD) [Y/n/?] y
  USB announce new devices (USB_ANNOUNCE_NEW_DEVICES) [Y/n/?] y
  *
  * Miscellaneous USB options
  *
  Enable USB persist by default (USB_DEFAULT_PERSIST) [Y/n/?] y
  Limit USB device initialization to only a few retries (USB_FEW_INIT_RETRIES) [N/y/?] n
  Dynamic USB minor allocation (USB_DYNAMIC_MINORS) [N/y/?] n
  OTG support (USB_OTG) [N/y/?] n
  Rely on OTG and EH Targeted Peripherals List (USB_OTG_PRODUCTLIST) [N/y/?] n
  USB port LED trigger (USB_LEDS_TRIGGER_USBPORT) [M/n/y/?] m
  Default autosuspend delay (USB_AUTOSUSPEND_DELAY) [2] 2
  Default authorization mode for USB devices (USB_DEFAULT_AUTHORIZATION_MODE) [1] 1
  USB Monitor (USB_MON) [M/n/y/?] m
  *
  * USB Host Controller Drivers
  *
  Cypress C67x00 HCD support (USB_C67X00_HCD) [M/n/y/?] m
  xHCI HCD (USB 3.0) support (USB_XHCI_HCD) [Y/n/m/?] y
    xHCI support for debug capability (USB_XHCI_DBGCAP) [Y/n/?] y
    Support for additional Renesas xHCI controller with firmware (USB_XHCI_PCI_RENESAS) [M/n/y/?] m
    Generic xHCI driver for a platform device (USB_XHCI_PLATFORM) [M/y/?] m
    xHCI support for sideband (USB_XHCI_SIDEBAND) [Y/n/?] y
  EHCI HCD (USB 2.0) support (USB_EHCI_HCD) [Y/n/m/?] y
    Root Hub Transaction Translators (USB_EHCI_ROOT_HUB_TT) [Y/?] y
    Improved Transaction Translator scheduling (USB_EHCI_TT_NEWSCHED) [Y/n/?] y
    Support for Freescale on-chip EHCI USB controller (USB_EHCI_FSL) [M/n/y/?] m
    Generic EHCI driver for a platform device (USB_EHCI_HCD_PLATFORM) [M/y/?] m
  OXU210HP HCD support (USB_OXU210HP_HCD) [M/n/y/?] m
  ISP116X HCD support (USB_ISP116X_HCD) [M/n/y/?] m
  MAX3421 HCD (USB-over-SPI) support (USB_MAX3421_HCD) [M/n/y/?] m
  OHCI HCD (USB 1.1) support (USB_OHCI_HCD) [Y/n/m/?] y
    OHCI support for PCI-bus USB controllers (USB_OHCI_HCD_PCI) [Y/n/m/?] y
    Generic OHCI driver for a platform device (USB_OHCI_HCD_PLATFORM) [M/y/?] m
  UHCI HCD (most Intel and VIA) support (USB_UHCI_HCD) [Y/n/m/?] y
  SL811HS HCD support (USB_SL811_HCD) [M/n/y/?] m
    partial ISO support (USB_SL811_HCD_ISO) [N/y/?] n
    CF/PCMCIA support for SL811HS HCD (USB_SL811_CS) [M/n/?] m
  R8A66597 HCD support (USB_R8A66597_HCD) [M/n/y/?] m
  BCMA usb host driver (USB_HCD_BCMA) [M/n/?] m
  SSB usb host driver (USB_HCD_SSB) [M/n/?] m
  HCD test mode support (USB_HCD_TEST_MODE) [N/y/?] n
  Xen usb virtual host driver (USB_XEN_HCD) [M/n/y/?] m
  *
  * USB Device Class drivers
  *
  USB Modem (CDC ACM) support (USB_ACM) [M/y/?] m
  USB Printer support (USB_PRINTER) [M/n/y/?] m
  USB Wireless Device Management support (USB_WDM) [M/y/?] m
  USB Test and Measurement Class support (USB_TMC) [M/n/y/?] m
  *
  * NOTE: USB_STORAGE depends on SCSI but BLK_DEV_SD may also be needed; see USB_STORAGE Help for more info
  *
  USB Mass Storage support (USB_STORAGE) [M/n/y/?] m
    USB Mass Storage verbose debug (USB_STORAGE_DEBUG) [N/y/?] n
    Realtek Card Reader support (USB_STORAGE_REALTEK) [M/n/?] m
      Realtek Card Reader autosuspend support (REALTEK_AUTOPM) [Y/n/?] y
    Datafab Compact Flash Reader support (USB_STORAGE_DATAFAB) [M/n/?] m
    Freecom USB/ATAPI Bridge support (USB_STORAGE_FREECOM) [M/n/?] m
    ISD-200 USB/ATA Bridge support (USB_STORAGE_ISD200) [M/n/?] m
    USBAT/USBAT02-based storage support (USB_STORAGE_USBAT) [M/n/?] m
    SanDisk SDDR-09 (and other SmartMedia, including DPCM) support (USB_STORAGE_SDDR09) [M/n/?] m
    SanDisk SDDR-55 SmartMedia support (USB_STORAGE_SDDR55) [M/n/?] m
    Lexar Jumpshot Compact Flash Reader (USB_STORAGE_JUMPSHOT) [M/n/?] m
    Olympus MAUSB-10/Fuji DPC-R1 support (USB_STORAGE_ALAUDA) [M/n/?] m
    Support OneTouch Button on Maxtor Hard Drives (USB_STORAGE_ONETOUCH) [M/n/?] m
    Support for Rio Karma music player (USB_STORAGE_KARMA) [M/n/?] m
    SAT emulation on Cypress USB/ATA Bridge with ATACB (USB_STORAGE_CYPRESS_ATACB) [M/n/?] m
    USB ENE card reader support (USB_STORAGE_ENE_UB6250) [M/n/?] m
    USB Attached SCSI (USB_UAS) [M/n/?] m
  *
  * USB Imaging devices
  *
  USB Mustek MDC800 Digital Camera support (USB_MDC800) [M/n/y/?] m
  Microtek X6USB scanner support (USB_MICROTEK) [M/n/y/?] m
  USB/IP support (USBIP_CORE) [M/n/y/?] m
    VHCI hcd (USBIP_VHCI_HCD) [M/n/?] m
      Number of ports per USB/IP virtual host controller (USBIP_VHCI_HC_PORTS) [8] 8
      Number of USB/IP virtual host controllers (USBIP_VHCI_NR_HCS) [1] 1
    Host driver (USBIP_HOST) [M/n/?] m
    VUDC driver (USBIP_VUDC) [M/n/?] m
    Debug messages for USB/IP (USBIP_DEBUG) [N/y/?] n
  *
  * USB dual-mode controller drivers
  *
  Cadence USB Support (USB_CDNS_SUPPORT) [M/n/y/?] m
  Cadence USB3 Dual-Role Controller (USB_CDNS3) [M/n/?] m
  Cadence USB3 device controller (USB_CDNS3_GADGET) [Y/n/?] y
  Cadence USB3 host controller (USB_CDNS3_HOST) [Y/n/?] y
  Cadence USB3 support on PCIe-based platforms (USB_CDNS3_PCI_WRAP) [M/n/?] m
  Cadence CDNSP Dual-Role Controller (USB_CDNSP_PCI) [M/n/?] m
  Cadence CDNSP device controller (USB_CDNSP_GADGET) [Y/n/?] y
  Cadence CDNSP host controller (USB_CDNSP_HOST) [Y/n/?] y
  Inventra Highspeed Dual Role Controller (USB_MUSB_HDRC) [M/n/y/?] m
    MUSB Mode Selection
      1. Host only mode (USB_MUSB_HOST)
      2. Gadget only mode (USB_MUSB_GADGET)
    > 3. Dual Role mode (USB_MUSB_DUAL_ROLE)
    choice[1-3?]: 3
    *
    * Platform Glue Layer
    *
    *
    * MUSB DMA mode
    *
    Disable DMA (always use PIO) (MUSB_PIO_ONLY) [N/y/?] n
  DesignWare USB3 DRD Core Support (USB_DWC3) [M/n/y/?] m
    Register ULPI PHY Interface (USB_DWC3_ULPI) [Y/n/?] y
    DWC3 Mode Selection
      1. Host only mode (USB_DWC3_HOST)
      2. Gadget only mode (USB_DWC3_GADGET)
    > 3. Dual Role mode (USB_DWC3_DUAL_ROLE)
    choice[1-3?]: 3
    *
    * Platform Glue Driver Support
    *
    PCIe-based Platforms (USB_DWC3_PCI) [M/n/?] m
    Synopsys PCIe-based HAPS Platforms (USB_DWC3_HAPS) [M/n/?] m
    Google Platform (USB_DWC3_GOOGLE) [N/m/?] (NEW) 
  DesignWare USB2 DRD Core Support (USB_DWC2) [M/n/y/?] m
    DWC2 Mode Selection
      1. Host only mode (USB_DWC2_HOST)
    * Gadget/Dual-role mode requires USB Gadget support to be enabled
      2. Gadget only mode (USB_DWC2_PERIPHERAL)
    > 3. Dual Role mode (USB_DWC2_DUAL_ROLE)
    choice[1-3?]: 3
    DWC2 PCI (USB_DWC2_PCI) [M/n/?] m
    Enable Debugging Messages (USB_DWC2_DEBUG) [N/y/?] n
    Enable Missed SOF Tracking (USB_DWC2_TRACK_MISSED_SOFS) [N/y/?] n
  ChipIdea Highspeed Dual Role Controller (USB_CHIPIDEA) [M/n/?] m
    ChipIdea device controller (USB_CHIPIDEA_UDC) [Y/n/?] y
    ChipIdea host controller (USB_CHIPIDEA_HOST) [Y/n/?] y
  NXP ISP 1760/1761/1763 support (USB_ISP1760) [M/n/y/?] m
  ISP1760 Mode Selection
    1. Host only mode (USB_ISP1760_HOST_ROLE)
    2. Gadget only mode (USB_ISP1760_GADGET_ROLE)
  > 3. Dual Role mode (USB_ISP1760_DUAL_ROLE)
  choice[1-3?]: 3
  *
  * USB port drivers
  *
  *
  * USB Miscellaneous drivers
  *
  USS720 parport driver (USB_USS720) [M/n/?] m
  EMI 6|2m USB Audio interface support (USB_EMI62) [M/n/y/?] m
  EMI 2|6 USB Audio interface support (USB_EMI26) [M/n/y/?] m
  ADU devices from Ontrak Control Systems (USB_ADUTUX) [M/n/y/?] m
  USB 7-Segment LED Display (USB_SEVSEG) [M/n/y/?] m
  USB Lego Infrared Tower support (USB_LEGOTOWER) [M/n/y/?] m
  USB LCD driver support (USB_LCD) [M/n/y/?] m
  Cypress CY7C63xxx USB driver support (USB_CYPRESS_CY7C63) [M/n/y/?] m
  Cypress USB thermometer driver support (USB_CYTHERM) [M/n/y/?] m
  Siemens ID USB Mouse Fingerprint sensor support (USB_IDMOUSE) [M/n/y/?] m
  Apple Cinema Display support (USB_APPLEDISPLAY) [M/n/y/?] m
  Fast charge control for iOS devices (APPLE_MFI_FASTCHARGE) [M/n/y/?] m
  Intel La Jolla Cove Adapter support (USB_LJCA) [M/n/y/?] m
  Intel USBIO Bridge support (USB_USBIO) [M/n/y/?] m
  USB 2.0 SVGA dongle support (Net2280/SiS315) (USB_SISUSBVGA) [M/n/y/?] m
  USB LD driver (USB_LD) [M/n/y/?] m
  PlayStation 2 Trance Vibrator driver support (USB_TRANCEVIBRATOR) [M/n/y/?] m
  IO Warrior driver support (USB_IOWARRIOR) [M/n/y/?] m
  USB testing driver (USB_TEST) [M/n/y/?] m
  USB EHSET Test Fixture driver (USB_EHSET_TEST_FIXTURE) [M/n/y/?] m
  iSight firmware loading support (USB_ISIGHTFW) [M/n/y/?] m
  USB YUREX driver support (USB_YUREX) [M/n/y/?] m
  Functions for loading firmware on EZUSB chips (USB_EZUSB_FX2) [M/y/?] m
  USB251XB Hub Controller Configuration Driver (USB_HUB_USB251XB) [M/n/y/?] m
  USB3503 HSIC to USB20 Driver (USB_HSIC_USB3503) [M/n/y/?] m
  USB4604 HSIC to USB20 Driver (USB_HSIC_USB4604) [M/n/y/?] m
  USB Link Layer Test driver (USB_LINK_LAYER_TEST) [M/n/y/?] m
  ChaosKey random number generator driver support (USB_CHAOSKEY) [M/n/y/?] m
  USB Role Switch Support (USB_ROLE_SWITCH) [M/y/?] m
    Intel XHCI USB Role Switch (USB_ROLES_INTEL_XHCI) [M/n/?] m
*
* LED Support
*
LED Support (NEW_LEDS) [Y/?] y
  LED Class Support (LEDS_CLASS) [Y/m/?] y
    LED Flash Class Support (LEDS_CLASS_FLASH) [M/n/y/?] m
    LED Multicolor Class Support (LEDS_CLASS_MULTICOLOR) [M/n/y/?] m
    LED Class brightness_hw_changed attribute support (LEDS_BRIGHTNESS_HW_CHANGED) [Y/n/?] y
  *
  * LED drivers
  *
  LED Support for Marvell 88PM860x PMIC (LEDS_88PM860X) [M/n/y/?] m
  Front panel LED support for PC Engines APU/APU2/APU3 boards (LEDS_APU) [M/n/y/?] m
  LED support for Osram AMS AS3668 (LEDS_OSRAM_AMS_AS3668) [N/m/y/?] (NEW) 
  LED support for Awinic AW20036/AW20054/AW20072/AW20108 (LEDS_AW200XX) [M/n/y/?] m
  LED support for Intel Cherry Trail Whiskey Cove PMIC (LEDS_CHT_WCOVE) [M/n/y/?] m
  LED Support for ChromeOS EC (LEDS_CROS_EC) [M/n/?] m
  LCD Backlight driver for LM3530 (LEDS_LM3530) [M/n/y/?] m
  LCD Backlight driver for LM3532 (LEDS_LM3532) [M/n/y/?] m
  LED support for LM3533 (LEDS_LM3533) [M/n/?] m
  LED support for LM3642 Chip (LEDS_LM3642) [M/n/y/?] m
  LED Support for Mediatek MT6323 PMIC (LEDS_MT6323) [M/n/?] m
  LED driver for PCA9532 dimmer (LEDS_PCA9532) [M/n/y/?] m
    Enable GPIO support for PCA9532 (LEDS_PCA9532_GPIO) [Y/n/?] y
  LED Support for GPIO connected LEDs (LEDS_GPIO) [M/y/?] m
  LED Support for N.S. LP3944 (Fun Light) I2C chip (LEDS_LP3944) [M/n/y/?] m
  LED Support for TI LP3952 2 channel LED driver (LEDS_LP3952) [M/n/y/?] m
  LED Support for TI LP5036/30/24/18/12/09 LED driver chip (LEDS_LP50XX) [M/n/?] m
  LED support for the TI LP8788 PMIC (LEDS_LP8788) [M/n/y/?] m
  LED Support for PCA955x I2C chips (LEDS_PCA955X) [M/n/y/?] m
    Enable GPIO support for PCA955X (LEDS_PCA955X_GPIO) [Y/n/?] y
  LED support for PCA963x I2C chip (LEDS_PCA963X) [M/n/y/?] m
  LED Support for PCA995x I2C chips (LEDS_PCA995X) [M/n/y/?] m
  LED Support for QNAP MCU controllers (LEDS_QNAP_MCU) [M/n/?] m
  LED support for status LEDs on WM831x PMICs (LEDS_WM831X_STATUS) [M/n/y/?] m
  LED Support for WM8350 AudioPlus PMIC (LEDS_WM8350) [M/n/y/?] m
  LED Support for DA9030/DA9034 PMIC (LEDS_DA903X) [M/n/y/?] m
  Dialog DA9052/DA9053 LEDS (LEDS_DA9052) [M/n/y/?] m
  LED Support for DAC124S085 SPI DAC (LEDS_DAC124S085) [M/n/y/?] m
  PWM driven LED Support (LEDS_PWM) [M/n/y/?] m
  REGULATOR driven LED support (LEDS_REGULATOR) [M/n/y/?] m
  LED driver for BD2606MVV (LEDS_BD2606MVV) [M/n/y/?] m
  LED driver for BD2802 RGB LED (LEDS_BD2802) [M/n/y/?] m
  LED driver for Intel NAS SS4200 series (LEDS_INTEL_SS4200) [M/n/y/?] m
  LED driver for LT3593 controllers (LEDS_LT3593) [M/n/y/?] m
  LED Support for ADP5520/ADP5501 PMIC (LEDS_ADP5520) [M/n/y/?] m
  LED Support for MC13XXX PMIC (LEDS_MC13783) [M/n/?] m
  LED Support for TCA6507 I2C chip (LEDS_TCA6507) [M/n/y/?] m
  LED driver for TLC59108 and TLC59116 controllers (LEDS_TLC591XX) [M/n/y/?] m
  LED support for Maxim MAX77705 PMIC (LEDS_MAX77705) [M/n/?] m
  LED support for MAX8997 PMIC (LEDS_MAX8997) [M/n/y/?] m
  LED support for LM3554 and LM3556 chips (LEDS_LM355x) [M/n/y/?] m
  LED support for the MEN 14F021P00 BMC (LEDS_MENF21BMC) [M/n/?] m
  LED Support for ISSI IS31FL319x I2C LED controller family (LEDS_IS31FL319X) [M/n/y/?] m
  LED support for the UP board (LEDS_UPBOARD) [M/n/?] m
  *
  * LED driver for blink(1) USB RGB LED is under Special HID drivers (HID_THINGM)
  *
  LED support for the BlinkM I2C RGB LED (LEDS_BLINKM) [M/n/y/?] m
    Enable multicolor support for BlinkM I2C RGB LED (LEDS_BLINKM_MULTICOLOR) [Y/n/?] y
  LED support for the Mellanox boards (LEDS_MLXCPLD) [M/n/y/?] m
  LED support for the Mellanox switches management control (LEDS_MLXREG) [M/n/y/?] m
  Userspace LED support (LEDS_USER) [M/n/y/?] m
  LED support for NI PXI NIC78bx devices (LEDS_NIC78BX) [M/n/y/?] m
  LED support for SPI LED controller with a single byte (LEDS_SPI_BYTE) [M/n/y/?] m
  LED driver for LM36274 (LEDS_LM36274) [M/n/?] m
  LED support for TI TPS6105X (LEDS_TPS6105X) [M/n/?] m
  LED support for TI TPS68470 (LEDS_TPS68470) [M/n/?] m
  *
  * Flash and Torch LED drivers
  *
  AS3645A and LM3555 LED flash controllers support (LEDS_AS3645A) [M/n/?] m
  LED support for LM3601x Chips (LEDS_LM3601X) [M/n/?] m
  Flash LED Support for MediaTek MT6370 PMIC (LEDS_MT6370_FLASH) [M/n/?] m
  LED support for Richtek RT8515 flash/torch LED (LEDS_RT8515) [M/n/?] m
  LED support for the SGM3140 (LEDS_SGM3140) [M/n/?] m
  *
  * RGB LED drivers
  *
  LED support for KTD202x Chips (LEDS_KTD202X) [M/n/?] m
  LED support for Texas Instruments LP5812 (LEDS_LP5812) [N/m/?] (NEW) 
  PWM driven multi-color LED Support (LEDS_PWM_MULTICOLOR) [M/n/?] m
  LED Support for MediaTek MT6370 PMIC (LEDS_MT6370_RGB) [M/n/?] m
  *
  * LED Triggers
  *
  *
  * Simatic LED drivers
  *
  LED driver for Siemens Simatic IPCs (LEDS_SIEMENS_SIMATIC_IPC) [M/n/?] m
  LED driver for Siemens Simatic IPCs based on Intel Apollo Lake GPIO (LEDS_SIEMENS_SIMATIC_IPC_APOLLOLAKE) [M/n/?] m
  LED driver for Siemens Simatic IPCs based on Nuvoton GPIO (LEDS_SIEMENS_SIMATIC_IPC_F7188X) [M/n/?] m
  LED driver for Siemens Simatic IPCs based on Intel Elkhart Lake GPIO (LEDS_SIEMENS_SIMATIC_IPC_ELKHARTLAKE) [M/n/?] m
*
* InfiniBand support
*
InfiniBand support (INFINIBAND) [M/n/y/?] m
  InfiniBand userspace MAD support (INFINIBAND_USER_MAD) [M/n/?] m
  InfiniBand userspace access (verbs and CM) (INFINIBAND_USER_ACCESS) [M/n/?] m
    InfiniBand on-demand paging support (INFINIBAND_ON_DEMAND_PAGING) [Y/n/?] y
  RDMA/CM (INFINIBAND_ADDR_TRANS) [Y/n/?] y
  Broadcom Netxtreme HCA support (INFINIBAND_BNXT_RE) [M/n/?] m
  Broadcom Next generation RoCE HCA support (INFINIBAND_BNG_RE) [N/m/?] (NEW) 
  Chelsio T4/T5 RDMA Driver (INFINIBAND_CXGB4) [M/n/?] m
  Amazon Elastic Fabric Adapter (EFA) support (INFINIBAND_EFA) [M/n/?] m
  Alibaba Elastic RDMA Adapter (ERDMA) support (INFINIBAND_ERDMA) [M/n/?] m
  Cornelis OPX Gen1 support (INFINIBAND_HFI1) [M/n/?] m
    HFI1 SDMA Order debug (HFI1_DEBUG_SDMA_ORDER) [N/y/?] n
    Config SDMA Verbosity (SDMA_VERBOSITY) [N/y/?] n
  AMD Pensando DSC RDMA/RoCE Support (INFINIBAND_IONIC) [M/n/?] m
  Intel(R) Ethernet Protocol Driver for RDMA (INFINIBAND_IRDMA) [M/n/?] m
  Microsoft Azure Network Adapter support (MANA_INFINIBAND) [M/n/?] m
  Mellanox ConnectX HCA support (MLX4_INFINIBAND) [M/n/?] m
  Mellanox 5th generation network adapters (ConnectX series) support (MLX5_INFINIBAND) [M/n/?] m
  Mellanox HCA support (INFINIBAND_MTHCA) [M/n/?] m
  Emulex One Connect HCA support (INFINIBAND_OCRDMA) [M/n/?] m
  QLogic RoCE driver (INFINIBAND_QEDR) [M/n/?] m
  Verbs support for Cisco VIC (INFINIBAND_USNIC) [M/n/?] m
  VMware Paravirtualized RDMA Driver (INFINIBAND_VMWARE_PVRDMA) [M/n/?] m
  RDMA verbs transport library (INFINIBAND_RDMAVT) [M/n/?] m
  Software RDMA over Ethernet (RoCE) driver (RDMA_RXE) [M/n/?] m
  Software RDMA over TCP/IP (iWARP) driver (RDMA_SIW) [M/n/?] m
  IP-over-InfiniBand (INFINIBAND_IPOIB) [M/n/?] m
    IP-over-InfiniBand Connected Mode support (INFINIBAND_IPOIB_CM) [Y/n/?] y
    IP-over-InfiniBand debugging (INFINIBAND_IPOIB_DEBUG) [Y/?] y
      IP-over-InfiniBand data path debugging (INFINIBAND_IPOIB_DEBUG_DATA) [N/y/?] n
  InfiniBand SCSI RDMA Protocol (INFINIBAND_SRP) [M/n/?] m
  InfiniBand SCSI RDMA Protocol target support (INFINIBAND_SRPT) [M/n/?] m
  iSCSI Extensions for RDMA (iSER) (INFINIBAND_ISER) [M/n/?] m
  iSCSI Extensions for RDMA (iSER) target support (INFINIBAND_ISERT) [M/n/?] m
  RTRS client module (INFINIBAND_RTRS_CLIENT) [M/n/?] m
  RTRS server module (INFINIBAND_RTRS_SERVER) [M/n/?] m
*
* EDAC (Error Detection And Correction) reporting
*
EDAC (Error Detection And Correction) reporting (EDAC) [Y/n/m/?] y
  Debugging (EDAC_DEBUG) [N/y/?] n
  Decode MCEs in human-readable form (only on AMD for now) (EDAC_DECODE_MCE) [Y/n/m/?] y
  Output ACPI APEI/GHES BIOS detected errors via EDAC (EDAC_GHES) [Y/n/m/?] y
  EDAC scrub feature (EDAC_SCRUB) [Y/n/?] y
  EDAC ECS (Error Check Scrub) feature (EDAC_ECS) [Y/n/?] y
  EDAC memory repair feature (EDAC_MEM_REPAIR) [Y/n/?] y
  AMD64 (Opteron, Athlon64) (EDAC_AMD64) [M/n/y/?] m
  Intel e752x (e7520, e7525, e7320) and 3100 (EDAC_E752X) [M/n/y/?] m
  Intel 82975x (D82975x) (EDAC_I82975X) [M/n/y/?] m
  Intel 3000/3010 (EDAC_I3000) [M/n/y/?] m
  Intel 3200 (EDAC_I3200) [M/n/y/?] m
  Intel e312xx (EDAC_IE31200) [M/n/y/?] m
  Intel X38 (EDAC_X38) [M/n/y/?] m
  Intel 5400 (Seaburg) chipsets (EDAC_I5400) [M/n/y/?] m
  Intel i7 Core (Nehalem) processors (EDAC_I7CORE) [M/n/y/?] m
  Intel San Clemente MCH (EDAC_I5100) [M/n/y/?] m
  Intel Clarksboro MCH (EDAC_I7300) [M/n/y/?] m
  Intel Sandy-Bridge/Ivy-Bridge/Haswell Integrated MC (EDAC_SBRIDGE) [M/n/y/?] m
  Intel Skylake server Integrated MC (EDAC_SKX) [M/n/?] m
  Intel 10nm server Integrated MC (EDAC_I10NM) [M/n/?] m
  Intel Integrated Memory/IO Hub MC (EDAC_IMH) [N/m/?] (NEW) 
  Intel Pondicherry2 (EDAC_PND2) [M/n/y/?] m
  Intel client SoC Integrated MC (EDAC_IGEN6) [M/n/y/?] m
*
* DMA Engine support
*
DMA Engine support (DMADEVICES) [Y/n/?] y
  DMA Engine debugging (DMADEVICES_DEBUG) [N/y/?] n
  *
  * DMA Devices
  *
  Altera / Intel mSGDMA Engine (ALTERA_MSGDMA) [M/n/y/?] m
  Intel integrated DMA 64-bit support (INTEL_IDMA64) [M/n/y/?] m
  Intel Data Accelerators support (INTEL_IDXD) [M/n/y/?] m
  Legacy behavior for idxd driver (INTEL_IDXD_COMPAT) [N/y/?] n
  Accelerator Shared Virtual Memory Support (INTEL_IDXD_SVM) [Y/n/?] y
  Intel Data Accelerators performance monitor support (INTEL_IDXD_PERFMON) [Y/n/?] y
  Intel I/OAT DMA support (INTEL_IOATDMA) [M/n/y/?] m
  PLX ExpressLane PEX Switch DMA Engine Support (PLX_DMA) [M/n/y/?] m
  Switchtec PSX/PFX Switch DMA Engine Support (SWITCHTEC_DMA) [N/m/y/?] (NEW) 
  Xilinx AXI DMAS Engine (XILINX_DMA) [M/n/y/?] m
  Xilinx DMA/Bridge Subsystem DMA Engine (XILINX_XDMA) [M/y/?] m
  AMD AE4DMA Engine (AMD_AE4DMA) [M/n/?] m
  AMD PassThru DMA Engine (AMD_PTDMA) [M/n/y/?] m
  AMD Queue-based DMA (AMD_QDMA) [M/n/y/?] m
  Qualcomm Technologies HIDMA Management support (QCOM_HIDMA_MGMT) [M/n/y/?] m
  Qualcomm Technologies HIDMA Channel support (QCOM_HIDMA) [M/n/y/?] m
  Synopsys DesignWare AHB DMA platform driver (DW_DMAC) [M/n/y/?] m
  Synopsys DesignWare AHB DMA PCI driver (DW_DMAC_PCI) [Y/m/?] y
  Synopsys DesignWare eDMA controller driver (DW_EDMA) [M/n/y/?] m
    Synopsys DesignWare eDMA PCIe driver (DW_EDMA_PCIE) [M/n/?] m
  Sifive PDMA controller driver (SF_PDMA) [M/n/y/?] m
  Lightning Mountain centralized DMA controllers (INTEL_LDMA) [Y/n/?] y
  *
  * DMA Clients
  *
  Async_tx: Offload support for the async_tx api (ASYNC_TX_DMA) [Y/n/?] y
  DMA Test client (DMATEST) [N/m/y/?] n
*
* Userspace I/O drivers
*
Userspace I/O drivers (UIO) [M/y/?] m
  generic Hilscher CIF Card driver (UIO_CIF) [M/n/?] m
  Userspace I/O platform driver with generic IRQ handling (UIO_PDRV_GENIRQ) [M/n/?] m
  Userspace platform driver with generic irq and dynamic memory (UIO_DMEM_GENIRQ) [M/n/?] m
  AEC video timestamp device (UIO_AEC) [M/n/?] m
  Automata Sercos III PCI card driver (UIO_SERCOS3) [M/n/?] m
  Generic driver for PCI 2.3 and PCI Express cards (UIO_PCI_GENERIC) [M/n/?] m
  Hilscher NetX Card driver (UIO_NETX) [M/n/?] m
  Humusoft MF624 DAQ PCI card driver (UIO_MF624) [M/n/?] m
  Generic driver for Hyper-V VMBus (UIO_HV_GENERIC) [M/n/?] m
  Generic driver for DFL (Device Feature List) bus (UIO_DFL) [M/n/?] m
  Generic driver for PCI Express that supports sva (UIO_PCI_GENERIC_SVA) [N/m/?] (NEW) 
*
* VFIO support for PCI devices
*
Generic VFIO support for any PCI device (VFIO_PCI) [M/n/?] m
  Generic VFIO PCI support for VGA devices (VFIO_PCI_VGA) [Y/n/?] y
  Generic VFIO PCI extensions for Intel graphics (GVT-d) (VFIO_PCI_IGD) [Y/n/?] y
VFIO support for MLX5 PCI devices (MLX5_VFIO_PCI) [M/n/?] m
VFIO support for PDS PCI devices (PDS_VFIO_PCI) [M/n/?] m
VFIO support for VIRTIO PCI VF devices (VIRTIO_VFIO_PCI) [M/n/?] m
  Legacy I/O support for VIRTIO NET PCI VF devices (VIRTIO_VFIO_PCI_ADMIN_LEGACY) [Y/n/?] y
VFIO support for QAT VF PCI devices (QAT_VFIO_PCI) [M/n/?] m
VFIO support for Intel Graphics (XE_VFIO_PCI) [N/m/?] (NEW) 
*
* Uniwill X86 Platform Specific Device Drivers
*
Uniwill X86 Platform Specific Device Drivers (X86_PLATFORM_DRIVERS_UNIWILL) [N/y/?] (NEW) 
*
* X86 Platform Specific Device Drivers
*
X86 Platform Specific Device Drivers (X86_PLATFORM_DEVICES) [Y/?] y
  WMI embedded Binary MOF driver (WMI_BMOF) [M/n/?] m
  Huawei WMI laptop extras driver (HUAWEI_WMI) [M/n/?] m
  WMI support for MXM Laptop Graphics (MXM_WMI) [M/?] m
  EC Backlight Driver for Hybrid Graphics Notebook Systems (NVIDIA_WMI_EC_BACKLIGHT) [M/n/?] m
  Xiaomi WMI key driver (XIAOMI_WMI) [M/n/?] m
  Redmibook WMI key driver (REDMI_WMI) [M/n/?] m
  Gigabyte WMI temperature driver (GIGABYTE_WMI) [M/n/?] m
  Bitland MIFS (MiInterface) WMI driver (BITLAND_MIFS_WMI) [N/m/?] (NEW) 
  Acer Aspire One temperature and fan driver (ACERHDF) [M/n/y/?] m
  Acer Wireless Radio Control Driver (ACER_WIRELESS) [M/n/y/?] m
  Acer WMI Laptop Extras (ACER_WMI) [M/n/?] m
  AMD Platform Management Framework (AMD_PMF) [M/n/?] m
    PMF debug information (AMD_PMF_DEBUG) [N/y/?] n
  AMD SoC PMC driver (AMD_PMC) [M/n/y/?] m
    AMD SoC MP2 STB function (AMD_MP2_STB) [Y/n/?] y
  AMD Hetero Core Hardware Feedback Driver (AMD_HFI) [Y/n/?] y
  AMD 3D V-Cache Performance Optimizer Driver (AMD_3D_VCACHE) [Y/n/m/?] y
  AMD Wifi RF Band mitigations (WBRF) (AMD_WBRF) [Y/n/?] y
  AMD ISP4 platform driver (AMD_ISP_PLATFORM) [M/n/y/?] m
  Advantech ACPI Software Button Driver (ADV_SWBUTTON) [M/n/y/?] m
  Apple Gmux Driver (APPLE_GMUX) [M/n/y/?] m
  Asus Laptop Extras (ASUS_LAPTOP) [M/n/?] m
  Asus Wireless Radio Control Driver (ASUS_WIRELESS) [M/n/y/?] m
  ASUS Armoury driver (ASUS_ARMOURY) [M/n/?] m
  ASUS WMI Driver (ASUS_WMI) [M/n/?] m
    BIOS option support in WMI platform (DEPRECATED) (ASUS_WMI_DEPRECATED_ATTRS) [Y/n/?] y
    Asus Notebook WMI Driver (ASUS_NB_WMI) [M/n/?] m
  Asus TF103C 2-in-1 keyboard dock (ASUS_TF103C_DOCK) [M/n/y/?] m
  Ayaneo EC platform control (AYANEO_EC) [N/m/y/?] (NEW) 
  Cisco Meraki MX100 Platform Driver (MERAKI_MX100) [M/n/?] m
  Eee PC Hotkey Driver (EEEPC_LAPTOP) [M/n/?] m
  Eee PC WMI Driver (EEEPC_WMI) [M/n/?] m
  Fujitsu-Siemens Amilo rfkill support (AMILO_RFKILL) [M/n/?] m
  Fujitsu Laptop Extras (FUJITSU_LAPTOP) [M/n/?] m
  Fujitsu Tablet Extras (FUJITSU_TABLET) [M/n/y/?] m
  GPD Pocket Fan Controller support (GPD_POCKET_FAN) [M/n/y/?] m
  Wireless hotkey button (WIRELESS_HOTKEY) [M/n/y/?] m
  Device driver to enable PRTL support (IBM_RTL) [M/n/y/?] m
  Thinkpad Hard Drive Active Protection System (hdaps) (SENSORS_HDAPS) [M/n/y/?] m
  Intel AtomISP v2 camera LED driver (INTEL_ATOMISP2_LED) [M/n/?] m
  Intel AtomISP v2 dummy / power-management driver (INTEL_ATOMISP2_PM) [M/n/y/?] m
  Intel In Field Scan (INTEL_IFS) [M/n/y/?] m
  Intel Specific Absorption Rate Driver (INTEL_SAR_INT1092) [M/n/y/?] m
  Intel SkyLake ACPI INT3472 Driver (INTEL_SKL_INT3472) [M/n/y/?] m
  Intel PMC Core driver (INTEL_PMC_CORE) [M/n/?] m
  Intel Platform Monitoring Technology (PMT) Telemetry driver (INTEL_PMT_TELEMETRY) [M/n/?] m
  Intel Platform Monitoring Technology (PMT) Crashlog driver (INTEL_PMT_CRASHLOG) [M/n/?] m
  Intel Platform Monitoring Technology (PMT) Discovery driver (INTEL_PMT_DISCOVERY) [M/?] m
  Intel SoC Telemetry driver (INTEL_TELEMETRY) [M/n/?] m
  Intel WMI Slim Bootloader firmware update signaling driver (INTEL_WMI_SBL_FW_UPDATE) [M/n/?] m
  Intel WMI thunderbolt force power driver (INTEL_WMI_THUNDERBOLT) [M/n/?] m
  Intel HID Event (INTEL_HID_EVENT) [M/n/y/?] m
  Intel Virtual Button (INTEL_VBTN) [M/n/y/?] m
  Intel Elkhart Lake PSE I/O driver (INTEL_EHL_PSE_IO) [N/m/y/?] (NEW) 
  Intel ACPI INT0002 Virtual GPIO driver (INTEL_INT0002_VGPIO) [M/n/y/?] m
  Intel Oaktrail Platform Extras (INTEL_OAKTRAIL) [M/n/?] m
  Intel Broxton Whiskey Cove TMU Driver (INTEL_BXTWC_PMIC_TMU) [M/n/?] m
  Intel Bay Trail Crystal Cove power source driver (INTEL_BYTCRC_PWRSRC) [M/n/y/?] m
  Intel Cherry Trail Dollar Cove TI power button driver (INTEL_CHTDC_TI_PWRBTN) [M/n/?] m
  Intel Cherry Trail Whiskey Cove ACPI INT33FE Driver (INTEL_CHTWC_INT33FE) [M/n/?] m
  Intel ISHTP eclite controller Driver (INTEL_ISHTP_ECLITE) [M/n/?] m
  Intel Merrifield Basin Cove power button driver (INTEL_MRFLD_PWRBTN) [M/n/?] m
  Intel P-Unit IPC Driver (INTEL_PUNIT_IPC) [M/n/y/?] m
  Intel Rapid Start Technology Driver (INTEL_RST) [M/n/y/?] m
  Intel On Demand (Software Defined Silicon) Driver (INTEL_SDSI) [M/n/?] m
  Intel Smart Connect disabling driver (INTEL_SMARTCONNECT) [M/n/y/?] m
  Intel Topology Aware Register and PM Capsule Interface (TPMI) (INTEL_TPMI) [M/n/?] m
    Intel SoC TPMI Power Limit Reasons driver (INTEL_PLR_TPMI) [M/n/?] m
  Intel Turbo Boost Max Technology 3.0 enumeration driver (INTEL_TURBO_MAX_3) [Y/n/?] y
  Intel Vendor Specific Extended Capabilities Driver (INTEL_VSEC) [M/n/y/?] m
  Lenovo IdeaPad Laptop Extras (IDEAPAD_LAPTOP) [M/n/?] m
  Lenovo Hotkey Utility WMI extras driver (LENOVO_WMI_HOTKEY_UTILITIES) [M/n/?] m
  Lenovo WMI Camera Button driver (LENOVO_WMI_CAMERA) [M/n/?] m
  Lenovo Yoga Tablet Mode Control (LENOVO_YMC) [M/n/?] m
  ThinkPad ACPI Laptop Extras (THINKPAD_ACPI) [M/n/?] m
    Console audio control ALSA interface (THINKPAD_ACPI_ALSA_SUPPORT) [Y/n/?] y
    Maintainer debug facilities (THINKPAD_ACPI_DEBUGFACILITIES) [N/y/?] n
    Verbose debug mode (THINKPAD_ACPI_DEBUG) [N/y/?] n
    Allow control of important LEDs (unsafe) (THINKPAD_ACPI_UNSAFE_LEDS) [N/y/?] n
    Video output control support (THINKPAD_ACPI_VIDEO) [Y/n/?] y
    Support NVRAM polling for hot keys (THINKPAD_ACPI_HOTKEY_POLL) [Y/n/?] y
  Lenovo WMI-based systems management driver (THINKPAD_LMI) [M/n/?] m
  Lenovo Yoga Book tablet key driver (YOGABOOK) [M/n/?] m
  Lenovo Yoga Tablet 2 1380 fast charge driver (YT2_1380) [M/n/y/?] m
  Lenovo GameZone WMI Driver (LENOVO_WMI_GAMEZONE) [M/n/?] m
  Lenovo Other Mode WMI Driver (LENOVO_WMI_TUNING) [M/n/?] m
  ACPI Quickstart button driver (ACPI_QUICKSTART) [M/n/y/?] m
  MeeGoPad ANX7428 Type-C Switch (MEEGOPAD_ANX7428) [M/n/y/?] m
  MSI EC Extras (MSI_EC) [M/n/y/?] m
  MSI Laptop Extras (MSI_LAPTOP) [M/n/?] m
  MSI WMI extras (MSI_WMI) [M/n/?] m
  MSI WMI Platform features (MSI_WMI_PLATFORM) [M/n/?] m
  PC Engines APUv2/3 front button and LEDs driver (PCENGINES_APU2) [M/n/y/?] m
  Portwell Embedded Controller driver (PORTWELL_EC) [M/n/y/?] m
  Barco P50 GPIO driver for identify LED/button (BARCO_P50_GPIO) [M/n/y/?] m
  Samsung Galaxy Book driver (SAMSUNG_GALAXYBOOK) [M/n/y/?] m
  Samsung Laptop driver (SAMSUNG_LAPTOP) [M/n/?] m
  Samsung Q10 Extras (SAMSUNG_Q10) [M/n/y/?] m
  Toshiba Laptop Extras (ACPI_TOSHIBA) [M/n/?] m
  Toshiba Bluetooth RFKill switch support (TOSHIBA_BT_RFKILL) [M/n/?] m
  Toshiba HDD Active Protection Sensor (TOSHIBA_HAPS) [M/n/y/?] m
  Toshiba WMI Hotkeys Driver (EXPERIMENTAL) (TOSHIBA_WMI) [M/n/?] m
  CMPC Laptop Extras (ACPI_CMPC) [M/n/?] m
  Compal (and others) Laptop Extras (COMPAL_LAPTOP) [M/n/?] m
  LG Laptop Extras (LG_LAPTOP) [M/n/?] m
  Panasonic Laptop Extras (PANASONIC_LAPTOP) [M/n/?] m
  Sony Laptop Extras (SONY_LAPTOP) [M/n/?] m
    Sonypi compatibility (SONYPI_COMPAT) [Y/n/?] y
  System76 ACPI Driver (SYSTEM76_ACPI) [M/n/y/?] m
  Topstar Laptop Extras (TOPSTAR_LAPTOP) [M/n/y/?] m
  Serial bus multi instantiate pseudo device driver (SERIAL_MULTI_INSTANTIATE) [M/n/y/?] m
  DMI based touchscreen configuration info (TOUCHSCREEN_DMI) [Y/n/?] y
  Inspur WMI platform profile driver (INSPUR_PLATFORM_PROFILE) [M/n/?] m
  Dasharo ACPI Platform Driver (DASHARO_ACPI) [M/n/y/?] m
  X86 Android tablet support (X86_ANDROID_TABLETS) [M/n/y/?] m
  Intel Intelligent Power Sharing (INTEL_IPS) [M/n/y/?] m
  Intel SCU PCI driver (INTEL_SCU_PCI) [Y/n/?] y
  Intel SCU platform driver (INTEL_SCU_PLATFORM) [M/n/y/?] m
  Intel SCU IPC utility driver (INTEL_SCU_IPC_UTIL) [M/n/y/?] m
  Siemens Simatic IPC Class driver (SIEMENS_SIMATIC_IPC) [M/n/y/?] m
    CMOS battery driver for Siemens Simatic IPCs (SIEMENS_SIMATIC_IPC_BATT) [M/n/?] m
      CMOS Battery monitoring for Simatic IPCs based on Apollo Lake GPIO (SIEMENS_SIMATIC_IPC_BATT_APOLLOLAKE) [M/n/?] m
      CMOS Battery monitoring for Simatic IPCs based on Elkhart Lake GPIO (SIEMENS_SIMATIC_IPC_BATT_ELKHARTLAKE) [M/n/?] m
      CMOS Battery monitoring for Simatic IPCs based on Nuvoton GPIO (SIEMENS_SIMATIC_IPC_BATT_F7188X) [M/n/?] m
  Silicom Edge Networking device support (SILICOM_PLATFORM) [M/n/?] m
  Winmate FM07/FM07P front-panel keys driver (WINMATE_FM07_KEYS) [M/n/y/?] m
  SEL-3350 LEDs and power supplies (SEL3350_PLATFORM) [M/n/?] m
  OneXPlayer EC platform control (OXP_EC) [M/n/y/?] m
  TUXEDO NB04 WMI AB Platform Driver (TUXEDO_NB04_WMI_AB) [M/n/?] m
*
* IOMMU Hardware Support
*
IOMMU Hardware Support (IOMMU_SUPPORT) [Y/n/?] y
  Export IOMMU internals in DebugFS (IOMMU_DEBUGFS) [N/y/?] n
  IOMMU default domain type
    1. Translated - Strict (IOMMU_DEFAULT_DMA_STRICT)
  > 2. Translated - Lazy (IOMMU_DEFAULT_DMA_LAZY)
    3. Passthrough (IOMMU_DEFAULT_PASSTHROUGH)
  choice[1-3?]: 2
  AMD IOMMU support (AMD_IOMMU) [Y/n/?] y
    Enable IOMMUFD features for AMD IOMMU (EXPERIMENTAL) (AMD_IOMMU_IOMMUFD) [N/y/?] (NEW) 
  Support for Intel IOMMU using DMA Remapping Devices (INTEL_IOMMU) [Y/n/?] y
    Support for Shared Virtual Memory with Intel IOMMU (INTEL_IOMMU_SVM) [Y/n/?] y
    Enable Intel DMA Remapping Devices by default (INTEL_IOMMU_DEFAULT_ON) [N/y/?] n
    Enable Intel IOMMU scalable mode by default (INTEL_IOMMU_SCALABLE_MODE_DEFAULT_ON) [Y/n/?] y
    Intel IOMMU performance events (INTEL_IOMMU_PERF_EVENTS) [Y/n/?] y
  IOMMU Userspace API (IOMMUFD) [M/n/y/?] m
  Support for Interrupt Remapping (IRQ_REMAP) [Y/n/?] y
  Hyper-V IRQ Handling (HYPERV_IOMMU) [Y/n/?] y
  Virtio IOMMU driver (VIRTIO_IOMMU) [M/n/y/?] m
*
* Generic Radix Page Table
*
Generic Radix Page Table (GENERIC_PT) [Y/?] (NEW) y
  Extra debugging checks for GENERIC_PT (DEBUG_GENERIC_PT) [N/y/?] (NEW) 
  IOMMU Page Tables (IOMMU_PT) [Y/?] (NEW) y
    IOMMU page table for 64-bit AMD IOMMU v1 (IOMMU_PT_AMDV1) [Y/?] (NEW) y
    IOMMU page table for Intel VT-d Second Stage (IOMMU_PT_VTDSS) [Y/?] (NEW) y
    IOMMU page table for RISC-V 64 bit Sv57/Sv48/Sv39 (IOMMU_PT_RISCV64) [N/m/y/?] (NEW) 
    IOMMU page table for x86 64-bit, 4/5 levels (IOMMU_PT_X86_64) [Y/?] (NEW) y
*
* Accelerometers
*
Analog Devices ADIS16201 Dual-Axis Digital Inclinometer and Accelerometer (ADIS16201) [M/n/?] m
Analog Devices ADIS16209 Dual-Axis Digital Inclinometer and Accelerometer (ADIS16209) [M/n/?] m
Analog Devices ADXL313 3-Axis Digital Accelerometer I2C Driver (ADXL313_I2C) [M/n/?] m
Analog Devices ADXL313 3-Axis Digital Accelerometer SPI Driver (ADXL313_SPI) [M/n/?] m
Analog Devices ADXL345 3-Axis Digital Accelerometer I2C Driver (ADXL345_I2C) [N/m/?] (NEW) 
Analog Devices ADXL345 3-Axis Digital Accelerometer SPI Driver (ADXL345_SPI) [N/m/?] (NEW) 
Analog Devices ADXL355 3-Axis Digital Accelerometer I2C Driver (ADXL355_I2C) [M/n/?] m
Analog Devices ADXL355 3-Axis Digital Accelerometer SPI Driver (ADXL355_SPI) [M/n/?] m
Analog Devices ADXL367 3-Axis Accelerometer SPI Driver (ADXL367_SPI) [M/n/?] m
Analog Devices ADXL367 3-Axis Accelerometer I2C Driver (ADXL367_I2C) [M/n/?] m
Analog Devices ADXL371/ADXL372 3-Axis Accelerometer SPI Driver (ADXL372_SPI) [M/n/?] m
Analog Devices ADXL371/ADXL372 3-Axis Accelerometer I2C Driver (ADXL372_I2C) [M/n/?] m
Analog Devices ADXL380 3-Axis Accelerometer SPI Driver (ADXL380_SPI) [M/n/?] m
Analog Devices ADXL380 3-Axis Accelerometer I2C Driver (ADXL380_I2C) [M/n/?] m
Bosch BMA220 3-Axis Accelerometer Driver (BMA220) [M/n/?] m
Bosch BMA400 3-Axis Accelerometer Driver (BMA400) [M/n/?] m
Bosch BMC150 Accelerometer Driver (BMC150_ACCEL) [M/n/?] m
Bosch BMI088 Accelerometer Driver (BMI088_ACCEL) [M/n/?] m
MiraMEMS DA280 3-axis 14-bit digital accelerometer driver (DA280) [M/n/?] m
MiraMEMS DA311 3-axis 12-bit digital accelerometer driver (DA311) [M/n/?] m
Domintech DMARD06 Digital Accelerometer Driver (DMARD06) [M/n/?] m
Domintech DMARD09 3-axis Accelerometer Driver (DMARD09) [M/n/?] m
Domintech DMARD10 3-axis Accelerometer Driver (DMARD10) [M/n/?] m
NXP FXLS8962AF/FXLS8964AF Accelerometer I2C Driver (FXLS8962AF_I2C) [M/n/?] m
NXP FXLS8962AF/FXLS8964AF Accelerometer SPI Driver (FXLS8962AF_SPI) [M/n/?] m
HID Accelerometers 3D (HID_SENSOR_ACCEL_3D) [M/n/?] m
ChromeOS EC Legacy Accelerometer Sensor (IIO_CROS_EC_ACCEL_LEGACY) [M/n/?] m
STMicroelectronics accelerometers 3-Axis Driver (IIO_ST_ACCEL_3AXIS) [M/?] m
  STMicroelectronics accelerometers 3-Axis I2C Interface (IIO_ST_ACCEL_I2C_3AXIS) [M/?] m
  STMicroelectronics accelerometers 3-Axis SPI Interface (IIO_ST_ACCEL_SPI_3AXIS) [M/?] m
Kionix KX022A tri-axis digital accelerometer SPI interface (IIO_KX022A_SPI) [M/n/?] m
Kionix KX022A tri-axis digital accelerometer I2C interface (IIO_KX022A_I2C) [M/n/?] m
Kionix KXSD9 Accelerometer Driver (KXSD9) [M/n/?] m
  Kionix KXSD9 SPI transport (KXSD9_SPI) [M/n/?] m
  Kionix KXSD9 I2C transport (KXSD9_I2C) [M/n/?] m
Kionix 3-Axis Accelerometer Driver (KXCJK1013) [M/n/?] m
mCube MC3230 Digital Accelerometer Driver (MC3230) [M/n/?] m
Freescale MMA7455L/MMA7456L Accelerometer I2C Driver (MMA7455_I2C) [M/n/?] m
Freescale MMA7455L/MMA7456L Accelerometer SPI Driver (MMA7455_SPI) [M/n/?] m
Freescale MMA7660FC 3-Axis Accelerometer Driver (MMA7660) [M/n/?] m
Freescale / NXP MMA8452Q and similar Accelerometers Driver (MMA8452) [M/n/?] m
Freescale MMA9551L Intelligent Motion-Sensing Platform Driver (MMA9551) [M/n/?] m
Freescale MMA9553L Intelligent Pedometer Platform Driver (MMA9553) [M/n/?] m
MEMSensing Digital 3-Axis Accelerometer Driver (MSA311) [M/n/?] m
Memsic MXC4005XC 3-Axis Accelerometer Driver (MXC4005) [M/n/?] m
Memsic MXC6255 Orientation Sensing Accelerometer Driver (MXC6255) [M/n/?] m
VTI SCA3000 series accelerometers (SCA3000) [M/n/?] m
Murata SCA3300 3-Axis Accelerometer Driver (SCA3300) [M/n/?] m
Sensortek STK8312 3-Axis Accelerometer Driver (STK8312) [M/n/?] m
Sensortek STK8BA50 3-Axis Accelerometer Driver (STK8BA50) [M/n/?] m
*
* Analog to digital converters
*
Analog Devices AD4000 ADC Driver (AD4000) [M/n/?] m
Analog Devices AD4030 ADC Driver (AD4030) [M/n/?] m
Analog Devices AD4080 high speed ADC (AD4080) [M/n/?] m
Analog Device AD4130 ADC Driver (AD4130) [M/n/?] m
Analog Device AD4134 ADC Driver (AD4134) [N/m/?] (NEW) 
Analog Device AD4170-4 ADC Driver (AD4170_4) [M/n/?] m
Analog Device AD4695 ADC Driver (AD4695) [M/n/?] m
Analog Device AD4851 DAS Driver (AD4851) [M/n/?] m
Analog Devices AD7091R5 ADC Driver (AD7091R5) [M/n/?] m
Analog Devices AD7091R8 ADC Driver (AD7091R8) [M/n/?] m
Analog Devices AD7124 and similar sigma-delta ADCs driver (AD7124) [M/n/?] m
Analog Devices AD7173 driver (AD7173) [M/n/?] m
Analog Devices AD7191 ADC driver (AD7191) [M/n/?] m
Analog Devices AD7192 and similar ADC driver (AD7192) [M/n/?] m
Analog Devices AD7265/AD7266 ADC driver (AD7266) [M/n/?] m
Analog Devices AD7280A Lithium Ion Battery Monitoring System (AD7280) [M/n/?] m
Analog Devices AD7291 ADC driver (AD7291) [M/n/?] m
Analog Devices AD7292 ADC driver (AD7292) [M/n/?] m
Analog Devices AD7298 ADC driver (AD7298) [M/n/?] m
Analog Devices AD7380 ADC driver (AD7380) [M/n/?] m
Analog Device AD7405 ADC Driver (AD7405) [M/n/?] m
Analog Devices AD7476 1-channel ADCs driver and other similar devices from AD and TI (AD7476) [M/n/?] m
Analog Devices AD7606 ADC driver with parallel interface support (AD7606_IFACE_PARALLEL) [M/n/?] m
Analog Devices AD7606 ADC driver with spi interface support (AD7606_IFACE_SPI) [M/n/?] m
Analog Devices AD7625/AD7626 High Speed ADC driver (AD7625) [M/n/?] m
Analog Devices AD7766/AD7767 ADC driver (AD7766) [M/n/?] m
Analog Devices AD7768-1 ADC driver (AD7768_1) [M/n/?] m
Analog Devices AD7779 ADC driver (AD7779) [M/n/?] m
Analog Devices AD7780 and similar ADCs driver (AD7780) [M/n/?] m
Analog Devices AD7791 ADC driver (AD7791) [M/n/?] m
Analog Devices AD7793 and similar ADCs driver (AD7793) [M/n/?] m
Analog Devices AD7887 ADC driver (AD7887) [M/n/?] m
Analog Devices AD7923 and similar ADCs driver (AD7923) [M/n/?] m
Analog Devices AD7944 and similar ADCs driver (AD7944) [M/n/?] m
Analog Devices AD7949 and similar ADCs driver (AD7949) [M/n/?] m
Analog Devices AD799x ADC driver (AD799X) [M/n/?] m
Analog Devices AD9467 High Speed ADC driver (AD9467) [M/n/?] m
Analog Devices ADE9000 Multiphase Energy, and Power Quality Monitoring IC Driver (ADE9000) [M/n/?] m
X-Powers AXP20X and AXP22X ADC driver (AXP20X_ADC) [M/n/?] m
X-Powers AXP288 ADC driver (AXP288_ADC) [M/n/?] m
Cosmic Circuits 10001 ADC driver (CC10001_ADC) [M/n/?] m
Dialog DA9150 GPADC driver support (DA9150_GPADC) [M/n/?] m
Diolan DLN-2 ADC driver support (DLN2_ADC) [M/n/?] m
Envelope detector using a DAC and a comparator (ENVELOPE_DETECTOR) [M/n/?] m
GE HealthCare PMC ADC driver (GEHC_PMC_ADC) [M/n/?] m
Holt Integrated Circuits HI-8435 threshold detector (HI8435) [M/n/?] m
AVIA HX711 ADC for weight cells (HX711) [M/n/?] m
Texas Instruments INA2xx Power Monitors IIO driver (INA2XX_ADC) [M/n/?] m
Intel Bay Trail / Cherry Trail Dollar Cove TI ADC driver (INTEL_DC_TI_ADC) [M/n/?] m
Intel Merrifield Basin Cove ADC driver (INTEL_MRFLD_ADC) [M/n/?] m
LP8788 ADC driver (LP8788_ADC) [M/n/?] m
Linear Technology LTC2309 ADC driver (LTC2309) [M/n/?] m
Linear Technology LTC2471 and LTC2473 ADC driver (LTC2471) [M/n/?] m
Linear Technology LTC2485 ADC driver (LTC2485) [M/n/?] m
Linear Technology LTC2496 ADC driver (LTC2496) [M/n/?] m
Linear Technology LTC2497 ADC driver (LTC2497) [M/n/?] m
Maxim max1027 ADC driver (MAX1027) [M/n/?] m
Maxim max11100 ADC driver (MAX11100) [M/n/?] m
Maxim max1117/max1118/max1119 ADCs driver (MAX1118) [M/n/?] m
Maxim max11205 ADC driver (MAX11205) [M/n/?] m
Analog Devices MAX11410 ADC driver (MAX11410) [M/n/?] m
Maxim max1241 ADC driver (MAX1241) [M/n/?] m
Maxim max1363 ADC driver (MAX1363) [M/n/?] m
Analog Devices MAX14001/MAX14002 ADC driver (MAX14001) [N/m/?] (NEW) 
Maxim max34408/max344089 ADC driver (MAX34408) [M/n/?] m
Analog Devices MAX77541 ADC driver (MAX77541_ADC) [M/n/?] m
Maxim max9611/max9612 ADC driver (MAX9611) [M/n/?] m
Microchip Technology MCP3x01/02/04/08 and MCP3550/1/3 (MCP320X) [M/n/?] m
Microchip Technology MCP3421/2/3/4/5/6/7/8 driver (MCP3422) [M/n/?] m
Microchip Technology MCP3461/2/4/R, MCP3561/2/4/R driver (MCP3564) [M/n/?] m
Microchip Technology MCP3911 driver (MCP3911) [M/n/?] m
MediaTek MT6359 PMIC AUXADC driver (MEDIATEK_MT6359_AUXADC) [M/n/?] m
Mediatek MT6360 ADC driver (MEDIATEK_MT6360_ADC) [M/n/?] m
MediaTek MT6370 ADC driver (MEDIATEK_MT6370_ADC) [M/n/?] m
MEN 16z188 ADC IP Core support (MEN_Z188_ADC) [M/n/?] m
Monolithic MP2629 ADC driver (MP2629_ADC) [M/n/?] m
Nuvoton NAU7802 ADC driver (NAU7802) [M/n/?] m
Nuvoton Instruments NCT7201 and NCT7202 Power Monitor (NCT7201) [M/n/?] m
Microchip Technology PAC1921 driver (PAC1921) [M/n/?] m
Microchip Technology PAC1934 driver (PAC1934) [M/n/?] m
TI Palmas General Purpose ADC (PALMAS_GPADC) [M/n/?] m
Rohm BD79112 ADC driver (ROHM_BD79112) [M/n/?] m
Rohm BD79124 ADC driver (ROHM_BD79124) [M/n/?] m
Richtek RTQ6056 Current and Power Monitor ADC (RICHTEK_RTQ6056) [M/n/?] m
Generic sigma delta modulator (SD_ADC_MODULATOR) [M/n/?] m
Texas Instruments ADC081C/ADC101C/ADC121C family (TI_ADC081C) [M/n/?] m
Texas Instruments ADC0831/ADC0832/ADC0834/ADC0838 (TI_ADC0832) [M/n/?] m
Texas Instruments ADC084S021 (TI_ADC084S021) [M/n/?] m
Texas Instruments ADC108S102 and ADC128S102 driver (TI_ADC108S102) [M/n/?] m
Texas Instruments ADC12130/ADC12132/ADC12138 (TI_ADC12138) [M/n/?] m
Texas Instruments ADC128S052/ADC122S021/ADC124S021 (TI_ADC128S052) [M/n/?] m
Texas Instruments ADC161S626 1-channel differential ADC (TI_ADC161S626) [M/n/?] m
Texas Instruments ADS1015 ADC (TI_ADS1015) [M/n/?] m
Texas Instruments ADS1018 ADC (TI_ADS1018) [N/m/?] (NEW) 
Texas Instruments ADS1100 and ADS1000 ADC (TI_ADS1100) [M/n/?] m
Texas Instruments ADS1119 ADC (TI_ADS1119) [M/n/?] m
Texas Instruments ADS124S08 (TI_ADS124S08) [M/n/?] m
Texas Instruments ADS1298 (TI_ADS1298) [M/n/?] m
Texas Instruments ADS131E08 (TI_ADS131E08) [M/n/?] m
Texas Instruments ADS131M02 (TI_ADS131M02) [N/m/?] (NEW) 
Texas Instruments ADS7128 and ADS7138 ADC driver (TI_ADS7138) [M/n/?] m
Texas Instruments ADS7924 ADC (TI_ADS7924) [M/n/?] m
Texas Instruments ADS7950 ADC driver (TI_ADS7950) [M/n/?] m
Texas Instruments ADS8344 (TI_ADS8344) [M/n/?] m
Texas Instruments ADS8688 (TI_ADS8688) [M/n/?] m
Texas Instruments LMP92064 ADC driver (TI_LMP92064) [M/n/?] m
Texas Instruments TLC4541 ADC driver (TI_TLC4541) [M/n/?] m
Texas Instruments TSC2046 ADC driver (TI_TSC2046) [M/n/?] m
TWL4030 MADC (Monitoring A/D Converter) (TWL4030_MADC) [M/n/?] m
TWL6030 GPADC (General Purpose A/D Converter) Support (TWL6030_GPADC) [M/n/?] m
Freescale vf610 ADC driver (VF610_ADC) [M/n/?] m
Viperboard ADC support (VIPERBOARD_ADC) [M/n/?] m
Xilinx XADC driver (XILINX_XADC) [M/n/?] m
*
* Amplifiers
*
Analog Devices AD8366 and similar Gain Amplifiers (AD8366) [M/n/?] m
Analog Devices ADA4250 Instrumentation Amplifier (ADA4250) [M/n/?] m
Analog Devices ADL8113 Low Noise Amplifier (ADL8113) [N/m/?] (NEW) 
Analog Devices HMC425A and similar GPIO Gain Amplifiers (HMC425) [M/n/?] m
*
* Digital to analog converters
*
Analog Devices AD3530R and Similar DACs driver (AD3530R) [M/n/?] m
Analog Devices AD3552R DAC High Speed driver (AD3552R_HS) [M/n/?] m
Analog Devices AD3552R DAC driver (AD3552R) [M/n/?] m
Analog Devices AD5064 and similar multi-channel DAC driver (AD5064) [M/n/?] m
Analog Devices AD5360/61/62/63/70/71/73 DAC driver (AD5360) [M/n/?] m
Analog Devices AD5380/81/82/83/84/90/91/92 DAC driver (AD5380) [M/n/?] m
Analog Devices AD5421 DAC driver (AD5421) [M/n/?] m
Analog Devices AD5446 and similar single channel DACs driver (SPI) (AD5446_SPI) [N/m/?] (NEW) 
Analog Devices AD5446 and similar single channel DACs driver (I2C) (AD5446_I2C) [N/m/?] (NEW) 
Analog Devices AD5449 and similar DACs driver (AD5449) [M/n/?] m
Analog Devices AD5592R ADC/DAC driver (AD5592R) [M/n/?] m
Analog Devices AD5593R ADC/DAC driver (AD5593R) [M/n/?] m
Analog Devices AD5504/AD5501 DAC SPI driver (AD5504) [M/n/?] m
Analog Devices AD5624/44/64R DAC spi driver (AD5624R_SPI) [M/n/?] m
Analog Devices AD9739A RF DAC spi driver (AD9739A) [M/n/?] m
Analog Devices LTC2688 DAC spi driver (LTC2688) [M/n/?] m
Analog Devices AD5686 and similar multi-channel DACs (SPI) (AD5686_SPI) [M/n/?] m
Analog Devices AD5696 and similar multi-channel DACs (I2C) (AD5696_I2C) [M/n/?] m
Analog Devices AD5755/AD5755-1/AD5757/AD5735/AD5737 DAC driver (AD5755) [M/n/?] m
Analog Devices AD5758 DAC driver (AD5758) [M/n/?] m
Analog Devices AD5761/61R/21/21R DAC driver (AD5761) [M/n/?] m
Analog Devices AD5764/64R/44/44R DAC driver (AD5764) [M/n/?] m
Analog Devices AD5766/AD5767 DAC driver (AD5766) [M/n/?] m
Analog Devices AD5770R IDAC driver (AD5770R) [M/n/?] m
Analog Devices AD5760/AD5780/AD5781/AD5790/AD5791 DAC SPI driver (AD5791) [M/n/?] m
Analog Devices AD7293 Power Amplifier Current Controller (AD7293) [M/n/?] m
Analog Devices AD7303 DAC driver (AD7303) [M/n/?] m
Analog Devices AD8460 DAC driver (AD8460) [M/n/?] m
Analog Devices AD8801/AD8803 DAC driver (AD8801) [M/n/?] m
ROHM Semiconductor BD79703 DAC driver (BD79703) [M/n/?] m
DAC emulation using a DPOT (DPOT_DAC) [M/n/?] m
Maxim Integrated DS4422/DS4424 DAC driver (DS4424) [M/n/?] m
Linear Technology LTC1660/LTC1665 DAC SPI driver (LTC1660) [M/n/?] m
Linear Technology LTC2632-12/10/8 and similar DAC spi driver (LTC2632) [M/n/?] m
Analog Devices LTC2664 and LTC2672 DAC SPI driver (LTC2664) [M/n/?] m
Mitsubishi M62332 DAC driver (M62332) [M/n/?] m
Maxim MAX517/518/519/520/521 DAC driver (MAX517) [M/n/?] m
Analog Devices MAX22007 DAC Driver (MAX22007) [N/m/?] (NEW) 
Maxim MAX5522 DAC driver (MAX5522) [M/n/?] m
Maxim MAX5821 DAC driver (MAX5821) [M/n/?] m
MCP4725/6 DAC driver (MCP4725) [M/n/?] m
MCP4728 DAC driver (MCP4728) [M/n/?] m
MCP47F(E/V)B01/02/04/08/11/12/14/18/21/22/24/28 DAC driver (MCP47FEB02) [N/m/?] (NEW) 
MCP4801/02/11/12/21/22 DAC driver (MCP4821) [M/n/?] m
MCP4902, MCP4912, MCP4922 DAC driver (MCP4922) [M/n/?] m
Texas Instruments 8/10/12-bit 2/4-channel DAC driver (TI_DAC082S085) [M/n/?] m
Texas Instruments 8/10/12/16-bit 1/2/4-channel DAC driver (TI_DAC5571) [M/n/?] m
Texas Instruments 8/10/12-bit 1-channel DAC driver (TI_DAC7311) [M/n/?] m
Texas Instruments 12-bit 2-channel DAC driver (TI_DAC7612) [M/n/?] m
Vybrid vf610 DAC driver (VF610_DAC) [M/n/?] m
*
* Inertial measurement units
*
Analog Devices ADIS16400 and similar IMU SPI driver (ADIS16400) [M/n/?] m
Analog Devices ADIS16460 and similar IMU driver (ADIS16460) [M/n/?] m
Analog Devices ADIS16475 and similar IMU driver (ADIS16475) [M/n/?] m
Analog Devices ADIS16480 and similar IMU driver (ADIS16480) [M/n/?] m
Analog Devices ADIS16550 and similar IMU driver (ADIS16550) [M/n/?] m
Bosch BMI160 I2C driver (BMI160_I2C) [M/n/?] m
Bosch BMI160 SPI driver (BMI160_SPI) [M/n/?] m
Bosch BMI270 I2C driver (BMI270_I2C) [M/n/?] m
Bosch BMI270 SPI driver (BMI270_SPI) [M/n/?] m
Bosch BMI323 I2C driver (BMI323_I2C) [M/n/?] m
Bosch BMI323 SPI driver (BMI323_SPI) [M/n/?] m
Bosch BNO055 attached via UART (BOSCH_BNO055_SERIAL) [M/n/?] m
Bosch BNO055 attached via I2C bus (BOSCH_BNO055_I2C) [M/n/?] m
NXP FXOS8700 I2C driver (FXOS8700_I2C) [M/n/?] m
NXP FXOS8700 SPI driver (FXOS8700_SPI) [M/n/?] m
Kionix KMX61 6-axis accelerometer and magnetometer (KMX61) [M/n/?] m
InvenSense ICM-426xx I2C driver (INV_ICM42600_I2C) [M/n/?] m
InvenSense ICM-426xx SPI driver (INV_ICM42600_SPI) [M/n/?] m
InvenSense ICM-456xx I2C driver (INV_ICM45600_I2C) [N/m/?] (NEW) 
InvenSense ICM-456xx SPI driver (INV_ICM45600_SPI) [N/m/?] (NEW) 
Invensense MPU6050 devices (I2C) (INV_MPU6050_I2C) [M/n/?] m
Invensense MPU6050 devices (SPI) (INV_MPU6050_SPI) [M/n/?] m
Bosch Sensor SMI240 Inertial Measurement Unit (SMI240) [M/n/?] m
Bosch SMI330 I2C driver (SMI330_I2C) [N/m/?] (NEW) 
Bosch SMI330 SPI driver (SMI330_SPI) [N/m/?] (NEW) 
ST_LSM6DSx driver for STM 6-axis IMU MEMS sensors (IIO_ST_LSM6DSX) [M/n/?] m
  ST_LSM6DSx driver for STM 6-axis IMU MEMS sensors I2C Interface (IIO_ST_LSM6DSX_I2C) [M/n/?] m
  ST_LSM6DSx driver for STM 6-axis IMU MEMS sensors SPI Interface (IIO_ST_LSM6DSX_SPI) [M/n/?] m
STMicroelectronics LSM9DS0 IMU driver (IIO_ST_LSM9DS0) [M/n/?] m
  STMicroelectronics LSM9DS0 IMU I2C interface (IIO_ST_LSM9DS0_I2C) [M/n/?] m
  STMicroelectronics LSM9DS0 IMU SPI interface (IIO_ST_LSM9DS0_SPI) [M/n/?] m
*
* Magnetometer sensors
*
Asahi Kasei AK8974 3-Axis Magnetometer (AK8974) [M/n/?] m
Asahi Kasei AK8975 3-Axis Magnetometer (AK8975) [M/?] m
Asahi Kasei AK09911 3-axis Compass (AK09911) [M/n/?] m
Allegro MicroSystems ALS31300 3-D Linear Hall Effect Sensor (ALS31300) [M/n/?] m
Bosch BMC150 I2C Magnetometer Driver (BMC150_MAGN_I2C) [M/n/?] m
Bosch BMC150 SPI Magnetometer Driver (BMC150_MAGN_SPI) [M/n/?] m
Freescale MAG3110 3-Axis Magnetometer (MAG3110) [M/n/?] m
HID Magnetometer 3D (HID_SENSOR_MAGNETOMETER_3D) [M/n/?] m
MEMSIC MMC35240 3-axis magnetic sensor (MMC35240) [M/n/?] m
MEMSIC MMC5633 3-axis magnetic sensor (MMC5633) [N/m/?] (NEW) 
STMicroelectronics magnetometers 3-Axis Driver (IIO_ST_MAGN_3AXIS) [M/?] m
  STMicroelectronics magnetometers 3-Axis I2C Interface (IIO_ST_MAGN_I2C_3AXIS) [M/?] m
  STMicroelectronics magnetometers 3-Axis SPI Interface (IIO_ST_MAGN_SPI_3AXIS) [M/?] m
Infineon TLV493D Low-Power 3D Magnetic Sensor (INFINEON_TLV493D) [M/n/?] m
Honeywell HMC5843/5883/5883L 3-Axis Magnetometer (I2C) (SENSORS_HMC5843_I2C) [M/n/?] m
Honeywell HMC5983 3-Axis Magnetometer (SPI) (SENSORS_HMC5843_SPI) [M/n/?] m
PNI RM3100 3-Axis Magnetometer (I2C) (SENSORS_RM3100_I2C) [M/n/?] m
PNI RM3100 3-Axis Magnetometer (SPI) (SENSORS_RM3100_SPI) [M/n/?] m
SI7210 Hall effect sensor (SI7210) [M/n/?] m
TI TMAG5273 Low-Power Linear 3D Hall-Effect Sensor (TI_TMAG5273) [M/n/?] m
Yamaha YAS530 family of 3-Axis Magnetometers (I2C) (YAMAHA_YAS530) [M/n/?] m
*
* Pressure sensors
*
Honeywell ABP pressure sensor driver (ABP060MG) [M/n/?] m
Honeywell ABP2 pressure sensor series I2C driver (ABP2030PA_I2C) [N/m/?] (NEW) 
Honeywell ABP2 pressure sensor series SPI driver (ABP2030PA_SPI) [N/m/?] (NEW) 
ROHM BM1390GLV-Z pressure sensor driver (ROHM_BM1390) [M/n/?] m
Bosch Sensortec BMP180/BMP280/BMP380/BMP580 pressure sensor driver (BMP280) [M/n/?] m
ChromeOS EC Barometer Sensor (IIO_CROS_EC_BARO) [M/n/?] m
All Sensors DLHL60D and DLHL60G low voltage digital pressure sensors (DLHL60D) [M/n/?] m
Infineon DPS310 pressure and temperature sensor (DPS310) [M/n/?] m
HID PRESS (HID_SENSOR_PRESS) [M/n/?] m
Hope RF HP03 temperature and pressure sensor driver (HP03) [M/n/?] m
Honeywell HSC/SSC TruStability pressure sensor series (HSC030PA) [M/n/?] m
InvenSense ICP-101xx pressure and temperature sensor (ICP10100) [M/n/?] m
Freescale MPL115A2 pressure sensor driver (MPL115_I2C) [M/n/?] m
Freescale MPL115A1 pressure sensor driver (MPL115_SPI) [M/n/?] m
Freescale MPL3115A2 pressure sensor driver (MPL3115) [M/n/?] m
Honeywell MPR pressure sensor series I2C driver (MPRLS0025PA_I2C) [M/n/?] m
Honeywell MPR pressure sensor series SPI driver (MPRLS0025PA_SPI) [M/n/?] m
Measurement Specialties MS5611 pressure sensor driver (MS5611) [M/n/?] m
  support I2C bus connection (MS5611_I2C) [M/n/?] m
  support SPI bus connection (MS5611_SPI) [M/n/?] m
Measurement Specialties MS5637 pressure & temperature sensor (MS5637) [M/n/?] m
Sensirion SDP500 differential pressure sensor I2C driver (SDP500) [M/n/?] m
STMicroelectronics pressure sensor Driver (IIO_ST_PRESS) [M/n/?] m
  STMicroelectronics pressure sensor I2C Interface (IIO_ST_PRESS_I2C) [M/n/?] m
  STMicroelectronics pressure sensor SPI Interface (IIO_ST_PRESS_SPI) [M/n/?] m
EPCOS T5403 digital barometric pressure sensor driver (T5403) [M/n/?] m
HOPERF HP206C precision barometer and altimeter sensor (HP206C) [M/n/?] m
Murata ZPA2326 pressure sensor driver (ZPA2326) [M/n/?] m
Aosong adp810 differential pressure and temperature sensor (ADP810) [N/m/?] (NEW) 
*
* Proximity and distance sensors
*
ChromeOS EC MKBP Proximity sensor (CROS_EC_MKBP_PROXIMITY) [M/n/?] m
Nicera (Nippon Ceramic Co.) D3-323-AA PIR sensor (D3323AA) [M/n/?] m
TYHX HX9023S SAR sensor (HX9023S) [M/n/?] m
Murata IRS-D200 PIR sensor (IRSD200) [M/n/?] m
Intersil ISL29501 Time Of Flight sensor (ISL29501) [M/n/?] m
PulsedLight LIDAR sensor (LIDAR_LITE_V2) [M/n/?] m
MaxSonar I2CXL family ultrasonic sensors (MB1232) [M/n/?] m
Parallax GPIO bitbanged ranger sensors (PING) [M/n/?] m
RFD77402 ToF sensor (RFD77402) [M/n/?] m
GPIO bitbanged ultrasonic ranger sensor (SRF04, MB1000) (SRF04) [M/n/?] m
SX9310/SX9311 Semtech proximity sensor (SX9310) [M/n/?] m
SX9324 Semtech proximity sensor (SX9324) [M/n/?] m
SX9360 Semtech proximity sensor (SX9360) [M/n/?] m
SX9500 Semtech proximity sensor (SX9500) [M/n/?] m
Devantech SRF02/SRF08/SRF10 ultrasonic ranger sensor (SRF08) [M/n/?] m
VCNL3020 proximity sensor (VCNL3020) [M/n/?] m
STMicroelectronics VL53L0X ToF ranger sensor (I2C) (VL53L0X_I2C) [M/n/?] m
STMicroelectronics VL53L1X ToF ranger sensor (I2C) (VL53L1X_I2C) [N/m/?] (NEW) 
AW96103/AW96105 Awinic proximity sensor (AW96103) [M/n/?] m
*
* PHY Subsystem
*
PHY Core (GENERIC_PHY) [Y/?] y
CAN transceiver PHY (PHY_CAN_TRANSCEIVER) [M/n/y/?] m
Google Tensor SoC USB PHY driver (PHY_GOOGLE_USB) [N/m/?] (NEW) 
INTEL Lightning Mountain USB PHY Driver (USB_LGM_PHY) [M/n/y/?] m
Intel Lightning Mountain EMMC PHY driver (PHY_INTEL_LGM_EMMC) [M/n/y/?] m
Marvell USB HSIC 28nm PHY Driver (PHY_PXA_28NM_HSIC) [M/n/y/?] m
Marvell USB 2.0 28nm PHY Driver (PHY_PXA_28NM_USB2) [M/n/y/?] m
CPCAP PMIC USB PHY driver (PHY_CPCAP_USB) [M/n/?] m
Qualcomm USB HS PHY module (PHY_QCOM_USB_HS) [M/n/?] m
Qualcomm USB HSIC ULPI PHY module (PHY_QCOM_USB_HSIC) [M/n/?] m
S5P/Exynos SoC series USB 2.0 PHY driver (PHY_SAMSUNG_USB2) [M/n/?] m
TI TUSB1210 ULPI PHY module (PHY_TUSB1210) [M/n/?] m
*
* NVDIMM (Non-Volatile Memory Device) Support
*
NVDIMM (Non-Volatile Memory Device) Support (LIBNVDIMM) [M/y/?] m
  PMEM: Persistent memory block device support (BLK_DEV_PMEM) [M/n/?] m
  BTT: Block Translation Table (atomic sector updates) (BTT) [Y/n/?] y
  PFN: Map persistent (device) memory (NVDIMM_PFN) [Y/n/?] y
    NVDIMM DAX: Raw access to persistent memory (NVDIMM_DAX) [Y/n/?] y
  Support persistent memory interfaces on RAM carveouts (RAMDAX) [M/n/?] (NEW) 
  Enable NVDIMM security unit tests (NVDIMM_SECURITY_TEST) [N/y/?] n
*
* NVMEM Support
*
NVMEM Support (NVMEM) [Y/?] y
  /sys/bus/nvmem/devices/*/nvmem (sysfs interface) (NVMEM_SYSFS) [Y/?] y
  QNAP MCU EEPROM Support (NVMEM_QNAP_MCU_EEPROM) [N/m/?] (NEW) 
  Rave SP EEPROM Support (NVMEM_RAVE_SP_EEPROM) [M/n/?] m
  Reserved Memory Based Driver Support (NVMEM_RMEM) [M/n/y/?] m
*
* Device Drivers
*
Generic Multiplexer Support (MUX_CORE) [N/y/?] (NEW) 
*
* DOS/FAT/EXFAT/NT Filesystems
*
MSDOS fs support (MSDOS_FS) [M/n/y/?] m
VFAT (Windows-95) fs support (VFAT_FS) [M/n/y/?] m
Default codepage for FAT (FAT_DEFAULT_CODEPAGE) [437] 437
Default iocharset for FAT (FAT_DEFAULT_IOCHARSET) [ascii] ascii
Enable FAT UTF-8 option by default (FAT_DEFAULT_UTF8) [Y/n/?] y
exFAT filesystem support (EXFAT_FS) [M/n/y/?] m
  Default iocharset for exFAT (EXFAT_DEFAULT_IOCHARSET) [utf8] utf8
NTFS file system support (NTFS_FS) [M/n/y/?] m
  NTFS debugging support (NTFS_DEBUG) [N/y/?] (NEW) 
  NTFS POSIX Access Control Lists (NTFS_FS_POSIX_ACL) [N/y/?] (NEW) 
  NTFS Read-Write file system support (NTFS3_FS) [M/n/?] m
    64 bits per NTFS clusters (NTFS3_64BIT_CLUSTER) [N/y/?] n
    activate support of external compressions lzx/xpress (NTFS3_LZX_XPRESS) [Y/n/?] y
    NTFS POSIX Access Control Lists (NTFS3_FS_POSIX_ACL) [Y/n/?] y
*
* Network File Systems
*
Network File Systems (NETWORK_FILESYSTEMS) [Y/n/?] y
  NFS client support (NFS_FS) [M/n/y/?] m
    NFS client support for NFS version 2 (NFS_V2) [M/n/?] m
    NFS client support for NFS version 3 (NFS_V3) [M/n/?] m
      NFS client support for the NFSv3 ACL protocol extension (NFS_V3_ACL) [Y/n/?] y
    NFS client support for NFS version 4 (NFS_V4) [M/n/?] m
    Provide swap over NFS support (NFS_SWAP) [Y/n/?] y
  NFS client support for NFSv4.0 (NFS_V4_0) [Y/n/?] (NEW) 
  NFS client support for NFSv4.2 (NFS_V4_2) [Y/n/?] y
  NFSv4.1 Implementation ID Domain (NFS_V4_1_IMPLEMENTATION_ID_DOMAIN) [kernel.org] kernel.org
  NFSv4.1 client support for migration (NFS_V4_1_MIGRATION) [N/y/?] n
  Provide NFS client caching support (NFS_FSCACHE) [Y/n/?] y
  Use the legacy NFS DNS resolver (NFS_USE_LEGACY_DNS) [N/y/?] n
  NFS: Disable NFS UDP protocol support (NFS_DISABLE_UDP_SUPPORT) [N/y/?] n
  NFS: Enable support for the NFSv4.2 READ_PLUS operation (NFS_V4_2_READ_PLUS) [N/y/?] n
  NFS server support (NFSD) [M/n/y/?] m
    NFS server support for NFS version 2 (DEPRECATED) (NFSD_V2) [N/y/?] n
    NFS server support for the NFSv3 ACL protocol extension (NFSD_V3_ACL) [Y/n/?] y
    NFS server support for NFS version 4 (NFSD_V4) [Y/n/?] y
  NFSv4.1 server support for pNFS block layouts (NFSD_BLOCKLAYOUT) [Y/n/?] y
  NFSv4.1 server support for pNFS SCSI layouts (NFSD_SCSILAYOUT) [Y/n/?] y
  NFSv4.1 server support for pNFS Flex File layouts (NFSD_FLEXFILELAYOUT) [N/y/?] n
  NFSv4.2 inter server to server COPY (NFSD_V4_2_INTER_SSC) [Y/n/?] y
  Provide Security Label support for NFSv4 server (NFSD_V4_SECURITY_LABEL) [Y/n/?] y
  Support legacy NFSv4 client tracking methods (DEPRECATED) (NFSD_LEGACY_CLIENT_TRACKING) [N/y/?] n
  Support NFSv4 POSIX draft ACLs (NFSD_V4_POSIX_ACLS) [N/y/?] (NEW) 
  NFS client and server support for LOCALIO auxiliary protocol (NFS_LOCALIO) [Y/n/?] y
  Secure RPC: Kerberos V mechanism (RPCSEC_GSS_KRB5) [M/?] m
    Enable Kerberos enctypes based on AES and SHA-1 (RPCSEC_GSS_KRB5_ENCTYPES_AES_SHA1) [Y/n/?] y
    Enable Kerberos encryption types based on Camellia and CMAC (RPCSEC_GSS_KRB5_ENCTYPES_CAMELLIA) [Y/n/?] y
    Enable Kerberos enctypes based on AES and SHA-2 (RPCSEC_GSS_KRB5_ENCTYPES_AES_SHA2) [Y/n/?] y
  RPC: Enable dprintk debugging (SUNRPC_DEBUG) [Y/n/?] y
    RPC: Send dfprintk() output to the trace buffer (SUNRPC_DEBUG_TRACE) [N/y/?] n
  RPC-over-RDMA transport (SUNRPC_XPRT_RDMA) [M/n/?] m
  Ceph distributed file system (CEPH_FS) [M/n/y/?] m
    Enable Ceph client caching support (CEPH_FSCACHE) [Y/n/?] y
    Ceph POSIX Access Control Lists (CEPH_FS_POSIX_ACL) [Y/n/?] y
    CephFS Security Labels (CEPH_FS_SECURITY_LABEL) [Y/n/?] y
  SMB3 and CIFS support (advanced network filesystem) (CIFS) [M/n/y/?] m
    Extended statistics (CIFS_STATS2) [N/y/?] n
    Support legacy servers which use less secure dialects (CIFS_ALLOW_INSECURE_LEGACY) [Y/n/?] y
    Kerberos/SPNEGO advanced session setup (CIFS_UPCALL) [Y/n/?] y
    CIFS extended attributes (CIFS_XATTR) [Y/n/?] y
      CIFS POSIX Extensions (CIFS_POSIX) [Y/n/?] y
    Enable CIFS debugging routines (CIFS_DEBUG) [Y/n/?] y
      Enable additional CIFS debugging routines (CIFS_DEBUG2) [N/y/?] n
      Dump encryption keys for offline decryption (Unsafe) (CIFS_DEBUG_DUMP_KEYS) [N/y/?] n
    DFS feature support (CIFS_DFS_UPCALL) [Y/n/?] y
    SWN feature support (CIFS_SWN_UPCALL) [Y/n/?] y
    SMB Direct support (CIFS_SMB_DIRECT) [Y/n/?] y
    Provide CIFS client caching support (CIFS_FSCACHE) [Y/n/?] y
    SMB message compression (Experimental) (CIFS_COMPRESSION) [Y/n/?] y
  SMB3 server support (SMB_SERVER) [M/n/y/?] m
    Support for SMB Direct protocol (SMB_SERVER_SMBDIRECT) [Y/n/?] y
    Enable check network administration capability (SMB_SERVER_CHECK_CAP_NET_ADMIN) [Y/n/?] y
    Support for Kerberos 5 (SMB_SERVER_KERBEROS5) [Y/n/?] y
  Coda file system support (advanced network fs) (CODA_FS) [M/n/y/?] m
  Andrew File System support (AFS) (AFS_FS) [M/n/y/?] m
    AFS dynamic debugging (AFS_DEBUG) [N/y/?] n
  Provide AFS client caching support (AFS_FSCACHE) [Y/n/?] y
  AFS server cursor debugging (AFS_DEBUG_CURSOR) [N/y/?] n
  Plan 9 Resource Sharing Support (9P2000) (9P_FS) [M/n/?] m
    Enable 9P client caching support (9P_FSCACHE) [Y/n/?] y
    9P POSIX Access Control Lists (9P_FS_POSIX_ACL) [Y/n/?] y
    9P Security Labels (9P_FS_SECURITY) [Y/n/?] y
*
* Security options
*
Restrict unprivileged access to the kernel syslog (SECURITY_DMESG_RESTRICT) [Y/n/?] y
Allow /proc/pid/mem access override
> 1. Traditional /proc/pid/mem behavior (PROC_MEM_ALWAYS_FORCE)
  2. Require active ptrace() use for access override (PROC_MEM_FORCE_PTRACE)
  3. Never (PROC_MEM_NO_FORCE)
choice[1-3?]: 1
Enable different security models (SECURITY) [Y/n/?] y
Enable the securityfs filesystem (SECURITYFS) [Y/?] y
Socket and Networking Security Hooks (SECURITY_NETWORK) [Y/?] y
Infiniband Security Hooks (SECURITY_INFINIBAND) [Y/n/?] y
XFRM (IPSec) Networking Security Hooks (SECURITY_NETWORK_XFRM) [Y/n/?] y
Security hooks for pathname based access control (SECURITY_PATH) [Y/?] y
Enable Intel(R) Trusted Execution Technology (Intel(R) TXT) (INTEL_TXT) [N/y/?] n
Low address space for LSM to protect from user allocation (LSM_MMAP_MIN_ADDR) [65536] 65536
Force all usermode helper calls through a single binary (STATIC_USERMODEHELPER) [N/y/?] n
SELinux Support (SECURITY_SELINUX) [Y/n/?] y
  SELinux boot parameter (SECURITY_SELINUX_BOOTPARAM) [Y/n/?] y
  SELinux Development Support (SECURITY_SELINUX_DEVELOP) [Y/n/?] y
  SELinux AVC Statistics (SECURITY_SELINUX_AVC_STATS) [Y/n/?] y
  SELinux sidtab hashtable size (SECURITY_SELINUX_SIDTAB_HASH_BITS) [9] 9
  SELinux SID to context string translation cache size (SECURITY_SELINUX_SID2STR_CACHE_SIZE) [256] 256
  SELinux avc hashtable size (SECURITY_SELINUX_AVC_HASH_BITS) [9] (NEW) 
  SELinux kernel debugging support (SECURITY_SELINUX_DEBUG) [N/y/?] n
Simplified Mandatory Access Control Kernel Support (SECURITY_SMACK) [Y/n/?] y
  Reporting on access granted by Smack rules (SECURITY_SMACK_BRINGUP) [Y/n/?] y
  Packet marking using secmarks for netfilter (SECURITY_SMACK_NETFILTER) [Y/n/?] y
  Treat delivering signals as an append operation (SECURITY_SMACK_APPEND_SIGNALS) [Y/n/?] y
TOMOYO Linux Support (SECURITY_TOMOYO) [Y/n/?] y
  Default maximal count for learning mode (SECURITY_TOMOYO_MAX_ACCEPT_ENTRY) [2048] 2048
  Default maximal count for audit log (SECURITY_TOMOYO_MAX_AUDIT_LOG) [1024] 1024
  Activate without calling userspace policy loader. (SECURITY_TOMOYO_OMIT_USERSPACE_LOADER) [N/y/?] n
    Location of userspace policy loader (SECURITY_TOMOYO_POLICY_LOADER) [/usr/bin/tomoyo-init] /usr/bin/tomoyo-init
    Trigger for calling userspace policy loader (SECURITY_TOMOYO_ACTIVATION_TRIGGER) [/usr/lib/systemd/systemd] /usr/lib/systemd/systemd
  Use insecure built-in settings for fuzzing tests. (SECURITY_TOMOYO_INSECURE_BUILTIN_SETTING) [N/y/?] n
AppArmor support (SECURITY_APPARMOR) [Y/n/?] y
  Build AppArmor with debug code (SECURITY_APPARMOR_DEBUG) [N/y/?] n
  Allow loaded policy to be introspected (SECURITY_APPARMOR_INTROSPECT_POLICY) [Y/n/?] y
    Enable introspection of sha256 hashes for loaded profiles (SECURITY_APPARMOR_HASH) [Y/n/?] y
      Enable policy hash introspection by default (SECURITY_APPARMOR_HASH_DEFAULT) [Y/n/?] y
    Allow exporting the raw binary policy (SECURITY_APPARMOR_EXPORT_BINARY) [Y/n/?] y
  Perform full verification of loaded policy (SECURITY_APPARMOR_PARANOID_LOAD) [Y/n/?] y
Pin load of kernel files (modules, fw, etc) to one filesystem (SECURITY_LOADPIN) [Y/n/?] y
  Enforce LoadPin at boot (SECURITY_LOADPIN_ENFORCE) [Y/n/?] y
Yama support (SECURITY_YAMA) [Y/n/?] y
Gate setid transitions to limit CAP_SET{U/G}ID capabilities (SECURITY_SAFESETID) [Y/n/?] y
Basic module for enforcing kernel lockdown (SECURITY_LOCKDOWN_LSM) [Y/n/?] y
  Enable lockdown LSM early in init (SECURITY_LOCKDOWN_LSM_EARLY) [N/y/?] n
  Kernel default lockdown mode
  > 1. None (LOCK_DOWN_KERNEL_FORCE_NONE)
    2. Integrity (LOCK_DOWN_KERNEL_FORCE_INTEGRITY)
    3. Confidentiality (LOCK_DOWN_KERNEL_FORCE_CONFIDENTIALITY)
  choice[1-3?]: 1
Landlock support (SECURITY_LANDLOCK) [Y/n/?] y
Integrity subsystem (INTEGRITY) [Y/n/?] y
  Digital signature verification using multiple keyrings (INTEGRITY_SIGNATURE) [Y/n/?] y
    Enable asymmetric keys support (INTEGRITY_ASYMMETRIC_KEYS) [Y/n/?] y
      Require all keys on the integrity keyrings be signed (INTEGRITY_TRUSTED_KEYRING) [Y/n/?] y
      Provide keyring for platform/firmware trusted keys (INTEGRITY_PLATFORM_KEYRING) [Y/n/?] y
      Provide a keyring to which Machine Owner Keys may be added (INTEGRITY_MACHINE_KEYRING) [Y/n/?] y
        Enforce Machine Keyring CA Restrictions (INTEGRITY_CA_MACHINE_KEYRING) [N/y/?] n
  Enables integrity auditing support  (INTEGRITY_AUDIT) [Y/n/?] y
  Integrity Measurement Architecture(IMA) (IMA) [N/y/?] n
  EVM support (EVM) [N/y/?] n
First legacy 'major LSM' to be initialized
  1. SELinux (DEFAULT_SECURITY_SELINUX)
  2. Simplified Mandatory Access Control (DEFAULT_SECURITY_SMACK)
  3. TOMOYO (DEFAULT_SECURITY_TOMOYO)
  4. AppArmor (DEFAULT_SECURITY_APPARMOR)
> 5. Unix Discretionary Access Controls (DEFAULT_SECURITY_DAC)
choice[1-5?]: 5
Ordered list of enabled LSMs (LSM) [landlock,lockdown,yama,integrity,bpf] landlock,lockdown,yama,integrity,bpf
*
* Public-key cryptography
*
RSA (Rivest-Shamir-Adleman) (CRYPTO_RSA) [Y/?] y
DH (Diffie-Hellman) (CRYPTO_DH) [Y/?] y
  RFC 7919 FFDHE groups (CRYPTO_DH_RFC7919_GROUPS) [Y/?] y
ECDH (Elliptic Curve Diffie-Hellman) (CRYPTO_ECDH) [Y/?] y
ECDSA (Elliptic Curve Digital Signature Algorithm) (CRYPTO_ECDSA) [Y/?] y
EC-RDSA (Elliptic Curve Russian Digital Signature Algorithm) (CRYPTO_ECRDSA) [M/n/y/?] m
ML-DSA (Module-Lattice-Based Digital Signature Algorithm) (CRYPTO_MLDSA) [N/m/y/?] (NEW) 
*
* Hashes, digests, and MACs
*
BLAKE2b (CRYPTO_BLAKE2B) [Y/n/m/?] y
CMAC (Cipher-based MAC) (CRYPTO_CMAC) [M/y/?] m
HMAC (Keyed-Hash MAC) (CRYPTO_HMAC) [Y/?] y
MD4 (CRYPTO_MD4) [M/n/y/?] m
MD5 (CRYPTO_MD5) [Y/m/?] y
RIPEMD-160 (CRYPTO_RMD160) [M/n/y/?] m
SHA-1 (CRYPTO_SHA1) [Y/m/?] y
SHA-224 and SHA-256 (CRYPTO_SHA256) [Y/?] y
SHA-384 and SHA-512 (CRYPTO_SHA512) [Y/?] y
SHA-3 (CRYPTO_SHA3) [Y/m/?] y
SM3 (ShangMi 3) (CRYPTO_SM3) [N/m/y/?] (NEW) 
Streebog (CRYPTO_STREEBOG) [M/y/?] m
Whirlpool (CRYPTO_WP512) [M/n/y/?] m
XCBC-MAC (Extended Cipher Block Chaining MAC) (CRYPTO_XCBC) [M/n/y/?] m
xxHash (CRYPTO_XXHASH) [Y/n/m/?] y
*
* Certificates for signature checking
*
File name or PKCS#11 URI of module signing key (MODULE_SIG_KEY) [certs/signing_key.pem] certs/signing_key.pem
Type of module signing key to be generated
  1. RSA (MODULE_SIG_KEY_TYPE_RSA)
> 2. ECDSA (MODULE_SIG_KEY_TYPE_ECDSA)
  3. ML-DSA-44 (MODULE_SIG_KEY_TYPE_MLDSA_44) (NEW)
  4. ML-DSA-65 (MODULE_SIG_KEY_TYPE_MLDSA_65) (NEW)
  5. ML-DSA-87 (MODULE_SIG_KEY_TYPE_MLDSA_87) (NEW)
choice[1-5?]: 
Provide system-wide ring of trusted keys (SYSTEM_TRUSTED_KEYRING) [Y/?] y
  Additional X.509 keys for default system keyring (SYSTEM_TRUSTED_KEYS) [] 
  Reserve area for inserting a certificate without recompiling (SYSTEM_EXTRA_CERTIFICATE) [N/y/?] n
  Provide a keyring to which extra trustable keys may be added (SECONDARY_TRUSTED_KEYRING) [Y/n/?] y
    Only allow additional certs signed by keys on the builtin trusted keyring (SECONDARY_TRUSTED_KEYRING_SIGNED_BY_BUILTIN) [N/y/?] n
Provide system-wide ring of blacklisted keys (SYSTEM_BLACKLIST_KEYRING) [Y/n/?] y
  Hashes to be preloaded into the system blacklist keyring (SYSTEM_BLACKLIST_HASH_LIST) [] 
  Provide system-wide ring of revocation certificates (SYSTEM_REVOCATION_LIST) [Y/n/?] y
    X.509 certificates to be preloaded into the system blacklist keyring (SYSTEM_REVOCATION_KEYS) [] 
  Allow root to add signed blacklist keys (SYSTEM_BLACKLIST_AUTH_UPDATE) [Y/n/?] y
*
* Library routines
*
Automatically choose fastest RAID6 PQ functions (RAID6_PQ_BENCHMARK) [N/y/?] n
Generic bitfield packing and unpacking (PACKING) [Y/?] y
CORDIC algorithm (CORDIC) [M/y/?] m
Simple prime number generator for testing (PRIME_NUMBERS) [N/m/y/?] n
PRNG perform self test on init (RANDOM32_SELFTEST) [N/y/?] n
XZ decompression support (XZ_DEC) [Y/?] y
  MicroLZMA decoder (XZ_DEC_MICROLZMA) [Y/?] y
XZ decompressor tester (XZ_DEC_TEST) [N/m/y/?] n
Dynamic allocation of DMA bounce buffers (SWIOTLB_DYNAMIC) [N/y/?] n
DMA Contiguous Memory Allocator (DMA_CMA) [Y/n/?] y
  Enable separate DMA Contiguous Memory Area for NUMA Node (DMA_NUMA_CMA) [N/y/?] n
  *
  * Default contiguous memory area size:
  *
  Size in Mega Bytes (CMA_SIZE_MBYTES) [0] 0
  Selected region size
  > 1. Use mega bytes value only (CMA_SIZE_SEL_MBYTES)
    2. Use percentage value only (CMA_SIZE_SEL_PERCENTAGE)
    3. Use lower value (minimum) (CMA_SIZE_SEL_MIN)
    4. Use higher value (maximum) (CMA_SIZE_SEL_MAX)
  choice[1-4?]: 1
  Maximum PAGE_SIZE order of alignment for contiguous buffers (CMA_ALIGNMENT) [8] 8
Enable debugging of DMA-API usage (DMA_API_DEBUG) [N/y/?] n
Enable benchmarking of streaming DMA mapping (DMA_MAP_BENCHMARK) [N/y/?] n
IRQ polling library (IRQ_POLL) [Y/?] y
Select compiled-in fonts (FONTS) [Y/n/?] y
  VGA 8x8 font (FONT_8x8) [Y/n/?] y
  VGA 8x16 font (FONT_8x16) [Y/?] y
  Mac console 6x11 font (not supported by all drivers) (FONT_6x11) [N/y/?] n
  console 7x14 font (not supported by all drivers) (FONT_7x14) [N/y/?] n
  Pearl (old m68k) console 8x8 font (FONT_PEARL_8x8) [N/y/?] n
  Acorn console 8x8 font (FONT_ACORN_8x8) [N/y/?] n
  Mini 4x6 font (FONT_MINI_4x6) [N/y/?] n
  Medium-size 6x10 font (FONT_6x10) [N/y/?] n
  console 10x18 font (not supported by all drivers) (FONT_10x18) [N/y/?] n
Sparc console 8x16 font (FONT_SUN8x16) [N/y/?] n
Sparc console 12x22 font (not supported by all drivers) (FONT_SUN12x22) [N/y/?] n
Terminus 10x18 font (not supported by all drivers) (FONT_TER10x18) [N/y/?] (NEW) 
Terminus 16x32 font (not supported by all drivers) (FONT_TER16x32) [Y/n/?] y
OLED 6x8 font (FONT_6x8) [N/y/?] n
Maximum number of frames in trace saved in stack depot (STACKDEPOT_MAX_FRAMES) [64] 64
Boot-time test for lwq queuing (LWQ_TEST) [N/y/?] n
*
* printk and dmesg options
*
Show timing information on printks (PRINTK_TIME) [Y/n/?] y
Show caller information on printks (PRINTK_CALLER) [N/y/?] n
Show build ID information in stacktraces (STACKTRACE_BUILD_ID) [Y/n/?] y
Default console loglevel (1-15) (CONSOLE_LOGLEVEL_DEFAULT) [4] 4
quiet console loglevel (1-15) (CONSOLE_LOGLEVEL_QUIET) [1] 1
Default message log level (1-7) (MESSAGE_LOGLEVEL_DEFAULT) [4] 4
Delay each boot printk message by N milliseconds (BOOT_PRINTK_DELAY) [Y/n/?] y
Enable dynamic printk() support (DYNAMIC_DEBUG) [Y/n/?] y
Enable core function of dynamic debug support (DYNAMIC_DEBUG_CORE) [Y/?] y
Support symbolic error names in printf (SYMBOLIC_ERRNAME) [Y/n/?] y
Verbose BUG() reporting (adds 70K) (DEBUG_BUGVERBOSE) [Y/?] y
  Verbose WARN_ON_ONCE() reporting (adds 100K) (DEBUG_BUGVERBOSE_DETAILED) [N/y/?] (NEW) 
*
* Compile-time checks and compiler options
*
Debug information
  1. Disable debug information (DEBUG_INFO_NONE)
  2. Rely on the toolchain's implicit default DWARF version (DEBUG_INFO_DWARF_TOOLCHAIN_DEFAULT)
  3. Generate DWARF Version 4 debuginfo (DEBUG_INFO_DWARF4)
> 4. Generate DWARF Version 5 debuginfo (DEBUG_INFO_DWARF5)
choice[1-4?]: 4
Reduce debugging information (DEBUG_INFO_REDUCED) [N/y/?] n
Compressed Debug information
> 1. Don't compress debug information (DEBUG_INFO_COMPRESSED_NONE)
  2. Compress debugging information with zlib (DEBUG_INFO_COMPRESSED_ZLIB)
  3. Compress debugging information with zstd (DEBUG_INFO_COMPRESSED_ZSTD)
choice[1-3?]: 1
Produce split debuginfo in .dwo files (DEBUG_INFO_SPLIT) [N/y/?] n
Generate BTF type information (DEBUG_INFO_BTF) [Y/n/?] y
Generate BTF type information for kernel modules (DEBUG_INFO_BTF_MODULES) [Y/n/?] y
  Allow loading modules with non-matching BTF type info (MODULE_ALLOW_BTF_MISMATCH) [N/y/?] n
Provide GDB scripts for kernel debugging (GDB_SCRIPTS) [Y/n/?] y
Warn for stack frames larger than (FRAME_WARN) [2048] 2048
Strip assembler-generated symbols during link (STRIP_ASM_SYMS) [Y/n/?] y
Install uapi headers to usr/include (HEADERS_INSTALL) [N/y/?] n
Make section mismatch errors non-fatal (SECTION_MISMATCH_WARN_ONLY) [Y/n/?] y
Upgrade objtool warnings to errors (OBJTOOL_WERROR) [N/y/?] n
Force weak per-cpu definitions (DEBUG_FORCE_WEAK_PER_CPU) [N/y/?] n
Compiler context-analysis warnings (WARN_CONTEXT_ANALYSIS) [Y/n/?] (NEW) 
*
* Debug Oops, Lockups and Hangs
*
Panic on Oops (PANIC_ON_OOPS) [N/y/?] n
panic timeout (PANIC_TIMEOUT) [0] 0
Detect Soft Lockups (SOFTLOCKUP_DETECTOR) [Y/?] y
  Detect Interrupt Storm in Soft Lockups (SOFTLOCKUP_DETECTOR_INTR_STORM) [Y/n/?] y
  Panic (Reboot) On Soft Lockups (BOOTPARAM_SOFTLOCKUP_PANIC) [0] (NEW) 
Detect Hard Lockups (HARDLOCKUP_DETECTOR) [Y/n/?] y
  Prefer the buddy CPU hardlockup detector (HARDLOCKUP_DETECTOR_PREFER_BUDDY) [N/y/?] n
Panic (Reboot) On Hard Lockups (BOOTPARAM_HARDLOCKUP_PANIC) [N/y/?] n
Detect Hung Tasks (DETECT_HUNG_TASK) [Y/n/?] y
  Default timeout for hung task detection (in seconds) (DEFAULT_HUNG_TASK_TIMEOUT) [120] 120
  Number of hung tasks to trigger kernel panic (BOOTPARAM_HUNG_TASK_PANIC) [0] (NEW) 
  Dump Hung Tasks Blocker (DETECT_HUNG_TASK_BLOCKER) [Y/n/?] y
Detect Workqueue Stalls (WQ_WATCHDOG) [N/y/?] n
Report per-cpu work items which hog CPU for too long (WQ_CPU_INTENSIVE_REPORT) [N/y/?] n
Test module to generate lockups (TEST_LOCKUP) [N/m/?] n
*
* Kernel hacking
*
Kernel debugging (DEBUG_KERNEL) [Y/n/?] y
  Miscellaneous debug code (DEBUG_MISC) [N/y/?] n
Debug shared IRQ handlers (DEBUG_SHIRQ) [Y/n/?] y
Debug preemptible kernel (DEBUG_PREEMPT) [N/y/?] n
Debug atomic variables (DEBUG_ATOMIC) [N/y/?] (NEW) 
Debugging for CPUs failing to respond to backtrace requests (NMI_CHECK_CPU) [N/y/?] n
Debug IRQ flag manipulation (DEBUG_IRQFLAGS) [N/y/?] n
Stack backtrace support (STACKTRACE) [Y/?] y
kobject debugging (DEBUG_KOBJECT) [N/y/?] n
*
* RCU Debugging
*
performance tests for RCU (RCU_SCALE_TEST) [N/m/y/?] n
torture tests for RCU (RCU_TORTURE_TEST) [N/m/y/?] n
Scalability tests for read-side synchronization (RCU and others) (RCU_REF_SCALE_TEST) [N/m/y/?] n
RCU CPU stall timeout in seconds (RCU_CPU_STALL_TIMEOUT) [60] 60
Expedited RCU CPU stall timeout in milliseconds (RCU_EXP_CPU_STALL_TIMEOUT) [0] 0
Provide additional RCU stall debug information (RCU_CPU_STALL_CPUTIME) [N/y/?] n
Provide RCU CPU-stall notifiers (RCU_CPU_STALL_NOTIFIER) [N/y/?] n
Enable tracing for RCU (RCU_TRACE) [N/y/?] n
Provide debugging asserts for adding NO_HZ support to an arch (RCU_EQS_DEBUG) [N/y/?] n
Minimize RCU dynticks counter size (RCU_DYNTICKS_TORTURE) [N/y/?] (NEW) 
Force round-robin CPU selection for unbound work items (DEBUG_WQ_FORCE_RR_CPU) [N/y/?] n
Enable CPU hotplug state control (CPU_HOTPLUG_STATE_CONTROL) [N/y/?] n
Latency measuring infrastructure (LATENCYTOP) [N/y/?] n
Disable inlining of cgroup css reference count functions (DEBUG_CGROUP_REF) [N/y/?] n
*
* Tracers
*
Tracers (FTRACE) [Y/n/?] y
  Automount tracefs on debugfs [DEPRECATED] (TRACEFS_AUTOMOUNT_DEPRECATED) [N/y/?] n
  Boot-time Tracing support (BOOTTIME_TRACING) [Y/n/?] y
  Kernel Function Tracer (FUNCTION_TRACER) [Y/?] y
    Kernel Function Graph Tracer (FUNCTION_GRAPH_TRACER) [Y/?] y
      Kernel Function Graph Return Value (FUNCTION_GRAPH_RETVAL) [Y/n/?] y
      Kernel Function Graph Return Address (FUNCTION_GRAPH_RETADDR) [Y/n/?] y
  Function trace tracing code (FUNCTION_SELF_TRACING) [N/y/?] (NEW) 
  Kernel Function Probe (fprobe) (FPROBE) [Y/n/?] y
  Kernel function profiler (FUNCTION_PROFILER) [Y/n/?] y
  Trace max stack (STACK_TRACER) [Y/n/?] y
  Interrupts-off Latency Tracer (IRQSOFF_TRACER) [N/y/?] n
  Preemption-off Latency Tracer (PREEMPT_TRACER) [N/y/?] n
  Scheduling Latency Tracer (SCHED_TRACER) [Y/n/?] y
  Tracer to detect hardware latencies (like SMIs) (HWLAT_TRACER) [Y/n/?] y
  OS Noise tracer (OSNOISE_TRACER) [Y/?] y
  Timerlat tracer (TIMERLAT_TRACER) [Y/n/?] y
  Memory mapped IO tracing (MMIOTRACE) [Y/n/?] y
  Trace syscalls (FTRACE_SYSCALLS) [Y/n/?] y
    System call user read max size (TRACE_SYSCALL_BUF_SIZE_DEFAULT) [63] (NEW) 
  Create a snapshot trace buffer (TRACER_SNAPSHOT) [Y/?] y
    Allow snapshot to swap per CPU (TRACER_SNAPSHOT_PER_CPU_SWAP) [N/y/?] n
  Branch Profiling
  > 1. No branch profiling (BRANCH_PROFILE_NONE)
    2. Trace likely/unlikely profiler (PROFILE_ANNOTATED_BRANCHES)
  choice[1-2?]: 1
  Support for tracing block IO actions (BLK_DEV_IO_TRACE) [Y/n/?] y
  Enable fprobe-based dynamic events (FPROBE_EVENTS) [Y/n/?] y
  Support BTF function arguments for probe events (PROBE_EVENTS_BTF_ARGS) [Y/n/?] y
  Enable kprobes-based dynamic events (KPROBE_EVENTS) [Y/n/?] y
    Do NOT protect notrace function from kprobe events (KPROBE_EVENTS_ON_NOTRACE) [N/y/?] n
  Enable uprobes-based dynamic events (UPROBE_EVENTS) [Y/n/?] y
  Enable event-based dynamic events (EPROBE_EVENTS) [Y/n/?] y
  Enable BPF programs to override a kprobed function (BPF_KPROBE_OVERRIDE) [Y/n/?] y
  Synthetic trace events (SYNTH_EVENTS) [Y/?] y
  User trace events (USER_EVENTS) [Y/n/?] y
  Histogram triggers (HIST_TRIGGERS) [Y/n/?] y
  Trace event injection (TRACE_EVENT_INJECT) [N/y/?] n
  Add tracepoint that benchmarks tracepoints (TRACEPOINT_BENCHMARK) [N/y/?] n
  Ring buffer benchmark stress tester (RING_BUFFER_BENCHMARK) [N/m/y/?] n
  Show eval mappings for trace events (TRACE_EVAL_MAP_FILE) [N/y/?] n
  Record functions that recurse in function tracing (FTRACE_RECORD_RECURSION) [N/y/?] n
  Validate RCU is on during ftrace execution (FTRACE_VALIDATE_RCU_IS_WATCHING) [N/y/?] n
  Perform a startup test on ftrace (FTRACE_STARTUP_TEST) [N/y/?] n
  Verify compile time sorting of ftrace functions (FTRACE_SORT_STARTUP_TEST) [N/y/?] n
  Ring buffer startup self test (RING_BUFFER_STARTUP_TEST) [N/y/?] n
  Verify ring buffer time stamp deltas (RING_BUFFER_VALIDATE_TIME_DELTAS) [N/y/?] n
  Test module for mmiotrace (MMIOTRACE_TEST) [N/m/?] n
  Test module to create a preempt / IRQ disable delay thread to test latency tracers (PREEMPTIRQ_DELAY_TEST) [N/m/?] n
  Test module for in-kernel synthetic event generation (SYNTH_EVENT_GEN_TEST) [N/m/?] n
  Test module for in-kernel kprobe event generation (KPROBE_EVENT_GEN_TEST) [N/m/?] n
  Hist trigger debug support (HIST_TRIGGERS_DEBUG) [N/y/?] n
  Test module for remote tracing (TRACE_REMOTE_TEST) [N/m/y/?] (NEW) 
Remote debugging over FireWire early on boot (PROVIDE_OHCI1394_DMA_INIT) [N/y/?] n
Filter access to /dev/mem (STRICT_DEVMEM) [Y/n/?] y
  Filter I/O access to /dev/mem (IO_STRICT_DEVMEM) [Y/n/?] y
*
* Runtime Testing
*
Runtime Testing (RUNTIME_TESTING_MENU) [Y/n/?] y
  Dhrystone benchmark test (TEST_DHRY) [N/m/y/?] n
  Linux Kernel Dump Test Tool Module (LKDTM) [N/m/y/?] n
  64bit/32bit division and modulo test (TEST_DIV64) [N/m/y/?] n
  mul_u64_u64_div_u64() test (TEST_MULDIV64) [N/m/y/?] n
  Self test for the backtrace code (BACKTRACE_SELF_TEST) [N/m/y/?] n
  Self test for reference tracker (TEST_REF_TRACKER) [N/m/y/?] n
  Red-Black tree test (RBTREE_TEST) [N/m/y/?] n
  Reed-Solomon library test (REED_SOLOMON_TEST) [N/m/y/?] n
  Interval tree test (INTERVAL_TREE_TEST) [N/m/y/?] n
  Per cpu operations test (PERCPU_TEST) [N/m/?] n
  Perform an atomic64_t self-test (ATOMIC64_SELFTEST) [N/m/y/?] n
  Self test for hardware accelerated raid6 recovery (ASYNC_RAID6_TEST) [M/n/?] m
  Test functions located in the hexdump module at runtime (TEST_HEXDUMP) [N/m/y/?] n
  Test kstrto*() family of functions at runtime (TEST_KSTRTOX) [N/m/y/?] n
  Test bitmap_*() family of functions at runtime (TEST_BITMAP) [N/m/y/?] n
  Test the XArray code at runtime (TEST_XARRAY) [N/m/y/?] n
  Test the Maple Tree code at runtime or module load (TEST_MAPLE_TREE) [N/m/y/?] n
  Perform selftest on resizable hash table (TEST_RHASHTABLE) [N/m/y/?] n
  Perform selftest on IDA functions (TEST_IDA) [N/m/y/?] n
  Perform selftest on priority array manager (TEST_PARMAN) [N/m/?] n
  Test module loading with 'hello world' module (TEST_LKM) [N/m/?] n
  Test module for compilation of bitops operations (TEST_BITOPS) [N/m/y/?] n
  Test module for stress/performance analysis of vmalloc allocator (TEST_VMALLOC) [N/m/y/?] n
  Test module for stress/performance analysis of workqueue (TEST_WORKQUEUE) [N/m/y/?] (NEW) 
  Test BPF filter functionality (TEST_BPF) [N/m/?] n
  Test find_bit functions (FIND_BIT_BENCHMARK) [N/m/y/?] n
  Test firmware loading via userspace interface (TEST_FIRMWARE) [N/m/y/?] n
  sysctl test driver (TEST_SYSCTL) [N/m/y/?] n
  udelay test driver (TEST_UDELAY) [N/m/y/?] n
  Test static keys (TEST_STATIC_KEYS) [N/m/?] n
  Test DYNAMIC_DEBUG (TEST_DYNAMIC_DEBUG) [N/m/y/?] n
  kmod stress tester (TEST_KMOD) [N/m/?] n
  module kallsyms find_symbol() test (TEST_KALLSYMS) [N/m/?] n
  Test memcat_p() helper function (TEST_MEMCAT_P) [N/m/y/?] n
  Perform selftest on object aggreration manager (TEST_OBJAGG) [N/m/?] n
  Test heap/page initialization (TEST_MEMINIT) [N/m/y/?] n
  Test HMM (Heterogeneous Memory Management) (TEST_HMM) [N/m/y/?] n
  Test freeing pages (TEST_FREE_PAGES) [N/m/y/?] n
  Test floating point operations in kernel space (TEST_FPU) [N/m/y/?] n
  Test clocksource watchdog in kernel space (TEST_CLOCKSOURCE_WATCHDOG) [N/m/y/?] n
  Test module for correctness and stress of objpool (TEST_OBJPOOL) [N/m/?] n
  Test for Kexec HandOver (TEST_KEXEC_HANDOVER) [N/y/?] n
  UPD     arch/x86/include/generated/asm/cpufeaturemasks.h
  GEN     arch/x86/include/generated/asm/orc_hash.h
  SYSHDR  arch/x86/include/generated/uapi/asm/unistd_32.h
  SYSHDR  arch/x86/include/generated/uapi/asm/unistd_64.h
  SYSHDR  arch/x86/include/generated/uapi/asm/unistd_x32.h
  SYSTBL  arch/x86/include/generated/asm/syscalls_32.h
  SYSHDR  arch/x86/include/generated/asm/unistd_32_ia32.h
  SYSHDR  arch/x86/include/generated/asm/unistd_64_x32.h
  SYSTBL  arch/x86/include/generated/asm/syscalls_64.h
  HYPERCALLS arch/x86/include/generated/asm/xen-hypercalls.h
  HOSTCC  arch/x86/tools/relocs_32.o
  HOSTCC  arch/x86/tools/relocs_64.o
  HOSTCC  arch/x86/tools/relocs_common.o
  HOSTLD  arch/x86/tools/relocs
  HOSTCC  arch/x86/tools/vdso2c
  HOSTCC  scripts/ipe/polgen/polgen
  HOSTCC  scripts/selinux/mdp/mdp
  HOSTCC  scripts/kallsyms
  HOSTCC  scripts/sorttable.o
  HOSTCC  scripts/elf-parse.o
  HOSTLD  scripts/sorttable
  HOSTCC  scripts/asn1_compiler
  HOSTCC  scripts/sign-file
  HOSTCC  scripts/tracepoint-update.o
  HOSTLD  scripts/tracepoint-update
  UPD     include/config/kernel.release
  WRAP    arch/x86/include/generated/uapi/asm/bpf_perf_event.h
  WRAP    arch/x86/include/generated/uapi/asm/errno.h
  WRAP    arch/x86/include/generated/uapi/asm/fcntl.h
  WRAP    arch/x86/include/generated/uapi/asm/ioctl.h
  WRAP    arch/x86/include/generated/uapi/asm/ioctls.h
  WRAP    arch/x86/include/generated/uapi/asm/ipcbuf.h
  WRAP    arch/x86/include/generated/uapi/asm/param.h
  WRAP    arch/x86/include/generated/uapi/asm/poll.h
  WRAP    arch/x86/include/generated/uapi/asm/resource.h
  WRAP    arch/x86/include/generated/uapi/asm/socket.h
  WRAP    arch/x86/include/generated/uapi/asm/sockios.h
  WRAP    arch/x86/include/generated/uapi/asm/termbits.h
  WRAP    arch/x86/include/generated/uapi/asm/termios.h
  WRAP    arch/x86/include/generated/uapi/asm/types.h
  WRAP    arch/x86/include/generated/asm/early_ioremap.h
  WRAP    arch/x86/include/generated/asm/fprobe.h
  WRAP    arch/x86/include/generated/asm/mcs_spinlock.h
  WRAP    arch/x86/include/generated/asm/mmzone.h
  WRAP    arch/x86/include/generated/asm/ring_buffer.h
  WRAP    arch/x86/include/generated/asm/irq_regs.h
  WRAP    arch/x86/include/generated/asm/kmap_size.h
  WRAP    arch/x86/include/generated/asm/local64.h
  WRAP    arch/x86/include/generated/asm/mmiowb.h
  WRAP    arch/x86/include/generated/asm/module.lds.h
  WRAP    arch/x86/include/generated/asm/rwonce.h
  UPD     include/generated/uapi/linux/version.h
  UPD     include/generated/utsrelease.h
  UPD     include/generated/compile.h
  CC      scripts/mod/empty.o
  HOSTCC  scripts/mod/mk_elfconfig
  MKELF   scripts/mod/elfconfig.h
  HOSTCC  scripts/mod/modpost.o
  CC      scripts/mod/devicetable-offsets.s
  UPD     scripts/mod/devicetable-offsets.h
  HOSTCC  scripts/mod/file2alias.o
  HOSTCC  scripts/mod/sumversion.o
  HOSTCC  scripts/mod/symsearch.o
  HOSTLD  scripts/mod/modpost
  UPD     include/generated/timeconst.h
  CC      kernel/bounds.s
  UPD     include/generated/bounds.h
  CC      arch/x86/kernel/asm-offsets.s
  UPD     include/generated/asm-offsets.h
  CC      kernel/sched/rq-offsets.s
  UPD     include/generated/rq-offsets.h
  CALL    scripts/checksyscalls.sh 
  CHKSHA1 include/linux/atomic/atomic-arch-fallback.h
  CHKSHA1 include/linux/atomic/atomic-instrumented.h
  CHKSHA1 include/linux/atomic/atomic-long.h
  DESCEND objtool
  CC      /home/joey/prep/src/cachyos-7.1.3-1/tools/objtool/libsubcmd/exec-cmd.o
  CC      /home/joey/prep/src/cachyos-7.1.3-1/tools/objtool/libsubcmd/help.o
  CC      /home/joey/prep/src/cachyos-7.1.3-1/tools/objtool/libsubcmd/pager.o
  CC      /home/joey/prep/src/cachyos-7.1.3-1/tools/objtool/libsubcmd/parse-options.o
  CC      /home/joey/prep/src/cachyos-7.1.3-1/tools/objtool/libsubcmd/run-command.o
  CC      /home/joey/prep/src/cachyos-7.1.3-1/tools/objtool/libsubcmd/sigchain.o
  CC      /home/joey/prep/src/cachyos-7.1.3-1/tools/objtool/libsubcmd/subcmd-config.o
  LD      /home/joey/prep/src/cachyos-7.1.3-1/tools/objtool/libsubcmd/libsubcmd-in.o
  AR      /home/joey/prep/src/cachyos-7.1.3-1/tools/objtool/libsubcmd/libsubcmd.a
  INSTALL /home/joey/prep/src/cachyos-7.1.3-1/tools/objtool/libsubcmd/include/subcmd/exec-cmd.h
  INSTALL /home/joey/prep/src/cachyos-7.1.3-1/tools/objtool/libsubcmd/include/subcmd/help.h
  INSTALL /home/joey/prep/src/cachyos-7.1.3-1/tools/objtool/libsubcmd/include/subcmd/pager.h
  INSTALL /home/joey/prep/src/cachyos-7.1.3-1/tools/objtool/libsubcmd/include/subcmd/parse-options.h
  INSTALL /home/joey/prep/src/cachyos-7.1.3-1/tools/objtool/libsubcmd/include/subcmd/run-command.h
  INSTALL libsubcmd_headers
  MKDIR   /home/joey/prep/src/cachyos-7.1.3-1/tools/objtool/arch/x86/lib/
  GEN     /home/joey/prep/src/cachyos-7.1.3-1/tools/objtool/arch/x86/lib/inat-tables.c
  CC      /home/joey/prep/src/cachyos-7.1.3-1/tools/objtool/arch/x86/decode.o
  GEN     /home/joey/prep/src/cachyos-7.1.3-1/tools/objtool/arch/x86/lib/cpu-feature-names.c
  CC      /home/joey/prep/src/cachyos-7.1.3-1/tools/objtool/arch/x86/special.o
  CC      /home/joey/prep/src/cachyos-7.1.3-1/tools/objtool/arch/x86/orc.o
  LD      /home/joey/prep/src/cachyos-7.1.3-1/tools/objtool/arch/x86/objtool-in.o
  CC      /home/joey/prep/src/cachyos-7.1.3-1/tools/objtool/weak.o
  CC      /home/joey/prep/src/cachyos-7.1.3-1/tools/objtool/check.o
  CC      /home/joey/prep/src/cachyos-7.1.3-1/tools/objtool/special.o
  CC      /home/joey/prep/src/cachyos-7.1.3-1/tools/objtool/builtin-check.o
  CC      /home/joey/prep/src/cachyos-7.1.3-1/tools/objtool/elf.o
  CC      /home/joey/prep/src/cachyos-7.1.3-1/tools/objtool/objtool.o
  CC      /home/joey/prep/src/cachyos-7.1.3-1/tools/objtool/disas.o
  CC      /home/joey/prep/src/cachyos-7.1.3-1/tools/objtool/trace.o
  CC      /home/joey/prep/src/cachyos-7.1.3-1/tools/objtool/orc_gen.o
  CC      /home/joey/prep/src/cachyos-7.1.3-1/tools/objtool/orc_dump.o
  CC      /home/joey/prep/src/cachyos-7.1.3-1/tools/objtool/builtin-klp.o
  CC      /home/joey/prep/src/cachyos-7.1.3-1/tools/objtool/klp-diff.o
  CC      /home/joey/prep/src/cachyos-7.1.3-1/tools/objtool/klp-post-link.o
  CC      /home/joey/prep/src/cachyos-7.1.3-1/tools/objtool/libstring.o
  CC      /home/joey/prep/src/cachyos-7.1.3-1/tools/objtool/libctype.o
  CC      /home/joey/prep/src/cachyos-7.1.3-1/tools/objtool/str_error_r.o
  CC      /home/joey/prep/src/cachyos-7.1.3-1/tools/objtool/librbtree.o
  CC      /home/joey/prep/src/cachyos-7.1.3-1/tools/objtool/signal.o
  LD      /home/joey/prep/src/cachyos-7.1.3-1/tools/objtool/objtool-in.o
  LINK    /home/joey/prep/src/cachyos-7.1.3-1/tools/objtool/objtool
  DESCEND bpf/resolve_btfids
  MKDIR     /home/joey/prep/src/cachyos-7.1.3-1/tools/bpf/resolve_btfids/libbpf/
  GEN     /home/joey/prep/src/cachyos-7.1.3-1/tools/bpf/resolve_btfids/libbpf/bpf_helper_defs.h
  CC      /home/joey/prep/src/cachyos-7.1.3-1/tools/bpf/resolve_btfids/libbpf/staticobjs/libbpf.o
  CC      /home/joey/prep/src/cachyos-7.1.3-1/tools/bpf/resolve_btfids/libbpf/staticobjs/bpf.o
  CC      /home/joey/prep/src/cachyos-7.1.3-1/tools/bpf/resolve_btfids/libbpf/staticobjs/nlattr.o
  CC      /home/joey/prep/src/cachyos-7.1.3-1/tools/bpf/resolve_btfids/libbpf/staticobjs/btf.o
  CC      /home/joey/prep/src/cachyos-7.1.3-1/tools/bpf/resolve_btfids/libbpf/staticobjs/libbpf_utils.o
  CC      /home/joey/prep/src/cachyos-7.1.3-1/tools/bpf/resolve_btfids/libbpf/staticobjs/netlink.o
  CC      /home/joey/prep/src/cachyos-7.1.3-1/tools/bpf/resolve_btfids/libbpf/staticobjs/bpf_prog_linfo.o
  CC      /home/joey/prep/src/cachyos-7.1.3-1/tools/bpf/resolve_btfids/libbpf/staticobjs/libbpf_probes.o
  CC      /home/joey/prep/src/cachyos-7.1.3-1/tools/bpf/resolve_btfids/libbpf/staticobjs/hashmap.o
  CC      /home/joey/prep/src/cachyos-7.1.3-1/tools/bpf/resolve_btfids/libbpf/staticobjs/btf_dump.o
  CC      /home/joey/prep/src/cachyos-7.1.3-1/tools/bpf/resolve_btfids/libbpf/staticobjs/ringbuf.o
  CC      /home/joey/prep/src/cachyos-7.1.3-1/tools/bpf/resolve_btfids/libbpf/staticobjs/strset.o
  CC      /home/joey/prep/src/cachyos-7.1.3-1/tools/bpf/resolve_btfids/libbpf/staticobjs/linker.o
  CC      /home/joey/prep/src/cachyos-7.1.3-1/tools/bpf/resolve_btfids/libbpf/staticobjs/gen_loader.o
  CC      /home/joey/prep/src/cachyos-7.1.3-1/tools/bpf/resolve_btfids/libbpf/staticobjs/relo_core.o
  CC      /home/joey/prep/src/cachyos-7.1.3-1/tools/bpf/resolve_btfids/libbpf/staticobjs/usdt.o
  CC      /home/joey/prep/src/cachyos-7.1.3-1/tools/bpf/resolve_btfids/libbpf/staticobjs/zip.o
  CC      /home/joey/prep/src/cachyos-7.1.3-1/tools/bpf/resolve_btfids/libbpf/staticobjs/elf.o
  CC      /home/joey/prep/src/cachyos-7.1.3-1/tools/bpf/resolve_btfids/libbpf/staticobjs/features.o
  CC      /home/joey/prep/src/cachyos-7.1.3-1/tools/bpf/resolve_btfids/libbpf/staticobjs/btf_iter.o
  CC      /home/joey/prep/src/cachyos-7.1.3-1/tools/bpf/resolve_btfids/libbpf/staticobjs/btf_relocate.o
  LD      /home/joey/prep/src/cachyos-7.1.3-1/tools/bpf/resolve_btfids/libbpf/staticobjs/libbpf-in.o
  LINK    /home/joey/prep/src/cachyos-7.1.3-1/tools/bpf/resolve_btfids/libbpf/libbpf.a
  INSTALL /home/joey/prep/src/cachyos-7.1.3-1/tools/bpf/resolve_btfids/libbpf//include/bpf/bpf.h
  INSTALL /home/joey/prep/src/cachyos-7.1.3-1/tools/bpf/resolve_btfids/libbpf//include/bpf/libbpf.h
  INSTALL /home/joey/prep/src/cachyos-7.1.3-1/tools/bpf/resolve_btfids/libbpf//include/bpf/btf.h
  INSTALL /home/joey/prep/src/cachyos-7.1.3-1/tools/bpf/resolve_btfids/libbpf//include/bpf/libbpf_common.h
  INSTALL /home/joey/prep/src/cachyos-7.1.3-1/tools/bpf/resolve_btfids/libbpf//include/bpf/libbpf_legacy.h
  INSTALL /home/joey/prep/src/cachyos-7.1.3-1/tools/bpf/resolve_btfids/libbpf//include/bpf/bpf_helpers.h
  INSTALL /home/joey/prep/src/cachyos-7.1.3-1/tools/bpf/resolve_btfids/libbpf//include/bpf/bpf_tracing.h
  INSTALL /home/joey/prep/src/cachyos-7.1.3-1/tools/bpf/resolve_btfids/libbpf//include/bpf/bpf_endian.h
  INSTALL /home/joey/prep/src/cachyos-7.1.3-1/tools/bpf/resolve_btfids/libbpf//include/bpf/bpf_core_read.h
  INSTALL /home/joey/prep/src/cachyos-7.1.3-1/tools/bpf/resolve_btfids/libbpf//include/bpf/skel_internal.h
  INSTALL /home/joey/prep/src/cachyos-7.1.3-1/tools/bpf/resolve_btfids/libbpf//include/bpf/libbpf_version.h
  INSTALL /home/joey/prep/src/cachyos-7.1.3-1/tools/bpf/resolve_btfids/libbpf//include/bpf/usdt.bpf.h
  INSTALL /home/joey/prep/src/cachyos-7.1.3-1/tools/bpf/resolve_btfids/libbpf//include/bpf/bpf_helper_defs.h
  INSTALL libbpf_headers
  MKDIR     /home/joey/prep/src/cachyos-7.1.3-1/tools/bpf/resolve_btfids//libsubcmd
  CC      /home/joey/prep/src/cachyos-7.1.3-1/tools/bpf/resolve_btfids/libsubcmd/exec-cmd.o
  CC      /home/joey/prep/src/cachyos-7.1.3-1/tools/bpf/resolve_btfids/libsubcmd/help.o
  CC      /home/joey/prep/src/cachyos-7.1.3-1/tools/bpf/resolve_btfids/libsubcmd/pager.o
  CC      /home/joey/prep/src/cachyos-7.1.3-1/tools/bpf/resolve_btfids/libsubcmd/parse-options.o
  CC      /home/joey/prep/src/cachyos-7.1.3-1/tools/bpf/resolve_btfids/libsubcmd/run-command.o
  CC      /home/joey/prep/src/cachyos-7.1.3-1/tools/bpf/resolve_btfids/libsubcmd/sigchain.o
  CC      /home/joey/prep/src/cachyos-7.1.3-1/tools/bpf/resolve_btfids/libsubcmd/subcmd-config.o
  LD      /home/joey/prep/src/cachyos-7.1.3-1/tools/bpf/resolve_btfids/libsubcmd/libsubcmd-in.o
  AR      /home/joey/prep/src/cachyos-7.1.3-1/tools/bpf/resolve_btfids/libsubcmd/libsubcmd.a
  INSTALL /home/joey/prep/src/cachyos-7.1.3-1/tools/bpf/resolve_btfids/libsubcmd//include/subcmd/exec-cmd.h
  INSTALL /home/joey/prep/src/cachyos-7.1.3-1/tools/bpf/resolve_btfids/libsubcmd//include/subcmd/help.h
  INSTALL /home/joey/prep/src/cachyos-7.1.3-1/tools/bpf/resolve_btfids/libsubcmd//include/subcmd/pager.h
  INSTALL /home/joey/prep/src/cachyos-7.1.3-1/tools/bpf/resolve_btfids/libsubcmd//include/subcmd/parse-options.h
  INSTALL /home/joey/prep/src/cachyos-7.1.3-1/tools/bpf/resolve_btfids/libsubcmd//include/subcmd/run-command.h
  INSTALL libsubcmd_headers
  HOSTCC  /home/joey/prep/src/cachyos-7.1.3-1/tools/bpf/resolve_btfids/main.o
  HOSTCC  /home/joey/prep/src/cachyos-7.1.3-1/tools/bpf/resolve_btfids/rbtree.o
  HOSTCC  /home/joey/prep/src/cachyos-7.1.3-1/tools/bpf/resolve_btfids/zalloc.o
  HOSTCC  /home/joey/prep/src/cachyos-7.1.3-1/tools/bpf/resolve_btfids/string.o
  HOSTCC  /home/joey/prep/src/cachyos-7.1.3-1/tools/bpf/resolve_btfids/ctype.o
  HOSTCC  /home/joey/prep/src/cachyos-7.1.3-1/tools/bpf/resolve_btfids/str_error_r.o
  HOSTLD  /home/joey/prep/src/cachyos-7.1.3-1/tools/bpf/resolve_btfids/resolve_btfids-in.o
  LINK     resolve_btfids
--- ../config	2026-09-20 11:01:20.525060304 -0700
+++ .config	2026-10-04 19:23:48.925590251 -0700
@@ -1,19 +1,21 @@
 #
 # Automatically generated file; DO NOT EDIT.
-# Linux/x86 6.18.3 Kernel Configuration
+# Linux/x86 7.1.3 Kernel Configuration
 #
-CONFIG_CC_VERSION_TEXT="gcc (GCC) 15.2.1 20251112"
-CONFIG_CC_IS_GCC=y
-CONFIG_GCC_VERSION=150201
-CONFIG_CLANG_VERSION=0
-CONFIG_AS_IS_GNU=y
-CONFIG_AS_VERSION=24501
-CONFIG_LD_IS_BFD=y
-CONFIG_LD_VERSION=24501
-CONFIG_LLD_VERSION=0
-CONFIG_RUSTC_VERSION=109101
+CONFIG_CC_VERSION_TEXT="clang version 23.1.1"
+CONFIG_GCC_VERSION=0
+CONFIG_CC_IS_CLANG=y
+CONFIG_CLANG_VERSION=230101
+CONFIG_AS_IS_LLVM=y
+CONFIG_AS_VERSION=230101
+CONFIG_LD_VERSION=0
+CONFIG_LD_IS_LLD=y
+CONFIG_LLD_VERSION=230101
+CONFIG_RUSTC_VERSION=109900
 CONFIG_RUST_IS_AVAILABLE=y
-CONFIG_RUSTC_LLVM_VERSION=210105
+CONFIG_RUSTC_LLVM_VERSION=230101
+CONFIG_RUSTC_LLVM_MAJOR_VERSION=23
+CONFIG_RUSTC_CLANG_LLVM_COMPATIBLE=y
 CONFIG_CC_CAN_LINK=y
 CONFIG_CC_HAS_ASM_GOTO_OUTPUT=y
 CONFIG_CC_HAS_ASM_GOTO_TIED_OUTPUT=y
@@ -22,14 +24,14 @@
 CONFIG_CC_HAS_ASSUME=y
 CONFIG_CC_HAS_NO_PROFILE_FN_ATTR=y
 CONFIG_CC_HAS_COUNTED_BY=y
+CONFIG_CC_HAS_COUNTED_BY_PTR=y
 CONFIG_CC_HAS_MULTIDIMENSIONAL_NONSTRING=y
 CONFIG_LD_CAN_USE_KEEP_IN_OVERLAY=y
-CONFIG_RUSTC_HAS_COERCE_POINTEE=y
 CONFIG_RUSTC_HAS_SPAN_FILE=y
 CONFIG_RUSTC_HAS_UNNECESSARY_TRANSMUTES=y
 CONFIG_RUSTC_HAS_FILE_WITH_NUL=y
 CONFIG_RUSTC_HAS_FILE_AS_C_STR=y
-CONFIG_PAHOLE_VERSION=131
+CONFIG_PAHOLE_VERSION=132
 CONFIG_IRQ_WORK=y
 CONFIG_BUILDTIME_TABLE_SORT=y
 CONFIG_THREAD_INFO_IN_TASK=y
@@ -37,7 +39,7 @@
 #
 # General setup
 #
-# CONFIG_CACHY is not set
+CONFIG_CACHY=y
 CONFIG_INIT_ENV_ARG_LIMIT=32
 # CONFIG_COMPILE_TEST is not set
 # CONFIG_WERROR is not set
@@ -96,12 +98,16 @@
 
 CONFIG_CLOCKSOURCE_WATCHDOG=y
 CONFIG_ARCH_CLOCKSOURCE_INIT=y
+CONFIG_ARCH_WANTS_CLOCKSOURCE_READ_INLINE=y
 CONFIG_GENERIC_TIME_VSYSCALL=y
 CONFIG_GENERIC_CLOCKEVENTS=y
 CONFIG_GENERIC_CLOCKEVENTS_BROADCAST=y
 CONFIG_GENERIC_CLOCKEVENTS_BROADCAST_IDLE=y
 CONFIG_GENERIC_CLOCKEVENTS_MIN_ADJUST=y
+CONFIG_GENERIC_CLOCKEVENTS_COUPLED=y
+CONFIG_GENERIC_CLOCKEVENTS_COUPLED_INLINE=y
 CONFIG_GENERIC_CMOS_UPDATE=y
+CONFIG_HRTIMER_REARM_DEFERRED=y
 CONFIG_HAVE_POSIX_CPU_TIMERS_TASK_WORK=y
 CONFIG_POSIX_CPU_TIMERS_TASK_WORK=y
 CONFIG_CONTEXT_TRACKING=y
@@ -119,7 +125,6 @@
 # CONFIG_CONTEXT_TRACKING_USER_FORCE is not set
 CONFIG_NO_HZ=y
 CONFIG_HIGH_RES_TIMERS=y
-CONFIG_CLOCKSOURCE_WATCHDOG_MAX_SKEW_US=100
 CONFIG_POSIX_AUX_CLOCKS=y
 # end of Timers subsystem
 
@@ -141,8 +146,6 @@
 
 CONFIG_PREEMPT_BUILD=y
 CONFIG_ARCH_HAS_PREEMPT_LAZY=y
-# CONFIG_PREEMPT_NONE is not set
-# CONFIG_PREEMPT_VOLUNTARY is not set
 CONFIG_PREEMPT=y
 # CONFIG_PREEMPT_LAZY is not set
 # CONFIG_PREEMPT_RT is not set
@@ -187,6 +190,7 @@
 CONFIG_TASKS_RUDE_RCU=y
 # CONFIG_FORCE_TASKS_TRACE_RCU is not set
 CONFIG_TASKS_TRACE_RCU=y
+CONFIG_TASKS_TRACE_RCU_NO_MB=y
 CONFIG_RCU_STALL_COMMON=y
 CONFIG_RCU_NEED_SEGCBLIST=y
 CONFIG_RCU_FANOUT=64
@@ -197,7 +201,6 @@
 CONFIG_RCU_NOCB_CPU=y
 # CONFIG_RCU_NOCB_CPU_DEFAULT_ALL is not set
 # CONFIG_RCU_NOCB_CPU_CB_BOOST is not set
-# CONFIG_TASKS_TRACE_RCU_READ_MB is not set
 CONFIG_RCU_LAZY=y
 CONFIG_RCU_LAZY_DEFAULT_OFF=y
 CONFIG_RCU_DOUBLE_CHECK_CB_TIME=y
@@ -216,19 +219,15 @@
 #
 CONFIG_UCLAMP_TASK=y
 CONFIG_UCLAMP_BUCKETS_COUNT=5
-# CONFIG_SCHED_ALT is not set
-# CONFIG_SCHED_BMQ is not set
-# CONFIG_SCHED_PDS is not set
 # end of Scheduler features
 
 CONFIG_ARCH_SUPPORTS_NUMA_BALANCING=y
 CONFIG_ARCH_WANT_BATCHED_UNMAP_TLB_FLUSH=y
 CONFIG_CC_HAS_INT128=y
-CONFIG_CC_IMPLICIT_FALLTHROUGH="-Wimplicit-fallthrough=5"
+CONFIG_CC_IMPLICIT_FALLTHROUGH="-Wimplicit-fallthrough"
+CONFIG_CC_MS_EXTENSIONS="-fms-anonymous-structs"
 CONFIG_GCC10_NO_ARRAY_BOUNDS=y
-CONFIG_CC_NO_ARRAY_BOUNDS=y
 CONFIG_GCC_NO_STRINGOP_OVERFLOW=y
-CONFIG_CC_NO_STRINGOP_OVERFLOW=y
 CONFIG_ARCH_SUPPORTS_INT128=y
 CONFIG_NUMA_BALANCING=y
 CONFIG_NUMA_BALANCING_DEFAULT_ENABLED=y
@@ -247,6 +246,7 @@
 CONFIG_CFS_BANDWIDTH=y
 # CONFIG_RT_GROUP_SCHED is not set
 CONFIG_EXT_GROUP_SCHED=y
+CONFIG_EXT_SUB_SCHED=y
 CONFIG_SCHED_MM_CID=y
 CONFIG_UCLAMP_TASK_GROUP=y
 CONFIG_CGROUP_PIDS=y
@@ -266,14 +266,14 @@
 CONFIG_NAMESPACES=y
 CONFIG_UTS_NS=y
 CONFIG_TIME_NS=y
+CONFIG_TIME_NS_VDSO=y
 CONFIG_IPC_NS=y
 CONFIG_USER_NS=y
-CONFIG_USER_NS_UNPRIVILEGED=y
 CONFIG_PID_NS=y
 CONFIG_NET_NS=y
 CONFIG_CHECKPOINT_RESTORE=y
-# CONFIG_SCHED_BORE is not set
 CONFIG_SCHED_AUTOGROUP=y
+CONFIG_SCHED_POC_SELECTOR=y
 CONFIG_RELAY=y
 CONFIG_BLK_DEV_INITRD=y
 CONFIG_INITRAMFS_SOURCE=""
@@ -287,9 +287,10 @@
 CONFIG_BOOT_CONFIG=y
 # CONFIG_BOOT_CONFIG_FORCE is not set
 # CONFIG_BOOT_CONFIG_EMBED is not set
+CONFIG_CMDLINE_LOG_WRAP_IDEAL_LEN=1021
 CONFIG_INITRAMFS_PRESERVE_MTIME=y
-CONFIG_CC_OPTIMIZE_FOR_PERFORMANCE=y
-# CONFIG_CC_OPTIMIZE_FOR_PERFORMANCE_O3 is not set
+# CONFIG_CC_OPTIMIZE_FOR_PERFORMANCE is not set
+CONFIG_CC_OPTIMIZE_FOR_PERFORMANCE_O3=y
 # CONFIG_CC_OPTIMIZE_FOR_SIZE is not set
 CONFIG_LD_ORPHAN_WARN=y
 CONFIG_LD_ORPHAN_WARN_LEVEL="warn"
@@ -323,6 +324,7 @@
 CONFIG_MEMBARRIER=y
 CONFIG_KCMP=y
 CONFIG_RSEQ=y
+# CONFIG_RSEQ_SLICE_EXTENSION is not set
 CONFIG_CACHESTAT_SYSCALL=y
 CONFIG_KALLSYMS=y
 # CONFIG_KALLSYMS_SELFTEST is not set
@@ -331,6 +333,7 @@
 CONFIG_ARCH_SUPPORTS_MSEAL_SYSTEM_MAPPINGS=y
 CONFIG_HAVE_PERF_EVENTS=y
 CONFIG_GUEST_PERF_EVENTS=y
+CONFIG_PERF_GUEST_MEDIATED_PMU=y
 
 #
 # Kernel Performance Events And Counters
@@ -341,9 +344,6 @@
 
 CONFIG_SYSTEM_DATA_VERIFICATION=y
 CONFIG_PROFILING=y
-CONFIG_RUST=y
-CONFIG_RUSTC_VERSION_TEXT="rustc 1.91.1 (ed61e7d7e 2025-11-07) (Arch Linux rust 1:1.91.1-2.1)"
-CONFIG_BINDGEN_VERSION_TEXT="bindgen 0.72.0"
 CONFIG_TRACEPOINTS=y
 
 #
@@ -358,14 +358,22 @@
 # CONFIG_KEXEC_SIG_FORCE is not set
 CONFIG_KEXEC_BZIMAGE_VERIFY_SIG=y
 CONFIG_KEXEC_JUMP=y
-CONFIG_KEXEC_HANDOVER=y
-# CONFIG_KEXEC_HANDOVER_DEBUG is not set
 CONFIG_CRASH_DUMP=y
 CONFIG_CRASH_DM_CRYPT=y
 CONFIG_CRASH_DM_CRYPT_CONFIGS=y
 CONFIG_CRASH_HOTPLUG=y
 CONFIG_CRASH_MAX_MEMORY_RANGES=8192
 # end of Kexec and crash features
+
+#
+# Live Update and Kexec HandOver
+#
+CONFIG_KEXEC_HANDOVER=y
+# CONFIG_KEXEC_HANDOVER_DEBUG is not set
+CONFIG_KEXEC_HANDOVER_DEBUGFS=y
+# CONFIG_KEXEC_HANDOVER_ENABLE_DEFAULT is not set
+# CONFIG_LIVEUPDATE is not set
+# end of Live Update and Kexec HandOver
 # end of General setup
 
 CONFIG_64BIT=y
@@ -415,7 +423,6 @@
 CONFIG_HYPERVISOR_GUEST=y
 CONFIG_PARAVIRT=y
 CONFIG_PARAVIRT_XXL=y
-# CONFIG_PARAVIRT_DEBUG is not set
 CONFIG_PARAVIRT_SPINLOCKS=y
 CONFIG_X86_HV_CALLBACK_VECTOR=y
 CONFIG_XEN=y
@@ -443,7 +450,7 @@
 # CONFIG_X86_NATIVE_CPU is not set
 CONFIG_GENERIC_CPU=y
 # CONFIG_MZEN4 is not set
-CONFIG_X86_64_VERSION=1
+CONFIG_X86_64_VERSION=3
 CONFIG_X86_INTERNODE_CACHE_SHIFT=6
 CONFIG_X86_L1_CACHE_SHIFT=6
 CONFIG_X86_TSC=y
@@ -543,14 +550,13 @@
 CONFIG_EFI_RUNTIME_MAP=y
 # CONFIG_HZ_100 is not set
 # CONFIG_HZ_250 is not set
-CONFIG_HZ_300=y
+# CONFIG_HZ_300 is not set
 # CONFIG_HZ_500 is not set
 # CONFIG_HZ_600 is not set
 # CONFIG_HZ_750 is not set
-# CONFIG_HZ_1000 is not set
-CONFIG_HZ=300
+CONFIG_HZ_1000=y
+CONFIG_HZ=1000
 CONFIG_SCHED_HRTICK=y
-CONFIG_MIN_BASE_SLICE_NS=2000000
 CONFIG_ARCH_SUPPORTS_KEXEC=y
 CONFIG_ARCH_SUPPORTS_KEXEC_FILE=y
 CONFIG_ARCH_SELECTS_KEXEC_FILE=y
@@ -580,12 +586,11 @@
 # CONFIG_STRICT_SIGALTSTACK_SIZE is not set
 CONFIG_HAVE_LIVEPATCH=y
 # CONFIG_LIVEPATCH is not set
+CONFIG_HAVE_KLP_BUILD=y
 CONFIG_X86_BUS_LOCK_DETECT=y
 # end of Processor type and features
 
-CONFIG_CC_HAS_NAMED_AS=y
 CONFIG_CC_HAS_NAMED_AS_FIXED_SANITIZERS=y
-CONFIG_USE_X86_SEG_SUPPORT=y
 CONFIG_CC_HAS_SLS=y
 CONFIG_CC_HAS_RETURN_THUNK=y
 CONFIG_CC_HAS_ENTRY_PADDING=y
@@ -642,6 +647,7 @@
 # CONFIG_PM_AUTOSLEEP is not set
 # CONFIG_PM_USERSPACE_AUTOSLEEP is not set
 # CONFIG_PM_WAKELOCKS is not set
+# CONFIG_PM_QOS_CPU_SYSTEM_WAKEUP is not set
 CONFIG_PM=y
 CONFIG_PM_DEBUG=y
 # CONFIG_PM_ADVANCED_DEBUG is not set
@@ -685,7 +691,7 @@
 CONFIG_ACPI_HOTPLUG_CPU=y
 CONFIG_ACPI_PROCESSOR_AGGREGATOR=m
 CONFIG_ACPI_THERMAL=y
-CONFIG_ACPI_PLATFORM_PROFILE=m
+CONFIG_ACPI_PLATFORM_PROFILE=y
 CONFIG_ARCH_HAS_ACPI_TABLE_UPGRADE=y
 CONFIG_ACPI_TABLE_UPGRADE=y
 CONFIG_ACPI_DEBUG=y
@@ -709,6 +715,7 @@
 CONFIG_ACPI_APEI_MEMORY_FAILURE=y
 CONFIG_ACPI_APEI_EINJ=m
 CONFIG_ACPI_APEI_EINJ_CXL=y
+# CONFIG_ACPI_APEI_GHES_NVIDIA is not set
 CONFIG_ACPI_APEI_ERST_DEBUG=m
 CONFIG_ACPI_DPTF=y
 CONFIG_DPTF_POWER=m
@@ -743,8 +750,6 @@
 # CONFIG_CPU_FREQ_DEFAULT_GOV_PERFORMANCE is not set
 # CONFIG_CPU_FREQ_DEFAULT_GOV_POWERSAVE is not set
 # CONFIG_CPU_FREQ_DEFAULT_GOV_USERSPACE is not set
-# CONFIG_CPU_FREQ_DEFAULT_GOV_ONDEMAND is not set
-# CONFIG_CPU_FREQ_DEFAULT_GOV_CONSERVATIVE is not set
 CONFIG_CPU_FREQ_DEFAULT_GOV_SCHEDUTIL=y
 CONFIG_CPU_FREQ_GOV_PERFORMANCE=y
 CONFIG_CPU_FREQ_GOV_POWERSAVE=y
@@ -806,7 +811,6 @@
 #
 CONFIG_IA32_EMULATION=y
 # CONFIG_IA32_EMULATION_DEFAULT_DISABLED is not set
-CONFIG_X86_X32_ABI=y
 CONFIG_COMPAT_32=y
 CONFIG_COMPAT=y
 CONFIG_COMPAT_FOR_U64_ALIGNMENT=y
@@ -833,7 +837,6 @@
 CONFIG_VIRT_XFER_TO_GUEST_WORK=y
 CONFIG_HAVE_KVM_PM_NOTIFIER=y
 CONFIG_KVM_GENERIC_HARDWARE_ENABLING=y
-CONFIG_KVM_GENERIC_MMU_NOTIFIER=y
 CONFIG_KVM_ELIDE_TLB_FLUSH_IF_YOUNG=y
 CONFIG_KVM_MMU_LOCKLESS_AGING=y
 CONFIG_KVM_GENERIC_MEMORY_ATTRIBUTES=y
@@ -937,6 +940,8 @@
 CONFIG_HAVE_USER_RETURN_NOTIFIER=y
 CONFIG_HAVE_PERF_EVENTS_NMI=y
 CONFIG_HAVE_HARDLOCKUP_DETECTOR_PERF=y
+CONFIG_UNWIND_USER=y
+CONFIG_HAVE_UNWIND_USER_FP=y
 CONFIG_HAVE_PERF_REGS=y
 CONFIG_HAVE_PERF_USER_STACK_DUMP=y
 CONFIG_HAVE_ARCH_JUMP_LABEL=y
@@ -968,27 +973,24 @@
 CONFIG_ARCH_SUPPORTS_LTO_CLANG=y
 CONFIG_ARCH_SUPPORTS_LTO_CLANG_THIN=y
 CONFIG_HAS_LTO_CLANG=y
-CONFIG_LTO_NONE=y
-# CONFIG_LTO_CLANG_FULL is not set
+# CONFIG_LTO_NONE is not set
+CONFIG_LTO_CLANG_FULL=y
 # CONFIG_LTO_CLANG_THIN is not set
 # CONFIG_LTO_CLANG_THIN_DIST is not set
 CONFIG_ARCH_SUPPORTS_AUTOFDO_CLANG=y
 # CONFIG_AUTOFDO_CLANG is not set
-# CONFIG_AUTOFDO_PROFILE_ACCURATE is not set
 CONFIG_ARCH_SUPPORTS_PROPELLER_CLANG=y
 # CONFIG_PROPELLER_CLANG is not set
-CONFIG_ARCH_SUPPORTS_CFI_CLANG=y
-CONFIG_ARCH_USES_CFI_TRAPS=y
-# CONFIG_CFI_CLANG is not set
-# CONFIG_CFI_PERMISSIVE is not set
-CONFIG_HAVE_CFI_ICALL_NORMALIZE_INTEGERS_CLANG=y
-CONFIG_HAVE_CFI_ICALL_NORMALIZE_INTEGERS_RUSTC=y
 CONFIG_ARCH_SUPPORTS_CFI=y
+# CONFIG_CFI is not set
+CONFIG_HAVE_CFI_ICALL_NORMALIZE_INTEGERS=y
+CONFIG_HAVE_CFI_ICALL_NORMALIZE_INTEGERS_RUSTC=y
 CONFIG_HAVE_ARCH_WITHIN_STACK_FRAMES=y
 CONFIG_HAVE_CONTEXT_TRACKING_USER=y
 CONFIG_HAVE_CONTEXT_TRACKING_USER_OFFSTACK=y
 CONFIG_HAVE_VIRT_CPU_ACCOUNTING_GEN=y
 CONFIG_HAVE_IRQ_TIME_ACCOUNTING=y
+CONFIG_HAVE_PV_STEAL_CLOCK_GEN=y
 CONFIG_HAVE_MOVE_PUD=y
 CONFIG_HAVE_MOVE_PMD=y
 CONFIG_HAVE_ARCH_TRANSPARENT_HUGEPAGE=y
@@ -1068,13 +1070,12 @@
 # end of GCOV-based kernel profiling
 
 CONFIG_HAVE_GCC_PLUGINS=y
-# CONFIG_GCC_PLUGINS is not set
 CONFIG_FUNCTION_ALIGNMENT_4B=y
 CONFIG_FUNCTION_ALIGNMENT_16B=y
 CONFIG_FUNCTION_ALIGNMENT=16
-CONFIG_CC_HAS_MIN_FUNCTION_ALIGNMENT=y
 CONFIG_CC_HAS_SANE_FUNCTION_ALIGNMENT=y
 CONFIG_ARCH_HAS_CPU_ATTACK_VECTORS=y
+CONFIG_HAVE_ARCH_GET_SECUREBOOT=y
 # end of General architecture-dependent options
 
 CONFIG_RT_MUTEXES=y
@@ -1091,7 +1092,6 @@
 CONFIG_MODULE_SIG=y
 # CONFIG_MODULE_SIG_FORCE is not set
 CONFIG_MODULE_SIG_ALL=y
-# CONFIG_MODULE_SIG_SHA1 is not set
 # CONFIG_MODULE_SIG_SHA256 is not set
 # CONFIG_MODULE_SIG_SHA384 is not set
 CONFIG_MODULE_SIG_SHA512=y
@@ -1240,7 +1240,6 @@
 CONFIG_SLAB_FREELIST_HARDENED=y
 CONFIG_SLAB_BUCKETS=y
 # CONFIG_SLUB_STATS is not set
-CONFIG_SLUB_CPU_PARTIAL=y
 # CONFIG_RANDOM_KMALLOC_CACHES is not set
 # end of Slab allocator options
 
@@ -1254,9 +1253,6 @@
 CONFIG_ARCH_WANT_OPTIMIZE_DAX_VMEMMAP=y
 CONFIG_ARCH_WANT_OPTIMIZE_HUGETLB_VMEMMAP=y
 CONFIG_ARCH_WANT_HUGETLB_VMEMMAP_PREINIT=y
-CONFIG_ANON_MIN_RATIO=1
-CONFIG_CLEAN_LOW_RATIO=15
-CONFIG_CLEAN_MIN_RATIO=4
 CONFIG_HAVE_GUP_FAST=y
 CONFIG_MEMBLOCK_KHO_SCRATCH=y
 CONFIG_ARCH_KEEP_MEMBLOCK=y
@@ -1265,7 +1261,6 @@
 CONFIG_EXCLUSIVE_SYSTEM_RAM=y
 CONFIG_HAVE_BOOTMEM_INFO_NODE=y
 CONFIG_ARCH_ENABLE_MEMORY_HOTPLUG=y
-CONFIG_ARCH_ENABLE_MEMORY_HOTREMOVE=y
 CONFIG_MEMORY_HOTPLUG=y
 # CONFIG_MHP_DEFAULT_ONLINE_TYPE_OFFLINE is not set
 CONFIG_MHP_DEFAULT_ONLINE_TYPE_ONLINE_AUTO=y
@@ -1277,11 +1272,12 @@
 CONFIG_SPLIT_PTE_PTLOCKS=y
 CONFIG_ARCH_ENABLE_SPLIT_PMD_PTLOCK=y
 CONFIG_SPLIT_PMD_PTLOCKS=y
-CONFIG_MEMORY_BALLOON=y
-CONFIG_BALLOON_COMPACTION=y
+CONFIG_BALLOON=y
+CONFIG_BALLOON_MIGRATION=y
 CONFIG_COMPACTION=y
-CONFIG_COMPACT_UNEVICTABLE_DEFAULT=0
+CONFIG_COMPACT_UNEVICTABLE_DEFAULT=1
 CONFIG_PAGE_REPORTING=y
+CONFIG_NUMA_MIGRATION=y
 CONFIG_MIGRATION=y
 CONFIG_DEVICE_MIGRATION=y
 CONFIG_ARCH_ENABLE_HUGEPAGE_MIGRATION=y
@@ -1303,12 +1299,21 @@
 CONFIG_TRANSPARENT_HUGEPAGE_ALWAYS=y
 # CONFIG_TRANSPARENT_HUGEPAGE_MADVISE is not set
 # CONFIG_TRANSPARENT_HUGEPAGE_NEVER is not set
+CONFIG_TRANSPARENT_HUGEPAGE_SHMEM_HUGE_NEVER=y
+# CONFIG_TRANSPARENT_HUGEPAGE_SHMEM_HUGE_ALWAYS is not set
+# CONFIG_TRANSPARENT_HUGEPAGE_SHMEM_HUGE_WITHIN_SIZE is not set
+# CONFIG_TRANSPARENT_HUGEPAGE_SHMEM_HUGE_ADVISE is not set
+CONFIG_TRANSPARENT_HUGEPAGE_TMPFS_HUGE_NEVER=y
+# CONFIG_TRANSPARENT_HUGEPAGE_TMPFS_HUGE_ALWAYS is not set
+# CONFIG_TRANSPARENT_HUGEPAGE_TMPFS_HUGE_WITHIN_SIZE is not set
+# CONFIG_TRANSPARENT_HUGEPAGE_TMPFS_HUGE_ADVISE is not set
 CONFIG_THP_SWAP=y
 CONFIG_READ_ONLY_THP_FOR_FS=y
 # CONFIG_NO_PAGE_MAPCOUNT is not set
 CONFIG_PAGE_MAPCOUNT=y
 CONFIG_PGTABLE_HAS_HUGE_LEAVES=y
 CONFIG_HAVE_GIGANTIC_FOLIOS=y
+CONFIG_ASYNC_KERNEL_PGTABLE_FREE=y
 CONFIG_ARCH_SUPPORTS_HUGE_PFNMAP=y
 CONFIG_ARCH_SUPPORTS_PMD_PFNMAP=y
 CONFIG_ARCH_SUPPORTS_PUD_PFNMAP=y
@@ -1363,14 +1368,15 @@
 CONFIG_NUMA_MEMBLKS=y
 # CONFIG_NUMA_EMU is not set
 CONFIG_ARCH_HAS_USER_SHADOW_STACK=y
-CONFIG_ARCH_SUPPORTS_PT_RECLAIM=y
 CONFIG_PT_RECLAIM=y
 CONFIG_FIND_NORMAL_PAGE=y
+CONFIG_ARCH_HAS_LAZY_MMU_MODE=y
 
 #
 # Data Access Monitoring
 #
 CONFIG_DAMON=y
+# CONFIG_DAMON_DEBUG_SANITY is not set
 CONFIG_DAMON_VADDR=y
 CONFIG_DAMON_PADDR=y
 CONFIG_DAMON_SYSFS=y
@@ -1423,6 +1429,7 @@
 CONFIG_XFRM_ESPINTCP=y
 CONFIG_SMC=m
 CONFIG_SMC_DIAG=m
+CONFIG_SMC_HS_CTRL_BPF=y
 CONFIG_DIBS=m
 CONFIG_DIBS_LO=y
 CONFIG_XDP_SOCKETS=y
@@ -1482,6 +1489,7 @@
 CONFIG_TCP_CONG_DCTCP=m
 CONFIG_TCP_CONG_CDG=m
 CONFIG_TCP_CONG_BBR=m
+# CONFIG_TCP_CONG_BBR3 is not set
 CONFIG_DEFAULT_CUBIC=y
 # CONFIG_DEFAULT_RENO is not set
 CONFIG_DEFAULT_TCP_CONG="cubic"
@@ -1559,7 +1567,6 @@
 CONFIG_NF_CONNTRACK_OVS=y
 CONFIG_NF_CT_PROTO_GRE=y
 CONFIG_NF_CT_PROTO_SCTP=y
-CONFIG_NF_CT_PROTO_UDPLITE=y
 CONFIG_NF_CONNTRACK_AMANDA=m
 CONFIG_NF_CONNTRACK_FTP=m
 CONFIG_NF_CONNTRACK_H323=m
@@ -1901,10 +1908,6 @@
 CONFIG_TIPC_CRYPTO=y
 CONFIG_TIPC_DIAG=m
 CONFIG_ATM=m
-CONFIG_ATM_CLIP=m
-# CONFIG_ATM_CLIP_NO_ICMP is not set
-CONFIG_ATM_LANE=m
-CONFIG_ATM_MPOA=m
 CONFIG_ATM_BR2684=m
 # CONFIG_ATM_BR2684_IPFILTER is not set
 CONFIG_L2TP=m
@@ -1934,6 +1937,8 @@
 CONFIG_NET_DSA_TAG_DSA=m
 CONFIG_NET_DSA_TAG_EDSA=m
 CONFIG_NET_DSA_TAG_MTK=m
+# CONFIG_NET_DSA_TAG_MXL_862XX is not set
+# CONFIG_NET_DSA_TAG_MXL_GSW1XX is not set
 CONFIG_NET_DSA_TAG_KSZ=m
 CONFIG_NET_DSA_TAG_OCELOT=m
 CONFIG_NET_DSA_TAG_OCELOT_8021Q=m
@@ -1946,6 +1951,7 @@
 CONFIG_NET_DSA_TAG_TRAILER=m
 CONFIG_NET_DSA_TAG_VSC73XX_8021Q=m
 CONFIG_NET_DSA_TAG_XRS700X=m
+# CONFIG_NET_DSA_TAG_YT921X is not set
 CONFIG_VLAN_8021Q=m
 CONFIG_VLAN_8021Q_GVRP=y
 CONFIG_VLAN_8021Q_MVRP=y
@@ -2130,28 +2136,6 @@
 # end of Network testing
 # end of Networking options
 
-CONFIG_HAMRADIO=y
-
-#
-# Packet Radio protocols
-#
-CONFIG_AX25=m
-CONFIG_AX25_DAMA_SLAVE=y
-CONFIG_NETROM=m
-CONFIG_ROSE=m
-
-#
-# AX.25 network device drivers
-#
-CONFIG_MKISS=m
-CONFIG_6PACK=m
-CONFIG_BPQETHER=m
-CONFIG_BAYCOM_SER_FDX=m
-CONFIG_BAYCOM_SER_HDX=m
-CONFIG_BAYCOM_PAR=m
-CONFIG_YAM=m
-# end of AX.25 network device drivers
-
 CONFIG_CAN=m
 CONFIG_CAN_RAW=m
 CONFIG_CAN_BCM=m
@@ -2273,7 +2257,6 @@
 CONFIG_NET_9P_USBG=m
 CONFIG_NET_9P_RDMA=m
 # CONFIG_NET_9P_DEBUG is not set
-# CONFIG_CAIF is not set
 CONFIG_CEPH_LIB=m
 CONFIG_CEPH_LIB_PRETTYDEBUG=y
 CONFIG_CEPH_LIB_USE_DNS_RESOLVER=y
@@ -2350,7 +2333,6 @@
 CONFIG_HOTPLUG_PCI_PCIE=y
 CONFIG_PCIEAER=y
 CONFIG_PCIEAER_INJECT=m
-CONFIG_PCIEAER_CXL=y
 CONFIG_PCIE_ECRC=y
 CONFIG_PCIEASPM=y
 CONFIG_PCIEASPM_DEFAULT=y
@@ -2369,6 +2351,8 @@
 CONFIG_PCI_PF_STUB=m
 CONFIG_XEN_PCIDEV_FRONTEND=m
 CONFIG_PCI_ATS=y
+CONFIG_PCI_IDE=y
+CONFIG_PCI_TSM=y
 CONFIG_PCI_DOE=y
 CONFIG_PCI_ECAM=y
 CONFIG_PCI_LOCKLESS_CONFIG=y
@@ -2437,8 +2421,8 @@
 CONFIG_PCI_SW_SWITCHTEC=m
 # end of PCI switch controller drivers
 
-CONFIG_PCI_PWRCTRL=m
-CONFIG_PCI_PWRCTRL_SLOT=m
+# CONFIG_PCI_PWRCTRL_GENERIC is not set
+# CONFIG_PCI_PWRCTRL_TC9563 is not set
 CONFIG_CXL_BUS=m
 CONFIG_CXL_PCI=m
 # CONFIG_CXL_MEM_RAW_COMMANDS is not set
@@ -2451,6 +2435,8 @@
 CONFIG_CXL_REGION=y
 # CONFIG_CXL_REGION_INVALIDATION_TEST is not set
 CONFIG_CXL_MCE=y
+CONFIG_CXL_RAS=y
+CONFIG_CXL_ATL=y
 CONFIG_PCCARD=m
 CONFIG_PCMCIA=m
 CONFIG_PCMCIA_LOAD_CIS=y
@@ -2466,7 +2452,6 @@
 CONFIG_YENTA_ENE_TUNE=y
 CONFIG_YENTA_TOSHIBA=y
 CONFIG_PD6729=m
-CONFIG_I82092=m
 CONFIG_PCCARD_NONSTATIC=y
 # CONFIG_RAPIDIO is not set
 
@@ -2478,6 +2463,7 @@
 CONFIG_DEVTMPFS=y
 CONFIG_DEVTMPFS_MOUNT=y
 CONFIG_DEVTMPFS_SAFE=y
+CONFIG_DRIVER_DEFERRED_PROBE_TIMEOUT=10
 CONFIG_STANDALONE=y
 CONFIG_PREVENT_FIRMWARE_BUILD=y
 
@@ -2486,7 +2472,6 @@
 #
 CONFIG_FW_LOADER=y
 CONFIG_FW_LOADER_DEBUG=y
-CONFIG_RUST_FW_LOADER_ABSTRACTIONS=y
 CONFIG_FW_LOADER_PAGED_BUF=y
 CONFIG_FW_LOADER_SYSFS=y
 CONFIG_EXTRA_FIRMWARE=""
@@ -2536,11 +2521,6 @@
 CONFIG_MHI_BUS_EP=m
 # end of Bus devices
 
-#
-# Cache Drivers
-#
-# end of Cache Drivers
-
 CONFIG_CONNECTOR=y
 CONFIG_PROC_EVENTS=y
 
@@ -2622,6 +2602,7 @@
 # end of Firmware Drivers
 
 CONFIG_FWCTL=m
+# CONFIG_FWCTL_BNXT is not set
 CONFIG_FWCTL_MLX5=m
 CONFIG_FWCTL_PDS=m
 CONFIG_GNSS=m
@@ -2660,6 +2641,7 @@
 CONFIG_MTD_PSTORE=m
 # CONFIG_MTD_SWAP is not set
 CONFIG_MTD_PARTITIONED_MASTER=y
+# CONFIG_MTD_VIRT_CONCAT is not set
 
 #
 # RAM/ROM/Flash chip drivers
@@ -2780,7 +2762,6 @@
 CONFIG_PNPACPI=y
 CONFIG_BLK_DEV=y
 CONFIG_BLK_DEV_NULL_BLK=m
-# CONFIG_BLK_DEV_RUST_NULL is not set
 CONFIG_BLK_DEV_FD=m
 # CONFIG_BLK_DEV_FD_RAWCMD is not set
 CONFIG_CDROM=m
@@ -2850,6 +2831,7 @@
 CONFIG_NVME_TARGET_TCP=m
 CONFIG_NVME_TARGET_TCP_TLS=y
 CONFIG_NVME_TARGET_AUTH=y
+# CONFIG_NVME_TARGET_AUTH_DEBUG is not set
 # end of NVME Support
 
 #
@@ -2915,6 +2897,7 @@
 CONFIG_INTEL_MEI_ME=m
 CONFIG_INTEL_MEI_TXE=m
 CONFIG_INTEL_MEI_GSC=m
+# CONFIG_INTEL_MEI_CSC is not set
 CONFIG_INTEL_MEI_VSC_HW=m
 CONFIG_INTEL_MEI_VSC=m
 CONFIG_INTEL_MEI_LB=m
@@ -3344,27 +3327,6 @@
 CONFIG_SUNGEM_PHY=m
 # CONFIG_ARCNET is not set
 CONFIG_ATM_DRIVERS=y
-# CONFIG_ATM_DUMMY is not set
-CONFIG_ATM_TCP=m
-CONFIG_ATM_LANAI=m
-CONFIG_ATM_ENI=m
-# CONFIG_ATM_ENI_DEBUG is not set
-# CONFIG_ATM_ENI_TUNE_BURST is not set
-CONFIG_ATM_NICSTAR=m
-# CONFIG_ATM_NICSTAR_USE_SUNI is not set
-# CONFIG_ATM_NICSTAR_USE_IDT77105 is not set
-CONFIG_ATM_IDT77252=m
-# CONFIG_ATM_IDT77252_DEBUG is not set
-# CONFIG_ATM_IDT77252_RCV_ALL is not set
-CONFIG_ATM_IDT77252_USE_SUNI=y
-CONFIG_ATM_IA=m
-# CONFIG_ATM_IA_DEBUG is not set
-CONFIG_ATM_FORE200E=m
-CONFIG_ATM_FORE200E_USE_TASKLET=y
-CONFIG_ATM_FORE200E_TX_RETRY=16
-CONFIG_ATM_FORE200E_DEBUG=0
-CONFIG_ATM_HE=m
-CONFIG_ATM_HE_USE_SUNI=y
 CONFIG_ATM_SOLOS=m
 
 #
@@ -3380,6 +3342,7 @@
 CONFIG_NET_DSA_LOOP=m
 CONFIG_NET_DSA_HIRSCHMANN_HELLCREEK=m
 # CONFIG_NET_DSA_LANTIQ_GSWIP is not set
+# CONFIG_NET_DSA_MXL_GSW1XX is not set
 CONFIG_NET_DSA_MT7530=m
 CONFIG_NET_DSA_MT7530_MDIO=m
 CONFIG_NET_DSA_MT7530_MMIO=m
@@ -3392,6 +3355,7 @@
 CONFIG_NET_DSA_MV88E6XXX=m
 CONFIG_NET_DSA_MV88E6XXX_PTP=y
 CONFIG_NET_DSA_MV88E6XXX_LEDS=y
+# CONFIG_NET_DSA_MXL862 is not set
 CONFIG_NET_DSA_MSCC_FELIX_DSA_LIB=m
 CONFIG_NET_DSA_MSCC_OCELOT_EXT=m
 CONFIG_NET_DSA_MSCC_SEVILLE=m
@@ -3413,13 +3377,12 @@
 CONFIG_NET_DSA_VITESSE_VSC73XX=m
 CONFIG_NET_DSA_VITESSE_VSC73XX_SPI=m
 CONFIG_NET_DSA_VITESSE_VSC73XX_PLATFORM=m
+# CONFIG_NET_DSA_YT921X is not set
 # end of Distributed Switch Architecture drivers
 
 CONFIG_ETHERNET=y
 CONFIG_MDIO=m
 CONFIG_NET_VENDOR_3COM=y
-CONFIG_PCMCIA_3C574=m
-CONFIG_PCMCIA_3C589=m
 CONFIG_VORTEX=m
 CONFIG_TYPHOON=m
 CONFIG_NET_VENDOR_ADAPTEC=y
@@ -3428,16 +3391,12 @@
 CONFIG_ET131X=m
 CONFIG_NET_VENDOR_ALACRITECH=y
 CONFIG_SLICOSS=m
-CONFIG_NET_VENDOR_ALTEON=y
-CONFIG_ACENIC=m
-# CONFIG_ACENIC_OMIT_TIGON_I is not set
 CONFIG_ALTERA_TSE=m
 CONFIG_NET_VENDOR_AMAZON=y
 CONFIG_ENA_ETHERNET=m
 CONFIG_NET_VENDOR_AMD=y
 CONFIG_AMD8111_ETH=m
 CONFIG_PCNET32=m
-CONFIG_PCMCIA_NMCLAN=m
 CONFIG_AMD_XGBE=m
 CONFIG_AMD_XGBE_DCB=y
 CONFIG_AMD_XGBE_HAVE_ECC=y
@@ -3504,7 +3463,6 @@
 CONFIG_NET_VENDOR_CORTINA=y
 CONFIG_NET_VENDOR_DAVICOM=y
 CONFIG_DM9051=m
-CONFIG_DNET=m
 CONFIG_NET_VENDOR_DEC=y
 CONFIG_NET_TULIP=y
 CONFIG_DE2104X=m
@@ -3533,8 +3491,6 @@
 CONFIG_TSNEP=m
 # CONFIG_TSNEP_SELFTESTS is not set
 CONFIG_NET_VENDOR_EZCHIP=y
-CONFIG_NET_VENDOR_FUJITSU=y
-CONFIG_PCMCIA_FMVJ18X=m
 CONFIG_NET_VENDOR_FUNGIBLE=y
 CONFIG_FUN_CORE=m
 CONFIG_FUN_ETH=m
@@ -3650,6 +3606,8 @@
 CONFIG_MSCC_OCELOT_SWITCH_LIB=m
 CONFIG_NET_VENDOR_MICROSOFT=y
 CONFIG_MICROSOFT_MANA=m
+CONFIG_NET_VENDOR_MUCSE=y
+# CONFIG_MGBE is not set
 CONFIG_NET_VENDOR_MYRI=y
 CONFIG_MYRI10GE=m
 CONFIG_MYRI10GE_DCA=y
@@ -3659,8 +3617,6 @@
 CONFIG_NET_VENDOR_NATSEMI=y
 CONFIG_NATSEMI=m
 CONFIG_NS83820=m
-CONFIG_NET_VENDOR_NETERION=y
-CONFIG_S2IO=m
 CONFIG_NET_VENDOR_NETRONOME=y
 CONFIG_NFP=m
 CONFIG_NFP_APP_FLOWER=y
@@ -3668,7 +3624,6 @@
 CONFIG_NFP_NET_IPSEC=y
 # CONFIG_NFP_DEBUG is not set
 CONFIG_NET_VENDOR_8390=y
-CONFIG_PCMCIA_AXNET=m
 CONFIG_NE2K_PCI=m
 CONFIG_PCMCIA_PCNET=m
 CONFIG_NET_VENDOR_NVIDIA=y
@@ -3676,9 +3631,6 @@
 CONFIG_NET_VENDOR_OKI=y
 CONFIG_ETHOC=m
 CONFIG_OA_TC6=m
-CONFIG_NET_VENDOR_PACKET_ENGINES=y
-CONFIG_HAMACHI=m
-CONFIG_YELLOWFIN=m
 CONFIG_NET_VENDOR_PENSANDO=y
 CONFIG_IONIC=m
 CONFIG_NET_VENDOR_QLOGIC=y
@@ -3704,7 +3656,6 @@
 CONFIG_NET_VENDOR_RDC=y
 CONFIG_R6040=m
 CONFIG_NET_VENDOR_REALTEK=y
-CONFIG_ATP=m
 CONFIG_8139CP=m
 CONFIG_8139TOO=m
 # CONFIG_8139TOO_PIO is not set
@@ -3739,7 +3690,6 @@
 CONFIG_SFC_SIENA_SRIOV=y
 CONFIG_SFC_SIENA_MCDI_LOGGING=y
 CONFIG_NET_VENDOR_SMSC=y
-CONFIG_PCMCIA_SMC91C92=m
 CONFIG_EPIC100=m
 CONFIG_SMSC911X=m
 CONFIG_SMSC9420=m
@@ -3749,7 +3699,9 @@
 # CONFIG_STMMAC_SELFTESTS is not set
 CONFIG_STMMAC_PLATFORM=m
 CONFIG_DWMAC_GENERIC=m
+CONFIG_STMMAC_LIBPCI=m
 CONFIG_DWMAC_INTEL=m
+# CONFIG_DWMAC_MOTORCOMM is not set
 CONFIG_STMMAC_PCI=m
 CONFIG_NET_VENDOR_SUN=y
 CONFIG_HAPPYMEAL=m
@@ -3793,8 +3745,6 @@
 CONFIG_FDDI=m
 CONFIG_DEFXX=m
 CONFIG_SKFP=m
-# CONFIG_HIPPI is not set
-CONFIG_MDIO_BUS=m
 CONFIG_PHYLINK=m
 CONFIG_PHYLIB=m
 CONFIG_SWPHY=y
@@ -3882,6 +3832,7 @@
 CONFIG_CAN_CALC_BITTIMING=y
 CONFIG_CAN_RX_OFFLOAD=y
 CONFIG_CAN_CAN327=m
+# CONFIG_CAN_DUMMY is not set
 CONFIG_CAN_JANZ_ICAN3=m
 CONFIG_CAN_KVASER_PCIEFD=m
 CONFIG_CAN_SLCAN=m
@@ -4058,7 +4009,6 @@
 CONFIG_ATH9K_BTCOEX_SUPPORT=y
 CONFIG_ATH9K=m
 CONFIG_ATH9K_PCI=y
-CONFIG_ATH9K_AHB=y
 CONFIG_ATH9K_DEBUGFS=y
 CONFIG_ATH9K_STATION_STATISTICS=y
 CONFIG_ATH9K_DYNACK=y
@@ -4105,6 +4055,7 @@
 CONFIG_ATH11K_DEBUGFS=y
 # CONFIG_ATH11K_TRACING is not set
 CONFIG_ATH11K_SPECTRAL=y
+# CONFIG_ATH11K_CFR is not set
 CONFIG_ATH12K=m
 CONFIG_ATH12K_AHB=y
 CONFIG_ATH12K_DEBUG=y
@@ -4357,10 +4308,12 @@
 CONFIG_RTW89_8851BE=m
 CONFIG_RTW89_8851BU=m
 CONFIG_RTW89_8852AE=m
+# CONFIG_RTW89_8852AU is not set
 CONFIG_RTW89_8852BE=m
 CONFIG_RTW89_8852BU=m
 CONFIG_RTW89_8852BTE=m
 CONFIG_RTW89_8852CE=m
+# CONFIG_RTW89_8852CU is not set
 CONFIG_RTW89_8922AE=m
 CONFIG_RTW89_DEBUG=y
 CONFIG_RTW89_DEBUGMSG=y
@@ -4427,26 +4380,6 @@
 CONFIG_HYPERV_NET=m
 CONFIG_NETDEVSIM=m
 CONFIG_NET_FAILOVER=m
-CONFIG_ISDN=y
-CONFIG_ISDN_CAPI=y
-CONFIG_MISDN=m
-CONFIG_MISDN_DSP=m
-CONFIG_MISDN_L1OIP=m
-
-#
-# mISDN hardware drivers
-#
-CONFIG_MISDN_HFCPCI=m
-CONFIG_MISDN_HFCMULTI=m
-CONFIG_MISDN_HFCUSB=m
-CONFIG_MISDN_AVMFRITZ=m
-CONFIG_MISDN_SPEEDFAX=m
-CONFIG_MISDN_INFINEON=m
-CONFIG_MISDN_W6692=m
-CONFIG_MISDN_NETJET=m
-CONFIG_MISDN_HDLC=m
-CONFIG_MISDN_IPAC=m
-CONFIG_MISDN_ISAR=m
 
 #
 # Input device support
@@ -4486,6 +4419,7 @@
 CONFIG_KEYBOARD_GPIO_POLLED=m
 CONFIG_KEYBOARD_TCA8418=m
 CONFIG_KEYBOARD_MATRIX=m
+# CONFIG_KEYBOARD_CHARLIEPLEX is not set
 CONFIG_KEYBOARD_LM8323=m
 CONFIG_KEYBOARD_LM8333=m
 CONFIG_KEYBOARD_MAX7359=m
@@ -4780,7 +4714,6 @@
 CONFIG_ARCH_MIGHT_HAVE_PC_SERIO=y
 CONFIG_SERIO_I8042=y
 CONFIG_SERIO_SERPORT=m
-CONFIG_SERIO_CT82C710=m
 CONFIG_SERIO_PARKBD=m
 CONFIG_SERIO_PCIPS2=m
 CONFIG_SERIO_LIBPS2=y
@@ -4816,7 +4749,6 @@
 #
 CONFIG_SERIAL_EARLYCON=y
 CONFIG_SERIAL_8250=y
-# CONFIG_SERIAL_8250_DEPRECATED_OPTIONS is not set
 CONFIG_SERIAL_8250_PNP=y
 # CONFIG_SERIAL_8250_16550A_VARIANTS is not set
 CONFIG_SERIAL_8250_FINTEK=y
@@ -4830,19 +4762,20 @@
 CONFIG_SERIAL_8250_NR_UARTS=32
 CONFIG_SERIAL_8250_RUNTIME_UARTS=32
 CONFIG_SERIAL_8250_EXTENDED=y
-CONFIG_SERIAL_8250_MANY_PORTS=y
-CONFIG_SERIAL_8250_PCI1XXXX=m
 CONFIG_SERIAL_8250_SHARE_IRQ=y
 # CONFIG_SERIAL_8250_DETECT_IRQ is not set
 CONFIG_SERIAL_8250_RSA=y
-CONFIG_SERIAL_8250_DWLIB=y
+CONFIG_SERIAL_8250_MANY_PORTS=y
+CONFIG_SERIAL_8250_PCI1XXXX=m
 CONFIG_SERIAL_8250_DFL=m
 CONFIG_SERIAL_8250_DW=m
+# CONFIG_SERIAL_8250_KEBA is not set
 CONFIG_SERIAL_8250_RT288X=y
 CONFIG_SERIAL_8250_LPSS=m
 CONFIG_SERIAL_8250_MID=m
 CONFIG_SERIAL_8250_PERICOM=m
 CONFIG_SERIAL_8250_NI=m
+CONFIG_SERIAL_8250_DWLIB=y
 
 #
 # Non-8250 serial port support
@@ -4914,7 +4847,6 @@
 CONFIG_HW_RANDOM_VIRTIO=m
 CONFIG_HW_RANDOM_XIPHERA=m
 CONFIG_APPLICOM=m
-CONFIG_MWAVE=m
 CONFIG_DEVMEM=y
 CONFIG_NVRAM=y
 CONFIG_DEVPORT=y
@@ -5017,7 +4949,6 @@
 CONFIG_I2C_CBUS_GPIO=m
 CONFIG_I2C_CGBC=m
 CONFIG_I2C_DESIGNWARE_CORE=y
-CONFIG_I2C_DESIGNWARE_SLAVE=y
 CONFIG_I2C_DESIGNWARE_PLATFORM=y
 CONFIG_I2C_DESIGNWARE_AMDISP=m
 CONFIG_I2C_DESIGNWARE_BAYTRAIL=y
@@ -5066,6 +4997,7 @@
 # end of I2C support
 
 # CONFIG_I3C is not set
+CONFIG_I3C_OR_I2C=y
 CONFIG_SPI=y
 # CONFIG_SPI_DEBUG is not set
 CONFIG_SPI_MASTER=y
@@ -5096,8 +5028,8 @@
 CONFIG_SPI_KSPI2=m
 CONFIG_SPI_LM70_LLP=m
 CONFIG_SPI_LJCA=m
-CONFIG_SPI_MICROCHIP_CORE=m
 CONFIG_SPI_MICROCHIP_CORE_QSPI=m
+# CONFIG_SPI_MICROCHIP_CORE_SPI is not set
 # CONFIG_SPI_LANTIQ_SSC is not set
 CONFIG_SPI_OC_TINY=m
 CONFIG_SPI_PCI1XXXX=m
@@ -5172,6 +5104,7 @@
 # DPLL device support
 #
 CONFIG_DPLL=y
+# CONFIG_DPLL_REFCNT_TRACKER is not set
 CONFIG_ZL3073X=m
 CONFIG_ZL3073X_I2C=m
 CONFIG_ZL3073X_SPI=m
@@ -5192,6 +5125,7 @@
 CONFIG_PINCTRL_MCP23S08_I2C=m
 CONFIG_PINCTRL_MCP23S08_SPI=m
 CONFIG_PINCTRL_MCP23S08=m
+# CONFIG_PINCTRL_STMFX is not set
 CONFIG_PINCTRL_SX150X=y
 CONFIG_PINCTRL_UPBOARD=m
 CONFIG_PINCTRL_CS42L43=m
@@ -5252,6 +5186,7 @@
 #
 CONFIG_GPIO_ALTERA=m
 CONFIG_GPIO_AMDPT=m
+# CONFIG_GPIO_BY_PINCTRL is not set
 CONFIG_GPIO_DWAPB=m
 CONFIG_GPIO_EXAR=m
 CONFIG_GPIO_GENERIC_PLATFORM=m
@@ -5261,7 +5196,7 @@
 CONFIG_GPIO_MENZ127=m
 # CONFIG_GPIO_POLARFIRE_SOC is not set
 CONFIG_GPIO_SIOX=m
-CONFIG_GPIO_TANGIER=m
+# CONFIG_GPIO_WCD934X is not set
 CONFIG_GPIO_XILINX=m
 CONFIG_GPIO_AMD_FCH=m
 # end of Memory mapped GPIO drivers
@@ -5273,6 +5208,7 @@
 CONFIG_GPIO_F7188X=m
 CONFIG_GPIO_IT87=m
 CONFIG_GPIO_SCH=m
+# CONFIG_GPIO_NOVALAKE is not set
 CONFIG_GPIO_SCH311X=m
 CONFIG_GPIO_WINBOND=m
 CONFIG_GPIO_WS16C48=m
@@ -5304,7 +5240,6 @@
 CONFIG_GPIO_DA9052=m
 CONFIG_GPIO_DA9055=m
 CONFIG_GPIO_DLN2=m
-CONFIG_GPIO_ELKHARTLAKE=m
 CONFIG_GPIO_JANZ_TTL=m
 CONFIG_GPIO_KEMPLD=m
 CONFIG_GPIO_LJCA=m
@@ -5314,6 +5249,7 @@
 CONFIG_GPIO_MAX7360=m
 CONFIG_GPIO_NCT6694=m
 CONFIG_GPIO_PALMAS=m
+# CONFIG_GPIO_QIXIS_FPGA is not set
 CONFIG_GPIO_RC5T583=y
 CONFIG_GPIO_TPS65086=m
 CONFIG_GPIO_TPS6586X=y
@@ -5374,7 +5310,6 @@
 # CONFIG_GPIO_VIRTUSER is not set
 # end of GPIO Debugging utilities
 
-CONFIG_DEV_SYNC_PROBE=m
 CONFIG_W1=m
 CONFIG_W1_CON=y
 
@@ -5419,6 +5354,7 @@
 CONFIG_POWER_RESET_MT6323=y
 CONFIG_POWER_RESET_RESTART=y
 CONFIG_POWER_RESET_TPS65086=y
+# CONFIG_POWER_RESET_QEMU_VIRT_CTRL is not set
 CONFIG_POWER_SEQUENCING=m
 CONFIG_POWER_SUPPLY=y
 # CONFIG_POWER_SUPPLY_DEBUG is not set
@@ -5440,6 +5376,7 @@
 CONFIG_BATTERY_DS2781=m
 CONFIG_BATTERY_DS2782=m
 # CONFIG_BATTERY_SAMSUNG_SDI is not set
+# CONFIG_BATTERY_S2MU005 is not set
 CONFIG_BATTERY_INTEL_DC_TI=m
 CONFIG_BATTERY_SBS=m
 CONFIG_CHARGER_SBS=m
@@ -5502,6 +5439,7 @@
 CONFIG_CHARGER_RT9455=m
 CONFIG_CHARGER_RT9467=m
 CONFIG_CHARGER_RT9471=m
+# CONFIG_CHARGER_RT9756 is not set
 CONFIG_CHARGER_CROS_USBPD=m
 CONFIG_CHARGER_CROS_PCHG=m
 CONFIG_CHARGER_CROS_CONTROL=m
@@ -5577,6 +5515,7 @@
 CONFIG_SENSORS_GPD=m
 CONFIG_SENSORS_G760A=m
 CONFIG_SENSORS_G762=m
+# CONFIG_SENSORS_GPIO_FAN is not set
 CONFIG_SENSORS_HIH6130=m
 CONFIG_SENSORS_HS3001=m
 CONFIG_SENSORS_HTU31=m
@@ -5590,6 +5529,7 @@
 CONFIG_SENSORS_JC42=m
 CONFIG_SENSORS_POWERZ=m
 CONFIG_SENSORS_POWR1220=m
+# CONFIG_SENSORS_LATTEPANDA_SIGMA_EC is not set
 CONFIG_SENSORS_LENOVO_EC=m
 CONFIG_SENSORS_LINEAGE=m
 CONFIG_SENSORS_LTC2945=m
@@ -5625,6 +5565,7 @@
 CONFIG_SENSORS_MAX77705=m
 CONFIG_SENSORS_MC34VR500=m
 CONFIG_SENSORS_MCP3021=m
+# CONFIG_SENSORS_MCP9982 is not set
 CONFIG_SENSORS_MLXREG_FAN=m
 CONFIG_SENSORS_TC654=m
 CONFIG_SENSORS_TPS23861=m
@@ -5672,11 +5613,13 @@
 CONFIG_SENSORS_ADM1275=m
 CONFIG_SENSORS_ADP1050=m
 CONFIG_SENSORS_ADP1050_REGULATOR=y
+# CONFIG_SENSORS_APS_379 is not set
 CONFIG_SENSORS_BEL_PFE=m
 CONFIG_SENSORS_BPA_RS600=m
 CONFIG_SENSORS_CRPS=m
 CONFIG_SENSORS_DELTA_AHE50DC_FAN=m
 CONFIG_SENSORS_FSP_3Y=m
+# CONFIG_SENSORS_HAC300S is not set
 CONFIG_SENSORS_IBM_CFFPS=m
 CONFIG_SENSORS_DPS920AB=m
 CONFIG_SENSORS_INA233=m
@@ -5699,6 +5642,7 @@
 CONFIG_SENSORS_MAX15301=m
 CONFIG_SENSORS_MAX16064=m
 CONFIG_SENSORS_MAX16601=m
+# CONFIG_SENSORS_MAX17616 is not set
 CONFIG_SENSORS_MAX20730=m
 CONFIG_SENSORS_MAX20751=m
 CONFIG_SENSORS_MAX31785=m
@@ -5708,14 +5652,17 @@
 CONFIG_SENSORS_MP2869=m
 CONFIG_SENSORS_MP2888=m
 CONFIG_SENSORS_MP2891=m
+# CONFIG_SENSORS_MP2925 is not set
 CONFIG_SENSORS_MP29502=m
 CONFIG_SENSORS_MP2975=m
 CONFIG_SENSORS_MP2993=m
 CONFIG_SENSORS_MP2975_REGULATOR=y
 CONFIG_SENSORS_MP5023=m
 CONFIG_SENSORS_MP5920=m
+# CONFIG_SENSORS_MP5926 is not set
 CONFIG_SENSORS_MP5990=m
 CONFIG_SENSORS_MP9941=m
+# CONFIG_SENSORS_MP9945 is not set
 CONFIG_SENSORS_MPQ7932_REGULATOR=y
 CONFIG_SENSORS_MPQ7932=m
 CONFIG_SENSORS_MPQ8785=m
@@ -5725,6 +5672,7 @@
 CONFIG_SENSORS_PM6764TR=m
 CONFIG_SENSORS_PXE1610=m
 CONFIG_SENSORS_Q54SJ108A2=m
+# CONFIG_SENSORS_STEF48H28 is not set
 CONFIG_SENSORS_STPDDC60=m
 CONFIG_SENSORS_TDA38640=m
 CONFIG_SENSORS_TDA38640_REGULATOR=y
@@ -5736,7 +5684,9 @@
 CONFIG_SENSORS_UCD9000=m
 CONFIG_SENSORS_UCD9200=m
 CONFIG_SENSORS_XDP710=m
+# CONFIG_SENSORS_XDP720 is not set
 CONFIG_SENSORS_XDPE152=m
+# CONFIG_SENSORS_XDPE1A2G7B is not set
 CONFIG_SENSORS_XDPE122=m
 CONFIG_SENSORS_XDPE122_REGULATOR=y
 CONFIG_SENSORS_ZL6100=m
@@ -5784,6 +5734,7 @@
 CONFIG_SENSORS_TMP421=m
 CONFIG_SENSORS_TMP464=m
 CONFIG_SENSORS_TMP513=m
+# CONFIG_SENSORS_TSC1641 is not set
 CONFIG_SENSORS_VIA_CPUTEMP=m
 CONFIG_SENSORS_VIA686A=m
 CONFIG_SENSORS_VT1211=m
@@ -5802,6 +5753,7 @@
 CONFIG_SENSORS_WM831X=m
 CONFIG_SENSORS_WM8350=m
 CONFIG_SENSORS_XGENE=m
+# CONFIG_SENSORS_YOGAFAN is not set
 CONFIG_SENSORS_INTEL_M10_BMC_HWMON=m
 
 #
@@ -5923,7 +5875,6 @@
 CONFIG_IE6XX_WDT=m
 CONFIG_INTEL_OC_WATCHDOG=m
 CONFIG_ITCO_WDT=m
-CONFIG_ITCO_VENDOR_SUPPORT=y
 CONFIG_IT8712F_WDT=m
 CONFIG_IT87_WDT=m
 CONFIG_HP_WATCHDOG=m
@@ -6004,6 +5955,7 @@
 CONFIG_MFD_CS42L43=m
 CONFIG_MFD_CS42L43_I2C=m
 CONFIG_MFD_CS42L43_SDW=m
+# CONFIG_MFD_MACSMC_CORE is not set
 CONFIG_MFD_MADERA=m
 CONFIG_MFD_MADERA_I2C=m
 CONFIG_MFD_MADERA_SPI=m
@@ -6043,6 +5995,7 @@
 CONFIG_MFD_88PM800=m
 CONFIG_MFD_88PM805=m
 CONFIG_MFD_88PM860X=y
+# CONFIG_MFD_MAX5970 is not set
 CONFIG_MFD_MAX14577=m
 CONFIG_MFD_MAX77541=m
 CONFIG_MFD_MAX77693=m
@@ -6095,7 +6048,6 @@
 CONFIG_TWL4030_CORE=y
 CONFIG_MFD_TWL4030_AUDIO=y
 CONFIG_TWL6040_CORE=y
-CONFIG_MFD_WL1273_CORE=m
 CONFIG_MFD_LM3533=m
 CONFIG_MFD_TQMX86=m
 CONFIG_MFD_VX855=m
@@ -6148,7 +6100,6 @@
 CONFIG_REGULATOR_BCM590XX=m
 CONFIG_REGULATOR_BD9571MWV=m
 CONFIG_REGULATOR_BQ257XX=m
-CONFIG_REGULATOR_DA903X=m
 CONFIG_REGULATOR_DA9052=m
 CONFIG_REGULATOR_DA9055=m
 CONFIG_REGULATOR_DA9062=m
@@ -6158,6 +6109,7 @@
 CONFIG_REGULATOR_GPIO=m
 CONFIG_REGULATOR_ISL9305=m
 CONFIG_REGULATOR_ISL6271A=m
+# CONFIG_REGULATOR_FP9931 is not set
 CONFIG_REGULATOR_LM363X=m
 CONFIG_REGULATOR_LP3971=m
 CONFIG_REGULATOR_LP3972=m
@@ -6220,6 +6172,7 @@
 CONFIG_REGULATOR_RT6160=m
 CONFIG_REGULATOR_RT6190=m
 CONFIG_REGULATOR_RT6245=m
+# CONFIG_REGULATOR_RT8092 is not set
 CONFIG_REGULATOR_RTQ2134=m
 CONFIG_REGULATOR_RTMV20=m
 CONFIG_REGULATOR_RTQ6752=m
@@ -6235,6 +6188,7 @@
 CONFIG_REGULATOR_TPS65086=m
 CONFIG_REGULATOR_TPS65090=m
 CONFIG_REGULATOR_TPS65132=m
+# CONFIG_REGULATOR_TPS65185 is not set
 CONFIG_REGULATOR_TPS6524X=m
 CONFIG_REGULATOR_TPS6586X=m
 CONFIG_REGULATOR_TPS65910=m
@@ -6618,6 +6572,7 @@
 #
 # Allegro DVT media platform drivers
 #
+# CONFIG_VIDEO_AMD_ISP4_CAPTURE is not set
 
 #
 # Amlogic media platform drivers
@@ -6628,6 +6583,10 @@
 #
 
 #
+# ARM media platform drivers
+#
+
+#
 # Aspeed media platform drivers
 #
 
@@ -6791,6 +6750,7 @@
 CONFIG_VIDEO_HI556=m
 CONFIG_VIDEO_HI846=m
 CONFIG_VIDEO_HI847=m
+# CONFIG_VIDEO_IMX111 is not set
 CONFIG_VIDEO_IMX208=m
 CONFIG_VIDEO_IMX214=m
 CONFIG_VIDEO_IMX219=m
@@ -6811,6 +6771,7 @@
 CONFIG_VIDEO_MT9V111=m
 CONFIG_VIDEO_OG01A1B=m
 CONFIG_VIDEO_OG0VE1B=m
+# CONFIG_VIDEO_OS05B10 is not set
 CONFIG_VIDEO_OV01A10=m
 CONFIG_VIDEO_OV02A10=m
 CONFIG_VIDEO_OV02E10=m
@@ -6849,8 +6810,11 @@
 CONFIG_VIDEO_RDACM21=m
 CONFIG_VIDEO_RJ54N1=m
 CONFIG_VIDEO_S5C73M3=m
+# CONFIG_VIDEO_S5K3M5 is not set
 CONFIG_VIDEO_S5K5BAF=m
 CONFIG_VIDEO_S5K6A3=m
+# CONFIG_VIDEO_S5KJN1 is not set
+# CONFIG_VIDEO_T4KA3 is not set
 CONFIG_VIDEO_VD55G1=m
 CONFIG_VIDEO_VD56G3=m
 CONFIG_VIDEO_CCS=m
@@ -7150,7 +7114,7 @@
 CONFIG_AGP_VIA=m
 CONFIG_INTEL_GTT=m
 CONFIG_VGA_SWITCHEROO=y
-# CONFIG_NOVA_CORE is not set
+CONFIG_GPU_BUDDY=y
 CONFIG_DRM=y
 
 #
@@ -7168,6 +7132,7 @@
 CONFIG_DRM_PANIC_BACKGROUND_COLOR=0x0000aa
 # CONFIG_DRM_PANIC_DEBUG is not set
 CONFIG_DRM_PANIC_SCREEN="kmsg"
+# CONFIG_DRM_RAS is not set
 CONFIG_DRM_CLIENT=y
 CONFIG_DRM_CLIENT_LIB=y
 CONFIG_DRM_CLIENT_SELECTION=y
@@ -7205,21 +7170,8 @@
 CONFIG_DRM_GEM_SHMEM_HELPER=y
 CONFIG_DRM_SUBALLOC_HELPER=m
 CONFIG_DRM_SCHED=m
-
-#
-# Drivers for system framebuffers
-#
-CONFIG_DRM_SYSFB_HELPER=y
-CONFIG_DRM_SIMPLEDRM=y
-# end of Drivers for system framebuffers
-
-#
-# ARM devices
-#
-# end of ARM devices
-
-CONFIG_DRM_RADEON=m
-CONFIG_DRM_RADEON_USERPTR=y
+CONFIG_DRM_PANEL_BACKLIGHT_QUIRKS=m
+CONFIG_DRM_PRIVACY_SCREEN=y
 CONFIG_DRM_AMDGPU=m
 CONFIG_DRM_AMDGPU_SI=y
 CONFIG_DRM_AMDGPU_CIK=y
@@ -7244,16 +7196,30 @@
 
 CONFIG_HSA_AMD=y
 CONFIG_HSA_AMD_SVM=y
-CONFIG_DRM_NOUVEAU=m
-CONFIG_NOUVEAU_DEBUG=5
-CONFIG_NOUVEAU_DEBUG_DEFAULT=3
-# CONFIG_NOUVEAU_DEBUG_MMU is not set
-# CONFIG_NOUVEAU_DEBUG_PUSH is not set
-CONFIG_DRM_NOUVEAU_BACKLIGHT=y
-CONFIG_DRM_NOUVEAU_SVM=y
-CONFIG_DRM_NOUVEAU_CH7006=m
-CONFIG_DRM_NOUVEAU_SIL164=m
-# CONFIG_DRM_NOVA is not set
+# CONFIG_HSA_AMD_P2P is not set
+
+#
+# ARM devices
+#
+# end of ARM devices
+
+CONFIG_DRM_AST=m
+CONFIG_DRM_BRIDGE=y
+CONFIG_DRM_PANEL_BRIDGE=y
+
+#
+# Display Interface Bridges
+#
+CONFIG_DRM_I2C_NXP_TDA998X=m
+CONFIG_DRM_ANALOGIX_ANX78XX=m
+CONFIG_DRM_ANALOGIX_DP=m
+# end of Display Interface Bridges
+
+# CONFIG_DRM_ETNAVIV is not set
+CONFIG_DRM_GMA500=m
+CONFIG_DRM_GUD=m
+CONFIG_DRM_HISI_HIBMC=m
+CONFIG_DRM_HYPERV=m
 CONFIG_DRM_I915=m
 CONFIG_DRM_I915_FORCE_PROBE="*"
 CONFIG_DRM_I915_CAPTURE_ERROR=y
@@ -7272,31 +7238,16 @@
 CONFIG_DRM_I915_STOP_TIMEOUT=100
 CONFIG_DRM_I915_TIMESLICE_DURATION=1
 CONFIG_DRM_I915_GVT=y
-CONFIG_DRM_XE=m
-CONFIG_DRM_XE_DISPLAY=y
-CONFIG_DRM_XE_DP_TUNNEL=y
-CONFIG_DRM_XE_GPUSVM=y
-CONFIG_DRM_XE_PAGEMAP=y
-CONFIG_DRM_XE_FORCE_PROBE=""
-CONFIG_DRM_XE_JOB_TIMEOUT_MAX=10000
-CONFIG_DRM_XE_JOB_TIMEOUT_MIN=1
-CONFIG_DRM_XE_TIMESLICE_MAX=10000000
-CONFIG_DRM_XE_TIMESLICE_MIN=1
-CONFIG_DRM_XE_PREEMPT_TIMEOUT=640000
-CONFIG_DRM_XE_PREEMPT_TIMEOUT_MAX=10000000
-CONFIG_DRM_XE_PREEMPT_TIMEOUT_MIN=1
-CONFIG_DRM_XE_ENABLE_SCHEDTIMEOUT_LIMIT=y
-CONFIG_DRM_VGEM=m
-CONFIG_DRM_VKMS=m
-CONFIG_DRM_VMWGFX=m
-CONFIG_DRM_VMWGFX_MKSSTATS=y
-CONFIG_DRM_GMA500=m
-CONFIG_DRM_UDL=m
-CONFIG_DRM_AST=m
 CONFIG_DRM_MGAG200=m
-CONFIG_DRM_QXL=m
-CONFIG_DRM_VIRTIO_GPU=m
-CONFIG_DRM_VIRTIO_GPU_KMS=y
+CONFIG_DRM_NOUVEAU=m
+CONFIG_NOUVEAU_DEBUG=5
+CONFIG_NOUVEAU_DEBUG_DEFAULT=3
+# CONFIG_NOUVEAU_DEBUG_MMU is not set
+# CONFIG_NOUVEAU_DEBUG_PUSH is not set
+CONFIG_DRM_NOUVEAU_BACKLIGHT=y
+CONFIG_DRM_NOUVEAU_SVM=y
+CONFIG_DRM_NOUVEAU_CH7006=m
+CONFIG_DRM_NOUVEAU_SIL164=m
 CONFIG_DRM_PANEL=y
 
 #
@@ -7309,19 +7260,25 @@
 CONFIG_DRM_PANEL_WIDECHIPS_WS2401=m
 # end of Display Panels
 
-CONFIG_DRM_BRIDGE=y
-CONFIG_DRM_PANEL_BRIDGE=y
+CONFIG_DRM_QXL=m
+CONFIG_DRM_RADEON=m
+CONFIG_DRM_RADEON_USERPTR=y
+# CONFIG_DRM_ST7571 is not set
+CONFIG_DRM_ST7586=m
+CONFIG_DRM_ST7735R=m
+# CONFIG_DRM_ST7920 is not set
+CONFIG_DRM_SSD130X=m
+CONFIG_DRM_SSD130X_I2C=m
+CONFIG_DRM_SSD130X_SPI=m
 
 #
-# Display Interface Bridges
+# Drivers for system framebuffers
 #
-CONFIG_DRM_I2C_NXP_TDA998X=m
-CONFIG_DRM_ANALOGIX_ANX78XX=m
-CONFIG_DRM_ANALOGIX_DP=m
-# end of Display Interface Bridges
+CONFIG_DRM_SYSFB_HELPER=y
+# CONFIG_DRM_COREBOOTDRM is not set
+CONFIG_DRM_SIMPLEDRM=y
+# end of Drivers for system framebuffers
 
-# CONFIG_DRM_ETNAVIV is not set
-CONFIG_DRM_HISI_HIBMC=m
 CONFIG_DRM_APPLETBDRM=m
 CONFIG_DRM_BOCHS=m
 CONFIG_DRM_CIRRUS_QEMU=m
@@ -7336,19 +7293,30 @@
 CONFIG_TINYDRM_MI0283QT=m
 CONFIG_TINYDRM_REPAPER=m
 CONFIG_TINYDRM_SHARP_MEMORY=m
+CONFIG_DRM_UDL=m
+CONFIG_DRM_VBOXVIDEO=m
+CONFIG_DRM_VGEM=m
+CONFIG_DRM_VIRTIO_GPU=m
+CONFIG_DRM_VIRTIO_GPU_KMS=y
+CONFIG_DRM_VKMS=m
+CONFIG_DRM_VMWGFX=m
+CONFIG_DRM_VMWGFX_MKSSTATS=y
+CONFIG_DRM_XE=m
+CONFIG_DRM_XE_DISPLAY=y
+CONFIG_DRM_XE_DP_TUNNEL=y
+CONFIG_DRM_XE_GPUSVM=y
+CONFIG_DRM_XE_PAGEMAP=y
+CONFIG_DRM_XE_FORCE_PROBE=""
+CONFIG_DRM_XE_JOB_TIMEOUT_MAX=10000
+CONFIG_DRM_XE_JOB_TIMEOUT_MIN=1
+CONFIG_DRM_XE_TIMESLICE_MAX=10000000
+CONFIG_DRM_XE_TIMESLICE_MIN=1
+CONFIG_DRM_XE_PREEMPT_TIMEOUT=640000
+CONFIG_DRM_XE_PREEMPT_TIMEOUT_MAX=10000000
+CONFIG_DRM_XE_PREEMPT_TIMEOUT_MIN=1
+CONFIG_DRM_XE_ENABLE_SCHEDTIMEOUT_LIMIT=y
 CONFIG_DRM_XEN=y
 CONFIG_DRM_XEN_FRONTEND=m
-CONFIG_DRM_VBOXVIDEO=m
-CONFIG_DRM_GUD=m
-CONFIG_DRM_ST7571_I2C=m
-CONFIG_DRM_ST7586=m
-CONFIG_DRM_ST7735R=m
-CONFIG_DRM_SSD130X=m
-CONFIG_DRM_SSD130X_I2C=m
-CONFIG_DRM_SSD130X_SPI=m
-CONFIG_DRM_HYPERV=m
-CONFIG_DRM_PANEL_BACKLIGHT_QUIRKS=m
-CONFIG_DRM_PRIVACY_SCREEN=y
 CONFIG_DRM_PANEL_ORIENTATION_QUIRKS=y
 
 #
@@ -7372,11 +7340,9 @@
 # CONFIG_FB_NVIDIA is not set
 # CONFIG_FB_RIVA is not set
 # CONFIG_FB_I740 is not set
-# CONFIG_FB_MATROX is not set
 # CONFIG_FB_RADEON is not set
 # CONFIG_FB_ATY128 is not set
 # CONFIG_FB_ATY is not set
-# CONFIG_FB_S3 is not set
 # CONFIG_FB_SAVAGE is not set
 # CONFIG_FB_SIS is not set
 # CONFIG_FB_VIA is not set
@@ -7384,9 +7350,7 @@
 # CONFIG_FB_KYRO is not set
 # CONFIG_FB_3DFX is not set
 # CONFIG_FB_VOODOO1 is not set
-# CONFIG_FB_VT8623 is not set
 # CONFIG_FB_TRIDENT is not set
-# CONFIG_FB_ARK is not set
 # CONFIG_FB_PM3 is not set
 # CONFIG_FB_CARMINE is not set
 # CONFIG_FB_SM501 is not set
@@ -7397,7 +7361,6 @@
 CONFIG_XEN_FBDEV_FRONTEND=m
 # CONFIG_FB_METRONOME is not set
 # CONFIG_FB_MB862XX is not set
-# CONFIG_FB_HYPERV is not set
 # CONFIG_FB_SSD1307 is not set
 # CONFIG_FB_SM712 is not set
 CONFIG_FB_CORE=y
@@ -7418,7 +7381,6 @@
 CONFIG_FB_IOMEM_HELPERS=y
 CONFIG_FB_SYSMEM_HELPERS=y
 CONFIG_FB_SYSMEM_HELPERS_DEFERRED=y
-# CONFIG_FB_MODE_HELPERS is not set
 # CONFIG_FB_TILEBLITTING is not set
 # end of Frame buffer Devices
 
@@ -7439,11 +7401,13 @@
 CONFIG_LCD_HX8357=m
 CONFIG_LCD_OTM3225A=m
 CONFIG_BACKLIGHT_CLASS_DEVICE=y
+# CONFIG_BACKLIGHT_AW99706 is not set
 CONFIG_BACKLIGHT_KTD253=m
 CONFIG_BACKLIGHT_KTD2801=m
 CONFIG_BACKLIGHT_KTZ8866=m
 CONFIG_BACKLIGHT_LM3533=m
 CONFIG_BACKLIGHT_PWM=m
+# CONFIG_BACKLIGHT_CGBC is not set
 CONFIG_BACKLIGHT_DA903X=m
 CONFIG_BACKLIGHT_DA9052=m
 CONFIG_BACKLIGHT_MAX8925=m
@@ -7705,9 +7669,18 @@
 CONFIG_SND_HDA_SCODEC_CS35L56=m
 CONFIG_SND_HDA_SCODEC_CS35L56_I2C=m
 CONFIG_SND_HDA_SCODEC_CS35L56_SPI=m
+
+#
+# CS35L56 driver options
+#
+# CONFIG_SND_HDA_SCODEC_CS35L56_CAL_DEBUGFS is not set
+# end of CS35L56 driver options
+
 CONFIG_SND_HDA_SCODEC_TAS2781=m
 CONFIG_SND_HDA_SCODEC_TAS2781_I2C=m
 CONFIG_SND_HDA_SCODEC_TAS2781_SPI=m
+# CONFIG_SND_HDA_SCODEC_MAX98390_I2C is not set
+# CONFIG_SND_HDA_SCODEC_AW88399_I2C is not set
 CONFIG_SND_HDA_CORE=m
 CONFIG_SND_HDA_DSP_LOADER=y
 CONFIG_SND_HDA_COMPONENT=y
@@ -7786,6 +7759,7 @@
 CONFIG_SND_AMD_ACP_CONFIG=m
 CONFIG_SND_SOC_AMD_ACP_COMMON=m
 CONFIG_SND_SOC_ACPI_AMD_MATCH=m
+CONFIG_SND_SOC_ACPI_AMD_SDCA_QUIRKS=m
 CONFIG_SND_SOC_AMD_ACP_PDM=m
 CONFIG_SND_SOC_AMD_ACP_LEGACY_COMMON=m
 CONFIG_SND_SOC_AMD_ACP_I2S=m
@@ -7803,7 +7777,6 @@
 CONFIG_SND_SOC_AMD_SOF_SDW_MACH=m
 CONFIG_SND_SOC_AMD_LEGACY_SDW_MACH=m
 CONFIG_SND_AMD_SOUNDWIRE_ACPI=m
-CONFIG_SND_SOC_AMD_RPL_ACP6x=m
 CONFIG_SND_SOC_AMD_ACP63_TOPLEVEL=m
 CONFIG_SND_SOC_AMD_SOUNDWIRE_LINK_BASELINE=m
 CONFIG_SND_SOC_AMD_SOUNDWIRE=m
@@ -7938,6 +7911,7 @@
 CONFIG_SND_SOC_INTEL_SOF_REALTEK_COMMON=m
 CONFIG_SND_SOC_INTEL_SOF_CIRRUS_COMMON=m
 CONFIG_SND_SOC_INTEL_SOF_NUVOTON_COMMON=m
+CONFIG_SND_SOC_INTEL_SOF_TI_COMMON=m
 CONFIG_SND_SOC_INTEL_SOF_BOARD_HELPERS=m
 CONFIG_SND_SOC_INTEL_HASWELL_MACH=m
 CONFIG_SND_SOC_INTEL_BDW_RT5650_MACH=m
@@ -7988,7 +7962,9 @@
 CONFIG_SND_SOC_SDCA=m
 CONFIG_SND_SOC_SDCA_HID=y
 CONFIG_SND_SOC_SDCA_IRQ=y
+CONFIG_SND_SOC_SDCA_FDL=y
 CONFIG_SND_SOC_SDCA_OPTIONAL=m
+# CONFIG_SND_SOC_SDCA_CLASS is not set
 # end of SoundWire (SDCA)
 
 #
@@ -8075,6 +8051,8 @@
 CONFIG_SND_SOC_SOF_LUNARLAKE=m
 CONFIG_SND_SOC_SOF_INTEL_PTL=m
 CONFIG_SND_SOC_SOF_PANTHERLAKE=m
+CONFIG_SND_SOC_SOF_INTEL_NVL=m
+CONFIG_SND_SOC_SOF_NOVALAKE=m
 CONFIG_SND_SOC_SOF_HDA_COMMON=m
 CONFIG_SND_SOC_SOF_HDA_GENERIC=m
 CONFIG_SND_SOC_SOF_HDA_MLINK=m
@@ -8151,6 +8129,15 @@
 CONFIG_SND_SOC_CS35L56_I2C=m
 CONFIG_SND_SOC_CS35L56_SPI=m
 CONFIG_SND_SOC_CS35L56_SDW=m
+
+#
+# CS35L56 driver options
+#
+# CONFIG_SND_SOC_CS35L56_CAL_DEBUGFS is not set
+# CONFIG_SND_SOC_CS35L56_CAL_SET_CTRL is not set
+# CONFIG_SND_SOC_CS35L56_CAL_PERFORM_CTRL is not set
+# end of CS35L56 driver options
+
 CONFIG_SND_SOC_CS40L50=m
 CONFIG_SND_SOC_CS42L42_CORE=m
 CONFIG_SND_SOC_CS42L42=m
@@ -8179,6 +8166,7 @@
 CONFIG_SND_SOC_CS53L30=m
 CONFIG_SND_SOC_CS530X=m
 CONFIG_SND_SOC_CS530X_I2C=m
+# CONFIG_SND_SOC_CS530X_SPI is not set
 CONFIG_SND_SOC_CX2072X=m
 CONFIG_SND_SOC_DA7213=m
 CONFIG_SND_SOC_DA7219=m
@@ -8260,6 +8248,7 @@
 CONFIG_SND_SOC_RT1318_SDW=m
 CONFIG_SND_SOC_RT1320_SDW=m
 CONFIG_SND_SOC_RT5514=m
+# CONFIG_SND_SOC_RT5575 is not set
 CONFIG_SND_SOC_RT5616=m
 CONFIG_SND_SOC_RT5631=m
 CONFIG_SND_SOC_RT5640=m
@@ -8349,6 +8338,7 @@
 CONFIG_SND_SOC_TSCS454=m
 CONFIG_SND_SOC_UDA1334=m
 CONFIG_SND_SOC_UDA1342=m
+# CONFIG_SND_SOC_UDA1380 is not set
 CONFIG_SND_SOC_WCD_CLASSH=m
 CONFIG_SND_SOC_WCD_COMMON=m
 CONFIG_SND_SOC_WCD9335=m
@@ -8453,7 +8443,6 @@
 CONFIG_HID_APPLETB_BL=m
 CONFIG_HID_APPLETB_KBD=m
 CONFIG_HID_ASUS=m
-CONFIG_HID_ASUS_ALLY=m
 CONFIG_HID_AUREAL=m
 CONFIG_HID_BELKIN=m
 CONFIG_HID_BETOP_FF=m
@@ -8505,6 +8494,8 @@
 CONFIG_HID_LCPOWER=m
 CONFIG_HID_LED=m
 CONFIG_HID_LENOVO=m
+# CONFIG_HID_LENOVO_GO is not set
+# CONFIG_HID_LENOVO_GO_S is not set
 CONFIG_HID_LETSKETCH=m
 CONFIG_HID_LOGITECH=m
 CONFIG_HID_LOGITECH_DJ=m
@@ -8542,6 +8533,7 @@
 CONFIG_HID_PLAYSTATION=m
 CONFIG_PLAYSTATION_FF=y
 CONFIG_HID_PXRC=m
+# CONFIG_HID_RAPOO is not set
 CONFIG_HID_RAZER=m
 CONFIG_HID_PRIMAX=m
 CONFIG_HID_RETRODE=m
@@ -8557,6 +8549,7 @@
 CONFIG_STEAM_FF=y
 CONFIG_HID_STEELSERIES=m
 CONFIG_HID_SUNPLUS=m
+CONFIG_HID_SURFACE=m
 CONFIG_HID_RMI=m
 CONFIG_HID_GREENASIA=m
 CONFIG_GREENASIA_FF=y
@@ -8584,6 +8577,7 @@
 CONFIG_HID_ALPS=m
 CONFIG_HID_MCP2200=m
 CONFIG_HID_MCP2221=m
+# CONFIG_HID_HUAWEI is not set
 # end of Special HID drivers
 
 #
@@ -8627,6 +8621,9 @@
 CONFIG_INTEL_QUICKI2C=m
 # end of Intel THC HID Support
 
+CONFIG_HID_IPTS=m
+CONFIG_HID_ITHC=m
+
 #
 # USB HID support
 #
@@ -8775,6 +8772,7 @@
 #
 CONFIG_USB_DWC3_PCI=m
 CONFIG_USB_DWC3_HAPS=m
+# CONFIG_USB_DWC3_GOOGLE is not set
 CONFIG_USB_DWC2=m
 # CONFIG_USB_DWC2_HOST is not set
 
@@ -9136,6 +9134,7 @@
 #
 CONFIG_LEDS_88PM860X=m
 CONFIG_LEDS_APU=m
+# CONFIG_LEDS_OSRAM_AMS_AS3668 is not set
 CONFIG_LEDS_AW200XX=m
 CONFIG_LEDS_CHT_WCOVE=m
 CONFIG_LEDS_CROS_EC=m
@@ -9191,6 +9190,7 @@
 CONFIG_LEDS_TI_LMU_COMMON=m
 CONFIG_LEDS_LM36274=m
 CONFIG_LEDS_TPS6105X=m
+CONFIG_LEDS_TPS68470=m
 
 #
 # Flash and Torch LED drivers
@@ -9205,6 +9205,7 @@
 # RGB LED drivers
 #
 CONFIG_LEDS_KTD202X=m
+# CONFIG_LEDS_LP5812 is not set
 CONFIG_LEDS_PWM_MULTICOLOR=m
 CONFIG_LEDS_MT6370_RGB=m
 
@@ -9270,6 +9271,7 @@
 CONFIG_INFINIBAND_ADDR_TRANS_CONFIGFS=y
 CONFIG_INFINIBAND_VIRT_DMA=y
 CONFIG_INFINIBAND_BNXT_RE=m
+# CONFIG_INFINIBAND_BNG_RE is not set
 CONFIG_INFINIBAND_CXGB4=m
 CONFIG_INFINIBAND_EFA=m
 CONFIG_INFINIBAND_ERDMA=m
@@ -9301,11 +9303,9 @@
 CONFIG_INFINIBAND_RTRS=m
 CONFIG_INFINIBAND_RTRS_CLIENT=m
 CONFIG_INFINIBAND_RTRS_SERVER=m
-CONFIG_INFINIBAND_OPA_VNIC=m
 CONFIG_EDAC_ATOMIC_SCRUB=y
 CONFIG_EDAC_SUPPORT=y
 CONFIG_EDAC=y
-CONFIG_EDAC_LEGACY_SYSFS=y
 # CONFIG_EDAC_DEBUG is not set
 CONFIG_EDAC_DECODE_MCE=y
 CONFIG_EDAC_GHES=y
@@ -9326,6 +9326,7 @@
 CONFIG_EDAC_SBRIDGE=m
 CONFIG_EDAC_SKX=m
 CONFIG_EDAC_I10NM=m
+# CONFIG_EDAC_IMH is not set
 CONFIG_EDAC_PND2=m
 CONFIG_EDAC_IGEN6=m
 CONFIG_RTC_LIB=y
@@ -9454,6 +9455,7 @@
 CONFIG_RTC_DRV_WM831X=m
 CONFIG_RTC_DRV_WM8350=m
 CONFIG_RTC_DRV_CROS_EC=m
+CONFIG_RTC_DRV_SURFACE=m
 
 #
 # on-CPU RTC drivers
@@ -9487,6 +9489,7 @@
 CONFIG_INTEL_IDXD_PERFMON=y
 CONFIG_INTEL_IOATDMA=m
 CONFIG_PLX_DMA=m
+# CONFIG_SWITCHTEC_DMA is not set
 CONFIG_XILINX_DMA=m
 CONFIG_XILINX_XDMA=m
 CONFIG_AMD_AE4DMA=m
@@ -9516,14 +9519,11 @@
 CONFIG_SYNC_FILE=y
 # CONFIG_SW_SYNC is not set
 CONFIG_UDMABUF=y
-# CONFIG_DMABUF_MOVE_NOTIFY is not set
 # CONFIG_DMABUF_DEBUG is not set
 # CONFIG_DMABUF_SELFTESTS is not set
 CONFIG_DMABUF_HEAPS=y
-CONFIG_DMABUF_SYSFS_STATS=y
 CONFIG_DMABUF_HEAPS_SYSTEM=y
 CONFIG_DMABUF_HEAPS_CMA=y
-CONFIG_DMABUF_HEAPS_CMA_LEGACY=y
 # end of DMABUF options
 
 CONFIG_DCA=m
@@ -9538,6 +9538,7 @@
 CONFIG_UIO_MF624=m
 CONFIG_UIO_HV_GENERIC=m
 CONFIG_UIO_DFL=m
+# CONFIG_UIO_PCI_GENERIC_SVA is not set
 CONFIG_VFIO=m
 CONFIG_VFIO_DEVICE_CDEV=y
 CONFIG_VFIO_GROUP=y
@@ -9555,11 +9556,13 @@
 CONFIG_VFIO_PCI=m
 CONFIG_VFIO_PCI_VGA=y
 CONFIG_VFIO_PCI_IGD=y
+CONFIG_VFIO_PCI_DMABUF=y
 CONFIG_MLX5_VFIO_PCI=m
 CONFIG_PDS_VFIO_PCI=m
 CONFIG_VIRTIO_VFIO_PCI=m
 CONFIG_VIRTIO_VFIO_PCI_ADMIN_LEGACY=y
 CONFIG_QAT_VFIO_PCI=m
+# CONFIG_XE_VFIO_PCI is not set
 # end of VFIO support for PCI devices
 
 CONFIG_VFIO_MDEV=m
@@ -9575,6 +9578,7 @@
 CONFIG_TSM_GUEST=y
 CONFIG_TSM_REPORTS=m
 CONFIG_TSM_MEASUREMENTS=y
+CONFIG_TSM=y
 CONFIG_VIRTIO_ANCHOR=y
 CONFIG_VIRTIO=y
 CONFIG_VIRTIO_PCI_LIB=y
@@ -9675,6 +9679,19 @@
 
 # CONFIG_GREYBUS is not set
 # CONFIG_COMEDI is not set
+CONFIG_GPIB=m
+CONFIG_GPIB_COMMON=m
+CONFIG_GPIB_AGILENT_82350B=m
+CONFIG_GPIB_AGILENT_82357A=m
+CONFIG_GPIB_CEC_PCI=m
+CONFIG_GPIB_NI_PCI_ISA=m
+CONFIG_GPIB_CB7210=m
+CONFIG_GPIB_NI_USB=m
+CONFIG_GPIB_INES=m
+CONFIG_GPIB_PCMCIA=y
+CONFIG_GPIB_LPVO=m
+CONFIG_GPIB_TMS9914=m
+CONFIG_GPIB_NEC7210=m
 CONFIG_STAGING=y
 CONFIG_RTL8723BS=m
 
@@ -9725,30 +9742,12 @@
 CONFIG_DVB_SP8870=m
 CONFIG_VIDEO_IPU3_IMGU=m
 CONFIG_VIDEO_INTEL_IPU7=m
-
-#
-# StarFive media platform drivers
-#
 # CONFIG_STAGING_MEDIA_DEPRECATED is not set
 # CONFIG_FB_TFT is not set
 CONFIG_MOST_COMPONENTS=m
 CONFIG_MOST_NET=m
 CONFIG_MOST_VIDEO=m
-CONFIG_MOST_I2C=m
 # CONFIG_VME_BUS is not set
-CONFIG_GPIB=m
-CONFIG_GPIB_COMMON=m
-CONFIG_GPIB_AGILENT_82350B=m
-CONFIG_GPIB_AGILENT_82357A=m
-CONFIG_GPIB_CEC_PCI=m
-CONFIG_GPIB_NI_PCI_ISA=m
-CONFIG_GPIB_CB7210=m
-CONFIG_GPIB_NI_USB=m
-CONFIG_GPIB_INES=m
-CONFIG_GPIB_PCMCIA=y
-CONFIG_GPIB_LPVO=m
-CONFIG_GPIB_TMS9914=m
-CONFIG_GPIB_NEC7210=m
 CONFIG_APPLE_BCE=m
 # CONFIG_GOLDFISH is not set
 CONFIG_CHROME_PLATFORMS=y
@@ -9795,6 +9794,7 @@
 CONFIG_SURFACE_AGGREGATOR_HUB=m
 CONFIG_SURFACE_AGGREGATOR_REGISTRY=m
 CONFIG_SURFACE_AGGREGATOR_TABLET_SWITCH=m
+CONFIG_SURFACE_BOOK1_DGPU_SWITCH=m
 CONFIG_SURFACE_DTX=m
 CONFIG_SURFACE_GPE=m
 CONFIG_SURFACE_HOTPLUG=m
@@ -9804,15 +9804,15 @@
 CONFIG_SURFACE_AGGREGATOR_BUS=y
 # CONFIG_SURFACE_AGGREGATOR_ERROR_INJECTION is not set
 CONFIG_X86_PLATFORM_DEVICES=y
-CONFIG_ACPI_WMI=m
-# CONFIG_ACPI_WMI_LEGACY_DEVICE_NAMES is not set
 CONFIG_WMI_BMOF=m
 CONFIG_HUAWEI_WMI=m
+# CONFIG_X86_PLATFORM_DRIVERS_UNIWILL is not set
 CONFIG_MXM_WMI=m
 CONFIG_NVIDIA_WMI_EC_BACKLIGHT=m
 CONFIG_XIAOMI_WMI=m
 CONFIG_REDMI_WMI=m
 CONFIG_GIGABYTE_WMI=m
+# CONFIG_BITLAND_MIFS_WMI is not set
 CONFIG_ACERHDF=m
 CONFIG_ACER_WIRELESS=m
 CONFIG_ACER_WMI=m
@@ -9842,6 +9842,7 @@
 CONFIG_ASUS_WMI_DEPRECATED_ATTRS=y
 CONFIG_ASUS_NB_WMI=m
 CONFIG_ASUS_TF103C_DOCK=m
+# CONFIG_AYANEO_EC is not set
 CONFIG_MERAKI_MX100=m
 CONFIG_EEEPC_LAPTOP=m
 CONFIG_EEEPC_WMI=m
@@ -9911,6 +9912,7 @@
 
 CONFIG_INTEL_HID_EVENT=m
 CONFIG_INTEL_VBTN=m
+# CONFIG_INTEL_EHL_PSE_IO is not set
 CONFIG_INTEL_INT0002_VGPIO=m
 CONFIG_INTEL_OAKTRAIL=m
 CONFIG_INTEL_BXTWC_PMIC_TMU=m
@@ -9942,7 +9944,7 @@
 CONFIG_THINKPAD_LMI=m
 CONFIG_YOGABOOK=m
 CONFIG_YT2_1380=m
-CONFIG_LENOVO_WMI_DATA01=m
+CONFIG_LENOVO_WMI_CAPDATA=m
 CONFIG_LENOVO_WMI_EVENTS=m
 CONFIG_LENOVO_WMI_HELPERS=m
 CONFIG_LENOVO_WMI_GAMEZONE=m
@@ -9994,6 +9996,8 @@
 CONFIG_OXP_EC=m
 CONFIG_TUXEDO_NB04_WMI_AB=m
 CONFIG_P2SB=y
+CONFIG_ACPI_WMI=m
+# CONFIG_ACPI_WMI_LEGACY_DEVICE_NAMES is not set
 CONFIG_HAVE_CLK=y
 CONFIG_HAVE_CLK_PREPARE=y
 CONFIG_COMMON_CLK=y
@@ -10032,7 +10036,6 @@
 #
 # Generic IOMMU Pagetable Support
 #
-CONFIG_IOMMU_IO_PGTABLE=y
 # end of Generic IOMMU Pagetable Support
 
 # CONFIG_IOMMU_DEBUGFS is not set
@@ -10043,6 +10046,7 @@
 CONFIG_IOMMU_SVA=y
 CONFIG_IOMMU_IOPF=y
 CONFIG_AMD_IOMMU=y
+# CONFIG_AMD_IOMMU_IOMMUFD is not set
 CONFIG_DMAR_TABLE=y
 CONFIG_INTEL_IOMMU=y
 CONFIG_INTEL_IOMMU_SVM=y
@@ -10055,6 +10059,13 @@
 CONFIG_IRQ_REMAP=y
 CONFIG_HYPERV_IOMMU=y
 CONFIG_VIRTIO_IOMMU=m
+CONFIG_GENERIC_PT=y
+# CONFIG_DEBUG_GENERIC_PT is not set
+CONFIG_IOMMU_PT=y
+CONFIG_IOMMU_PT_AMDV1=y
+CONFIG_IOMMU_PT_VTDSS=y
+# CONFIG_IOMMU_PT_RISCV64 is not set
+CONFIG_IOMMU_PT_X86_64=y
 
 #
 # Remoteproc drivers
@@ -10231,6 +10242,8 @@
 CONFIG_ADXL313=m
 CONFIG_ADXL313_I2C=m
 CONFIG_ADXL313_SPI=m
+# CONFIG_ADXL345_I2C is not set
+# CONFIG_ADXL345_SPI is not set
 CONFIG_ADXL355=m
 CONFIG_ADXL355_I2C=m
 CONFIG_ADXL355_SPI=m
@@ -10244,6 +10257,8 @@
 CONFIG_ADXL380_SPI=m
 CONFIG_ADXL380_I2C=m
 CONFIG_BMA220=m
+CONFIG_BMA220_I2C=m
+CONFIG_BMA220_SPI=m
 CONFIG_BMA400=m
 CONFIG_BMA400_I2C=m
 CONFIG_BMA400_SPI=m
@@ -10300,6 +10315,7 @@
 CONFIG_AD4030=m
 CONFIG_AD4080=m
 CONFIG_AD4130=m
+# CONFIG_AD4134 is not set
 CONFIG_AD4170_4=m
 CONFIG_AD4695=m
 CONFIG_AD4851=m
@@ -10360,6 +10376,7 @@
 CONFIG_MAX11410=m
 CONFIG_MAX1241=m
 CONFIG_MAX1363=m
+# CONFIG_MAX14001 is not set
 CONFIG_MAX34408=m
 CONFIG_MAX77541_ADC=m
 CONFIG_MAX9611=m
@@ -10389,11 +10406,13 @@
 CONFIG_TI_ADC128S052=m
 CONFIG_TI_ADC161S626=m
 CONFIG_TI_ADS1015=m
+# CONFIG_TI_ADS1018 is not set
 CONFIG_TI_ADS1100=m
 CONFIG_TI_ADS1119=m
 CONFIG_TI_ADS124S08=m
 CONFIG_TI_ADS1298=m
 CONFIG_TI_ADS131E08=m
+# CONFIG_TI_ADS131M02 is not set
 CONFIG_TI_ADS7138=m
 CONFIG_TI_ADS7924=m
 CONFIG_TI_ADS7950=m
@@ -10427,6 +10446,7 @@
 #
 CONFIG_AD8366=m
 CONFIG_ADA4250=m
+# CONFIG_ADL8113 is not set
 CONFIG_HMC425=m
 # end of Amplifiers
 
@@ -10509,7 +10529,8 @@
 CONFIG_AD5360=m
 CONFIG_AD5380=m
 CONFIG_AD5421=m
-CONFIG_AD5446=m
+# CONFIG_AD5446_SPI is not set
+# CONFIG_AD5446_I2C is not set
 CONFIG_AD5449=m
 CONFIG_AD5592R_BASE=m
 CONFIG_AD5592R=m
@@ -10540,10 +10561,12 @@
 CONFIG_LTC2664=m
 CONFIG_M62332=m
 CONFIG_MAX517=m
+# CONFIG_MAX22007 is not set
 CONFIG_MAX5522=m
 CONFIG_MAX5821=m
 CONFIG_MCP4725=m
 CONFIG_MCP4728=m
+# CONFIG_MCP47FEB02 is not set
 CONFIG_MCP4821=m
 CONFIG_MCP4922=m
 CONFIG_TI_DAC082S085=m
@@ -10672,10 +10695,14 @@
 CONFIG_INV_ICM42600=m
 CONFIG_INV_ICM42600_I2C=m
 CONFIG_INV_ICM42600_SPI=m
+# CONFIG_INV_ICM45600_I2C is not set
+# CONFIG_INV_ICM45600_SPI is not set
 CONFIG_INV_MPU6050_IIO=m
 CONFIG_INV_MPU6050_I2C=m
 CONFIG_INV_MPU6050_SPI=m
 CONFIG_SMI240=m
+# CONFIG_SMI330_I2C is not set
+# CONFIG_SMI330_SPI is not set
 CONFIG_IIO_ST_LSM6DSX=m
 CONFIG_IIO_ST_LSM6DSX_I2C=m
 CONFIG_IIO_ST_LSM6DSX_SPI=m
@@ -10773,6 +10800,7 @@
 CONFIG_MAG3110=m
 CONFIG_HID_SENSOR_MAGNETOMETER_3D=m
 CONFIG_MMC35240=m
+# CONFIG_MMC5633 is not set
 CONFIG_IIO_ST_MAGN_3AXIS=m
 CONFIG_IIO_ST_MAGN_I2C_3AXIS=m
 CONFIG_IIO_ST_MAGN_SPI_3AXIS=m
@@ -10844,6 +10872,8 @@
 # Pressure sensors
 #
 CONFIG_ABP060MG=m
+# CONFIG_ABP2030PA_I2C is not set
+# CONFIG_ABP2030PA_SPI is not set
 CONFIG_ROHM_BM1390=m
 CONFIG_BMP280=m
 CONFIG_BMP280_I2C=m
@@ -10877,6 +10907,7 @@
 CONFIG_ZPA2326=m
 CONFIG_ZPA2326_I2C=m
 CONFIG_ZPA2326_SPI=m
+# CONFIG_ADP810 is not set
 # end of Pressure sensors
 
 #
@@ -10906,6 +10937,7 @@
 CONFIG_SRF08=m
 CONFIG_VCNL3020=m
 CONFIG_VL53L0X_I2C=m
+# CONFIG_VL53L1X_I2C is not set
 CONFIG_AW96103=m
 # end of Proximity and distance sensors
 
@@ -10987,10 +11019,12 @@
 #
 # PHY Subsystem
 #
+CONFIG_PHY_COMMON_PROPS=y
 CONFIG_GENERIC_PHY=y
 CONFIG_GENERIC_PHY_MIPI_DPHY=y
-CONFIG_USB_LGM_PHY=m
 CONFIG_PHY_CAN_TRANSCEIVER=m
+# CONFIG_PHY_GOOGLE_USB is not set
+CONFIG_USB_LGM_PHY=m
 
 #
 # PHY drivers for Broadcom platforms
@@ -10998,6 +11032,7 @@
 CONFIG_BCM_KONA_USB2_PHY=m
 # end of PHY drivers for Broadcom platforms
 
+CONFIG_PHY_INTEL_LGM_EMMC=m
 CONFIG_PHY_PXA_28NM_HSIC=m
 CONFIG_PHY_PXA_28NM_USB2=m
 CONFIG_PHY_CPCAP_USB=m
@@ -11005,7 +11040,6 @@
 CONFIG_PHY_QCOM_USB_HSIC=m
 CONFIG_PHY_SAMSUNG_USB2=m
 CONFIG_PHY_TUSB1210=m
-CONFIG_PHY_INTEL_LGM_EMMC=m
 # end of PHY Subsystem
 
 CONFIG_POWERCAP=y
@@ -11050,6 +11084,7 @@
 CONFIG_ND_PFN=m
 CONFIG_NVDIMM_PFN=y
 CONFIG_NVDIMM_DAX=y
+CONFIG_RAMDAX=m
 CONFIG_NVDIMM_KEYS=y
 # CONFIG_NVDIMM_SECURITY_TEST is not set
 CONFIG_DAX=y
@@ -11058,10 +11093,12 @@
 CONFIG_DEV_DAX_HMEM=m
 CONFIG_DEV_DAX_CXL=m
 CONFIG_DEV_DAX_HMEM_DEVICES=y
+CONFIG_DEV_DAX_FSDEV=m
 CONFIG_DEV_DAX_KMEM=m
 CONFIG_NVMEM=y
 CONFIG_NVMEM_SYSFS=y
 # CONFIG_NVMEM_LAYOUTS is not set
+# CONFIG_NVMEM_QNAP_MCU_EEPROM is not set
 CONFIG_NVMEM_RAVE_SP_EEPROM=m
 CONFIG_NVMEM_RMEM=m
 
@@ -11113,7 +11150,8 @@
 CONFIG_TEE_DMABUF_HEAPS=y
 CONFIG_OPTEE_STATIC_PROTMEM_POOL=y
 CONFIG_AMDTEE=m
-CONFIG_MULTIPLEXER=m
+CONFIG_MULTIPLEXER=y
+# CONFIG_MUX_CORE is not set
 
 #
 # Multiplexer drivers
@@ -11280,11 +11318,13 @@
 CONFIG_FAT_DEFAULT_UTF8=y
 CONFIG_EXFAT_FS=m
 CONFIG_EXFAT_DEFAULT_IOCHARSET="utf8"
+CONFIG_NTFS_FS=m
+# CONFIG_NTFS_DEBUG is not set
+# CONFIG_NTFS_FS_POSIX_ACL is not set
 CONFIG_NTFS3_FS=m
 # CONFIG_NTFS3_64BIT_CLUSTER is not set
 CONFIG_NTFS3_LZX_XPRESS=y
 CONFIG_NTFS3_FS_POSIX_ACL=y
-CONFIG_NTFS_FS=m
 # end of DOS/FAT/EXFAT/NT Filesystems
 
 #
@@ -11420,7 +11460,7 @@
 CONFIG_NFS_V3_ACL=y
 CONFIG_NFS_V4=m
 CONFIG_NFS_SWAP=y
-CONFIG_NFS_V4_1=y
+CONFIG_NFS_V4_0=y
 CONFIG_NFS_V4_2=y
 CONFIG_PNFS_FILE_LAYOUT=m
 CONFIG_PNFS_BLOCK=m
@@ -11445,7 +11485,7 @@
 CONFIG_NFSD_V4_2_INTER_SSC=y
 CONFIG_NFSD_V4_SECURITY_LABEL=y
 # CONFIG_NFSD_LEGACY_CLIENT_TRACKING is not set
-# CONFIG_NFSD_V4_DELEG_TIMESTAMPS is not set
+# CONFIG_NFSD_V4_POSIX_ACLS is not set
 CONFIG_GRACE_PERIOD=m
 CONFIG_LOCKD=m
 CONFIG_LOCKD_V4=y
@@ -11487,6 +11527,7 @@
 CONFIG_SMB_SERVER_SMBDIRECT=y
 CONFIG_SMB_SERVER_CHECK_CAP_NET_ADMIN=y
 CONFIG_SMB_SERVER_KERBEROS5=y
+CONFIG_SMBDIRECT=m
 CONFIG_SMBFS=m
 CONFIG_CODA_FS=m
 CONFIG_AFS_FS=m
@@ -11590,6 +11631,7 @@
 CONFIG_SECURITY_SELINUX_AVC_STATS=y
 CONFIG_SECURITY_SELINUX_SIDTAB_HASH_BITS=9
 CONFIG_SECURITY_SELINUX_SID2STR_CACHE_SIZE=256
+CONFIG_SECURITY_SELINUX_AVC_HASH_BITS=9
 # CONFIG_SECURITY_SELINUX_DEBUG is not set
 CONFIG_SECURITY_SMACK=y
 CONFIG_SECURITY_SMACK_BRINGUP=y
@@ -11685,18 +11727,15 @@
 # Hardening of kernel data structures
 #
 CONFIG_LIST_HARDENED=y
-# CONFIG_RUST_BITMAP_HARDENED is not set
 # CONFIG_BUG_ON_DATA_CORRUPTION is not set
 # end of Hardening of kernel data structures
 
 CONFIG_CC_HAS_RANDSTRUCT=y
 CONFIG_RANDSTRUCT_NONE=y
 # CONFIG_RANDSTRUCT_FULL is not set
-# CONFIG_RANDSTRUCT_PERFORMANCE is not set
 # end of Kernel hardening options
 # end of Security options
 
-CONFIG_XOR_BLOCKS=y
 CONFIG_ASYNC_CORE=m
 CONFIG_ASYNC_MEMCPY=m
 CONFIG_ASYNC_XOR=m
@@ -11710,7 +11749,7 @@
 CONFIG_CRYPTO_ALGAPI=y
 CONFIG_CRYPTO_ALGAPI2=y
 CONFIG_CRYPTO_AEAD=m
-CONFIG_CRYPTO_AEAD2=y
+CONFIG_CRYPTO_AEAD2=m
 CONFIG_CRYPTO_SIG=y
 CONFIG_CRYPTO_SIG2=y
 CONFIG_CRYPTO_SKCIPHER=y
@@ -11719,13 +11758,12 @@
 CONFIG_CRYPTO_HASH2=y
 CONFIG_CRYPTO_RNG=y
 CONFIG_CRYPTO_RNG2=y
-CONFIG_CRYPTO_RNG_DEFAULT=y
 CONFIG_CRYPTO_AKCIPHER2=y
 CONFIG_CRYPTO_AKCIPHER=y
 CONFIG_CRYPTO_KPP2=y
 CONFIG_CRYPTO_KPP=y
 CONFIG_CRYPTO_ACOMP2=y
-CONFIG_CRYPTO_HKDF=m
+CONFIG_CRYPTO_ACOMP=m
 CONFIG_CRYPTO_MANAGER=y
 CONFIG_CRYPTO_MANAGER2=y
 CONFIG_CRYPTO_USER=m
@@ -11748,13 +11786,13 @@
 CONFIG_CRYPTO_ECDH=y
 CONFIG_CRYPTO_ECDSA=y
 CONFIG_CRYPTO_ECRDSA=m
+# CONFIG_CRYPTO_MLDSA is not set
 # end of Public-key cryptography
 
 #
 # Block ciphers
 #
 CONFIG_CRYPTO_AES=y
-CONFIG_CRYPTO_AES_TI=m
 CONFIG_CRYPTO_ARIA=m
 CONFIG_CRYPTO_BLOWFISH=m
 CONFIG_CRYPTO_BLOWFISH_COMMON=m
@@ -11785,7 +11823,6 @@
 CONFIG_CRYPTO_PCBC=m
 CONFIG_CRYPTO_XCTR=m
 CONFIG_CRYPTO_XTS=y
-CONFIG_CRYPTO_NHPOLY1305=m
 # end of Length-preserving ciphers and modes
 
 #
@@ -11806,18 +11843,15 @@
 #
 CONFIG_CRYPTO_BLAKE2B=y
 CONFIG_CRYPTO_CMAC=m
-CONFIG_CRYPTO_GHASH=m
 CONFIG_CRYPTO_HMAC=y
 CONFIG_CRYPTO_MD4=m
 CONFIG_CRYPTO_MD5=y
-CONFIG_CRYPTO_MICHAEL_MIC=m
-CONFIG_CRYPTO_POLYVAL=m
 CONFIG_CRYPTO_RMD160=m
 CONFIG_CRYPTO_SHA1=y
 CONFIG_CRYPTO_SHA256=y
 CONFIG_CRYPTO_SHA512=y
 CONFIG_CRYPTO_SHA3=y
-CONFIG_CRYPTO_SM3_GENERIC=m
+# CONFIG_CRYPTO_SM3 is not set
 CONFIG_CRYPTO_STREEBOG=m
 CONFIG_CRYPTO_WP512=m
 CONFIG_CRYPTO_XCBC=m
@@ -11845,7 +11879,6 @@
 #
 # Random number generation
 #
-CONFIG_CRYPTO_ANSI_CPRNG=m
 CONFIG_CRYPTO_DRBG_MENU=y
 CONFIG_CRYPTO_DRBG_HMAC=y
 CONFIG_CRYPTO_DRBG_HASH=y
@@ -11856,6 +11889,7 @@
 CONFIG_CRYPTO_JITTERENTROPY_MEMORY_BLOCKSIZE=32
 CONFIG_CRYPTO_JITTERENTROPY_OSR=1
 CONFIG_CRYPTO_KDF800108_CTR=y
+CONFIG_CRYPTO_DF80090A=y
 # end of Random number generation
 
 #
@@ -11866,7 +11900,7 @@
 CONFIG_CRYPTO_USER_API_SKCIPHER=m
 CONFIG_CRYPTO_USER_API_RNG=m
 # CONFIG_CRYPTO_USER_API_RNG_CAVP is not set
-CONFIG_CRYPTO_USER_API_AEAD=m
+# CONFIG_CRYPTO_USER_API_AEAD is not set
 # CONFIG_CRYPTO_USER_API_ENABLE_OBSOLETE is not set
 # end of Userspace interface
 
@@ -11880,7 +11914,6 @@
 CONFIG_CRYPTO_CAMELLIA_AESNI_AVX2_X86_64=m
 CONFIG_CRYPTO_CAST5_AVX_X86_64=m
 CONFIG_CRYPTO_CAST6_AVX_X86_64=m
-CONFIG_CRYPTO_DES3_EDE_X86_64=m
 CONFIG_CRYPTO_SERPENT_SSE2_X86_64=m
 CONFIG_CRYPTO_SERPENT_AVX_X86_64=m
 CONFIG_CRYPTO_SERPENT_AVX2_X86_64=m
@@ -11893,11 +11926,6 @@
 CONFIG_CRYPTO_ARIA_AESNI_AVX2_X86_64=m
 CONFIG_CRYPTO_ARIA_GFNI_AVX512_X86_64=m
 CONFIG_CRYPTO_AEGIS128_AESNI_SSE2=m
-CONFIG_CRYPTO_NHPOLY1305_SSE2=m
-CONFIG_CRYPTO_NHPOLY1305_AVX2=m
-CONFIG_CRYPTO_POLYVAL_CLMUL_NI=m
-CONFIG_CRYPTO_SM3_AVX_X86_64=m
-CONFIG_CRYPTO_GHASH_CLMUL_NI_INTEL=m
 # end of Accelerated Cryptographic Algorithms for CPU (x86)
 
 CONFIG_CRYPTO_HW=y
@@ -11948,6 +11976,9 @@
 CONFIG_MODULE_SIG_KEY="certs/signing_key.pem"
 # CONFIG_MODULE_SIG_KEY_TYPE_RSA is not set
 CONFIG_MODULE_SIG_KEY_TYPE_ECDSA=y
+# CONFIG_MODULE_SIG_KEY_TYPE_MLDSA_44 is not set
+# CONFIG_MODULE_SIG_KEY_TYPE_MLDSA_65 is not set
+# CONFIG_MODULE_SIG_KEY_TYPE_MLDSA_87 is not set
 CONFIG_SYSTEM_TRUSTED_KEYRING=y
 CONFIG_SYSTEM_TRUSTED_KEYS=""
 # CONFIG_SYSTEM_EXTRA_CERTIFICATE is not set
@@ -11958,6 +11989,7 @@
 CONFIG_SYSTEM_REVOCATION_LIST=y
 CONFIG_SYSTEM_REVOCATION_KEYS=""
 CONFIG_SYSTEM_BLACKLIST_AUTH_UPDATE=y
+CONFIG_OPENSSL_SUPPORTS_ML_DSA=y
 # end of Certificates for signature checking
 
 CONFIG_CRYPTO_KRB5=m
@@ -11976,6 +12008,7 @@
 CONFIG_GENERIC_STRNLEN_USER=y
 CONFIG_GENERIC_NET_UTILS=y
 CONFIG_CORDIC=m
+CONFIG_POLYNOMIAL=m
 # CONFIG_PRIME_NUMBERS is not set
 CONFIG_RATIONAL=y
 CONFIG_GENERIC_IOMAP=y
@@ -11994,17 +12027,16 @@
 CONFIG_CRC64=y
 CONFIG_CRC64_ARCH=y
 CONFIG_CRC_OPTIMIZATIONS=y
-
-#
-# Crypto library routines
-#
 CONFIG_CRYPTO_HASH_INFO=y
 CONFIG_CRYPTO_LIB_UTILS=y
 CONFIG_CRYPTO_LIB_AES=y
+CONFIG_CRYPTO_LIB_AES_ARCH=y
 CONFIG_CRYPTO_LIB_AESCFB=y
+CONFIG_CRYPTO_LIB_AES_CBC_MACS=m
 CONFIG_CRYPTO_LIB_AESGCM=y
 CONFIG_CRYPTO_LIB_ARC4=m
-CONFIG_CRYPTO_LIB_GF128MUL=y
+CONFIG_CRYPTO_LIB_GF128MUL=m
+CONFIG_CRYPTO_LIB_BLAKE2B=y
 CONFIG_CRYPTO_LIB_BLAKE2S_ARCH=y
 CONFIG_CRYPTO_LIB_CHACHA=y
 CONFIG_CRYPTO_LIB_CHACHA_ARCH=y
@@ -12012,7 +12044,11 @@
 CONFIG_CRYPTO_LIB_CURVE25519_ARCH=y
 CONFIG_CRYPTO_LIB_CURVE25519_GENERIC=y
 CONFIG_CRYPTO_LIB_DES=m
+CONFIG_CRYPTO_LIB_GF128HASH=y
+CONFIG_CRYPTO_LIB_GF128HASH_ARCH=y
 CONFIG_CRYPTO_LIB_MD5=y
+CONFIG_CRYPTO_LIB_NH=m
+CONFIG_CRYPTO_LIB_NH_ARCH=y
 CONFIG_CRYPTO_LIB_POLY1305=y
 CONFIG_CRYPTO_LIB_POLY1305_ARCH=y
 CONFIG_CRYPTO_LIB_POLY1305_GENERIC=y
@@ -12024,9 +12060,9 @@
 CONFIG_CRYPTO_LIB_SHA256_ARCH=y
 CONFIG_CRYPTO_LIB_SHA512=y
 CONFIG_CRYPTO_LIB_SHA512_ARCH=y
-CONFIG_CRYPTO_LIB_SM3=m
-# end of Crypto library routines
-
+CONFIG_CRYPTO_LIB_SHA3=y
+CONFIG_XOR_BLOCKS=y
+CONFIG_XOR_BLOCKS_ARCH=y
 CONFIG_XXHASH=y
 # CONFIG_RANDOM32_SELFTEST is not set
 CONFIG_842_COMPRESS=m
@@ -12108,7 +12144,6 @@
 CONFIG_CPU_RMAP=y
 CONFIG_DQL=y
 CONFIG_GLOB=y
-# CONFIG_GLOB_SELFTEST is not set
 CONFIG_NLATTR=y
 CONFIG_LRU_CACHE=m
 CONFIG_CLZ_TAB=y
@@ -12136,6 +12171,7 @@
 # CONFIG_FONT_10x18 is not set
 # CONFIG_FONT_SUN8x16 is not set
 # CONFIG_FONT_SUN12x22 is not set
+# CONFIG_FONT_TER10x18 is not set
 CONFIG_FONT_TER16x32=y
 # CONFIG_FONT_6x8 is not set
 CONFIG_SG_POOL=y
@@ -12155,7 +12191,6 @@
 
 CONFIG_PLDMFW=y
 CONFIG_ASN1_ENCODER=m
-CONFIG_POLYNOMIAL=m
 CONFIG_FIRMWARE_TABLE=y
 CONFIG_UNION_FIND=y
 CONFIG_MIN_HEAP=y
@@ -12169,6 +12204,7 @@
 #
 CONFIG_PRINTK_TIME=y
 # CONFIG_PRINTK_CALLER is not set
+CONFIG_PRINTK_EXECUTION_CTX=y
 CONFIG_STACKTRACE_BUILD_ID=y
 CONFIG_CONSOLE_LOGLEVEL_DEFAULT=4
 CONFIG_CONSOLE_LOGLEVEL_QUIET=1
@@ -12178,6 +12214,7 @@
 CONFIG_DYNAMIC_DEBUG_CORE=y
 CONFIG_SYMBOLIC_ERRNAME=y
 CONFIG_DEBUG_BUGVERBOSE=y
+# CONFIG_DEBUG_BUGVERBOSE_DETAILED is not set
 # end of printk and dmesg options
 
 CONFIG_DEBUG_KERNEL=y
@@ -12198,7 +12235,6 @@
 # CONFIG_DEBUG_INFO_COMPRESSED_ZSTD is not set
 # CONFIG_DEBUG_INFO_SPLIT is not set
 CONFIG_DEBUG_INFO_BTF=y
-CONFIG_PAHOLE_HAS_SPLIT_BTF=y
 CONFIG_PAHOLE_HAS_BTF_TAG=y
 CONFIG_PAHOLE_HAS_LANG_EXCLUDE=y
 CONFIG_DEBUG_INFO_BTF_MODULES=y
@@ -12206,13 +12242,12 @@
 CONFIG_GDB_SCRIPTS=y
 CONFIG_FRAME_WARN=2048
 CONFIG_STRIP_ASM_SYMS=y
-# CONFIG_READABLE_ASM is not set
 # CONFIG_HEADERS_INSTALL is not set
-# CONFIG_DEBUG_SECTION_MISMATCH is not set
 CONFIG_SECTION_MISMATCH_WARN_ONLY=y
 CONFIG_OBJTOOL=y
 # CONFIG_OBJTOOL_WERROR is not set
 # CONFIG_DEBUG_FORCE_WEAK_PER_CPU is not set
+CONFIG_WARN_CONTEXT_ANALYSIS=y
 # end of Compile-time checks and compiler options
 
 #
@@ -12224,7 +12259,6 @@
 CONFIG_MAGIC_SYSRQ_SERIAL_SEQUENCE=""
 CONFIG_DEBUG_FS=y
 CONFIG_DEBUG_FS_ALLOW_ALL=y
-# CONFIG_DEBUG_FS_DISALLOW_MOUNT is not set
 # CONFIG_DEBUG_FS_ALLOW_NONE is not set
 CONFIG_HAVE_ARCH_KGDB=y
 # CONFIG_KGDB is not set
@@ -12304,7 +12338,7 @@
 CONFIG_LOCKUP_DETECTOR=y
 CONFIG_SOFTLOCKUP_DETECTOR=y
 CONFIG_SOFTLOCKUP_DETECTOR_INTR_STORM=y
-# CONFIG_BOOTPARAM_SOFTLOCKUP_PANIC is not set
+CONFIG_BOOTPARAM_SOFTLOCKUP_PANIC=0
 CONFIG_HAVE_HARDLOCKUP_DETECTOR_BUDDY=y
 CONFIG_HARDLOCKUP_DETECTOR=y
 # CONFIG_HARDLOCKUP_DETECTOR_PREFER_BUDDY is not set
@@ -12316,7 +12350,7 @@
 # CONFIG_BOOTPARAM_HARDLOCKUP_PANIC is not set
 CONFIG_DETECT_HUNG_TASK=y
 CONFIG_DEFAULT_HUNG_TASK_TIMEOUT=120
-# CONFIG_BOOTPARAM_HUNG_TASK_PANIC is not set
+CONFIG_BOOTPARAM_HUNG_TASK_PANIC=0
 CONFIG_DETECT_HUNG_TASK_BLOCKER=y
 # CONFIG_WQ_WATCHDOG is not set
 # CONFIG_WQ_CPU_INTENSIVE_REPORT is not set
@@ -12331,6 +12365,7 @@
 # end of Scheduler Debugging
 
 # CONFIG_DEBUG_PREEMPT is not set
+# CONFIG_DEBUG_ATOMIC is not set
 
 #
 # Lock Debugging (spinlocks, mutexes, etc...)
@@ -12355,7 +12390,6 @@
 # CONFIG_NMI_CHECK_CPU is not set
 # CONFIG_DEBUG_IRQFLAGS is not set
 CONFIG_STACKTRACE=y
-# CONFIG_WARN_ALL_UNSEEDED_RANDOM is not set
 # CONFIG_DEBUG_KOBJECT is not set
 
 #
@@ -12381,6 +12415,7 @@
 # CONFIG_RCU_CPU_STALL_NOTIFIER is not set
 # CONFIG_RCU_TRACE is not set
 # CONFIG_RCU_EQS_DEBUG is not set
+# CONFIG_RCU_DYNTICKS_TORTURE is not set
 # end of RCU Debugging
 
 # CONFIG_DEBUG_WQ_FORCE_RR_CPU is not set
@@ -12398,9 +12433,11 @@
 CONFIG_HAVE_DYNAMIC_FTRACE=y
 CONFIG_HAVE_DYNAMIC_FTRACE_WITH_REGS=y
 CONFIG_HAVE_DYNAMIC_FTRACE_WITH_DIRECT_CALLS=y
+CONFIG_HAVE_SINGLE_FTRACE_DIRECT_OPS=y
 CONFIG_HAVE_DYNAMIC_FTRACE_WITH_ARGS=y
 CONFIG_HAVE_FTRACE_REGS_HAVING_PT_REGS=y
 CONFIG_HAVE_DYNAMIC_FTRACE_NO_PATCHABLE=y
+CONFIG_HAVE_DYNAMIC_FTRACE_WITH_JMP=y
 CONFIG_HAVE_SYSCALL_TRACEPOINTS=y
 CONFIG_HAVE_FENTRY=y
 CONFIG_HAVE_OBJTOOL_MCOUNT=y
@@ -12428,6 +12465,8 @@
 CONFIG_DYNAMIC_FTRACE_WITH_REGS=y
 CONFIG_DYNAMIC_FTRACE_WITH_DIRECT_CALLS=y
 CONFIG_DYNAMIC_FTRACE_WITH_ARGS=y
+CONFIG_DYNAMIC_FTRACE_WITH_JMP=y
+# CONFIG_FUNCTION_SELF_TRACING is not set
 CONFIG_FPROBE=y
 CONFIG_FUNCTION_PROFILER=y
 CONFIG_STACK_TRACER=y
@@ -12439,6 +12478,7 @@
 CONFIG_TIMERLAT_TRACER=y
 CONFIG_MMIOTRACE=y
 CONFIG_FTRACE_SYSCALLS=y
+CONFIG_TRACE_SYSCALL_BUF_SIZE_DEFAULT=63
 CONFIG_TRACER_SNAPSHOT=y
 # CONFIG_TRACER_SNAPSHOT_PER_CPU_SWAP is not set
 CONFIG_BRANCH_PROFILE_NONE=y
@@ -12454,7 +12494,7 @@
 CONFIG_DYNAMIC_EVENTS=y
 CONFIG_PROBE_EVENTS=y
 CONFIG_BPF_KPROBE_OVERRIDE=y
-CONFIG_FTRACE_MCOUNT_USE_CC=y
+CONFIG_FTRACE_MCOUNT_USE_OBJTOOL=y
 CONFIG_TRACING_MAP=y
 CONFIG_SYNTH_EVENTS=y
 CONFIG_USER_EVENTS=y
@@ -12475,6 +12515,7 @@
 # CONFIG_KPROBE_EVENT_GEN_TEST is not set
 # CONFIG_HIST_TRIGGERS_DEBUG is not set
 # CONFIG_RV is not set
+# CONFIG_TRACE_REMOTE_TEST is not set
 # CONFIG_PROVIDE_OHCI1394_DMA_INIT is not set
 # CONFIG_SAMPLES is not set
 CONFIG_HAVE_SAMPLE_FTRACE_DIRECT=y
@@ -12521,7 +12562,6 @@
 CONFIG_RUNTIME_TESTING_MENU=y
 # CONFIG_TEST_DHRY is not set
 # CONFIG_LKDTM is not set
-# CONFIG_TEST_MIN_HEAP is not set
 # CONFIG_TEST_DIV64 is not set
 # CONFIG_TEST_MULDIV64 is not set
 # CONFIG_BACKTRACE_SELF_TEST is not set
@@ -12535,7 +12575,6 @@
 # CONFIG_TEST_HEXDUMP is not set
 # CONFIG_TEST_KSTRTOX is not set
 # CONFIG_TEST_BITMAP is not set
-# CONFIG_TEST_UUID is not set
 # CONFIG_TEST_XARRAY is not set
 # CONFIG_TEST_MAPLE_TREE is not set
 # CONFIG_TEST_RHASHTABLE is not set
@@ -12544,9 +12583,9 @@
 # CONFIG_TEST_LKM is not set
 # CONFIG_TEST_BITOPS is not set
 # CONFIG_TEST_VMALLOC is not set
+# CONFIG_TEST_WORKQUEUE is not set
 # CONFIG_TEST_BPF is not set
 # CONFIG_FIND_BIT_BENCHMARK is not set
-# CONFIG_FIND_BIT_BENCHMARK_RUST is not set
 # CONFIG_TEST_FIRMWARE is not set
 # CONFIG_TEST_SYSCTL is not set
 # CONFIG_TEST_UDELAY is not set
@@ -12571,10 +12610,9 @@
 #
 # Rust hacking
 #
-# CONFIG_RUST_DEBUG_ASSERTIONS is not set
-CONFIG_RUST_OVERFLOW_CHECKS=y
-# CONFIG_RUST_BUILD_ASSERT_ALLOW is not set
 # end of Rust hacking
 # end of Kernel hacking
 
 CONFIG_IO_URING_ZCRX=y
+CONFIG_IO_URING_BPF=y
+CONFIG_IO_URING_BPF_OPS=y
Prepared linux-cachyos-surface version 7.1.3-1-cachyos-surface
Save configuration for later reuse...
